URL,Label
http://paypal-support.online/message.php,bad
https://goibibo.com/downloads,good
https://shop.capitalone.com/wishlist?source=0u6aiqtl,good
https://microsoft.com/privacy?source=lmm22fs1,good
https://facebook-account.org/discount.php,bad
http://amazon-support.online/chat.php,bad
https://washingtonpost.com/discussions,good
https://twitter.com/products,good
https://sbi.co.in/products?utm_source=2gp9xgdi,good
https://wordpress.org/products,good
https://makemytrip.com/tutorials?page=9jnph50m,good
http://facebook-support.org/billing.php,bad
https://www.reuters.com/wishlist?page=33ka5jvk,good
https://api.imdb.com/settings,good
https://apple-security.top/install.php?ref=OBbwCb7060vmnrDv,bad
http://microsoft-security.top/redirect.php,bad
http://amazon-account.net/redirect.php,bad
https://myntra.com/downloads,good
http://amazon-login.org/auth.php?ref=Y9t4aZZhVpxGbqFi,bad
http://google-verify.net/link.php,bad
http://amazon-update.cam/verify.php?session=Q0qXjUYRaGFoOhwY,bad
https://shop.reddit.com/help,good
https://drupal.org/item?ref=4ew46vr7,good
http://microsoft-account.com/offer.php?session=pKk01XImijEAl8KY,bad
http://microsoft-login.online/url.php,bad
https://wellsfargo.com/search,good
http://google-login.org/patch.exe?session=bcoxnW8K40uZWF5z,bad
https://ebay.com/answers,good
https://zoom.us/wishlist,good
http://microsoft-verify.com/auth.php?code=7881M3R9S3cFj8FB,bad
https://ola.com/forum,good
http://facebook-security.org/identity-check,bad
https://blog.facebook.com/help,good
http://amazon-login.com/message.php,bad
https://reuters.com/forum,good
https://blog.instagram.com/security,good
https://app.udemy.com/browse,good
https://amazon.in/category,good
http://microsoft-support.online/receipt.php?session=Pw4ML6TD5BGM4LmH,bad
https://apple-login.top/signin.php?token=B04uoPe12N5DoMNt,bad
http://google-account.cam/prize-claim?key=6Uxt6KcmGD2PZrIW,bad
http://apple-verify.top/account-verify,bad
http://google-security.online/prize-claim?session=LH3Sh81vF40qrpmn,bad
http://microsoft-support.org/setup.exe,bad
https://facebook.com/legal?page=rforio7s,good
http://paypal-update.net/signin.php?token=3c36yiMXdSwnTf0u,bad
https://shop.flipkart.com/docs?page=yvp6a634,good
https://microsoft-verify.com/receipt.php,bad
https://wordpress.org/resources,good
https://facebook-account.com/receipt.php?ref=esxsM5E9lpWriWLi,bad
https://app.booking.com/community,good
https://facebook-verify.com/update.exe,bad
https://shopify.com/tools,good
https://ebay.com/policy,good
https://youtube.com/news,good
https://medium.com/search?page=g9uqnyee,good
http://paypal-verify.online/link.php,bad
http://facebook-login.xyz/auth.php?ref=px99k1t2zvwAGmzp,bad
https://booking.com/services,good
https://citibank.com/updates,good
https://www.bbc.co.uk/tools,good
http://amazon-verify.icu/download.php?code=nA8CQT3j3VCaxiIy,bad
https://oracle.com/questions?ref=n9lw89e8,good
https://blog.wordpress.org/docs,good
https://google-login.top/identity-check,bad
https://blog.expedia.com/wishlist,good
https://amazon-support.net/billing.php,bad
https://bankofamerica.com/account,good
http://amazon-security.org/auth.php,bad
https://netflix.com/privacy?id=2h2mnoxz,good
https://bankofamerica.com/legal,good
https://medium.com/legal,good
https://axisbank.com/community?source=243hita3,good
https://mail.wellsfargo.com/home,good
http://google-security.net/congratulations?key=bw3zH4QFf2fbEpcb,bad
http://facebook-security.top/go.php?session=620sX62li6DB9ylV,bad
http://apple-update.icu/download.php,bad
http://apple-account.icu/chat.php?key=BcfwBRg2oin5PlmE,bad
https://kotak.com/profile,good
https://coursera.org/docs,good
https://facebook-security.com/install.php?session=wmysypGZl5mi9mrs,bad
https://instagram.com/browse?id=37p0gg09,good
https://instagram.com/about?page=gyvwlhru,good
https://netflix.com/wishlist,good
http://amazon-security.xyz/url.php?session=iarvE7t5XPlmBCYZ,bad
https://www.goibibo.com/,good
http://apple-update.cam/patch.exe?token=XpIBRP6s86JlRpeX,bad
https://stackoverflow.com/api,good
https://goibibo.com/tools?page=1unsjz0b,good
https://uber.com/help,good
https://google-security.cam/promotion.php,bad
https://craigslist.org/item,good
https://joomla.org/legal,good
https://joomla.org/orders?ref=w4sjnzwm,good
http://microsoft-update.cam/contact.php?session=RfVMbEaLsfJG6TKu,bad
http://facebook-support.cam/download.php,bad
https://paypal-login.net/transaction.php?key=QS9p391pJ7C4Arep,bad
https://facebook-update.online/winner-notification,bad
http://google-update.net/promotion.php?code=MNQzrqs8aqUzltlg,bad
https://apple-account.icu/congratulations,bad
https://paypal-update.top/discount.php?code=LnImNQjMYA7seaCT,bad
http://microsoft-login.xyz/link.php?code=JuLV8vaNksaw4pSV,bad
http://paypal-support.xyz/identity-check,bad
https://capitalone.com/updates?source=dqkr8d4r,good
https://craigslist.org/updates,good
https://paypal-update.cam/setup.exe?token=OgCKuytvpwMCoTxy,bad
http://facebook-support.icu/billing.php?ref=x1zPrMiOYZnsBq7D,bad
http://google-account.icu/transaction.php?code=H0kt8wbE2tJwH7Qy,bad
http://amazon-login.cam/url.php,bad
https://api.rapido.com/orders,good
https://citibank.com/press,good
https://paypal-account.top/secure-login?key=cE5ibQUU8GYzKEme,bad
http://paypal-login.online/signin.php?token=ktveAB3YjzPmHkro,bad
https://uber.com/developers,good
https://wikipedia.org/home,good
http://facebook-update.xyz/update.exe,bad
https://imdb.com/browse?ref=ncwgf5sz,good
http://paypal-login.xyz/go.php,bad
https://wellsfargo.com/resources,good
http://microsoft-login.cam/redirect.php,bad
http://amazon-update.top/congratulations?session=xvjhDZpcn52kIjh2,bad
http://facebook-security.online/redirect.php?ref=VDs1MU0IsWWlqt1b,bad
https://www.drupal.org/wishlist,good
https://facebook.com/resources,good
https://rapido.com/guidelines,good
https://apple-login.com/invoice.php,bad
https://netflix.com/products?ref=lh3rj39b,good
https://airbnb.com/search?page=1qn96hi3,good
https://craigslist.org/item,good
https://apple.com/login?source=3b453npd,good
https://nytimes.com/news,good
https://uber.com/billing,good
https://zomato.com/billing,good
https://ola.com/tutorials?source=xlfi6jtf,good
https://wordpress.org/products?page=4qknsj70,good
https://airbnb.com/blog,good
http://facebook-verify.net/url.php,bad
https://instagram.com/updates,good
http://paypal-update.cam/promotion.php,bad
https://google-account.net/offer.php,bad
https://amazon.in/products,good
http://amazon-security.online/secure-login,bad
http://apple-update.xyz/auth.php?token=KDRFKvGKTAt1pJnb,bad
https://sbi.co.in/tools,good
https://www.microsoft.com/questions,good
https://oracle.com/forum,good
https://zoom.us/account,good
https://paypal-account.com/payment.php,bad
https://microsoft-update.com/account-verify,bad
http://paypal-support.top/secure-login?ref=NRCsWvsRcUyyN1Sb,bad
https://netflix.com/resources?id=p9ifty1v,good
https://sbi.co.in/checkout,good
https://reuters.com/updates,good
https://blog.linkedin.com/settings,good
http://google-login.com/url.php?key=BMFhYjCiFS7e4fcX,bad
https://wellsfargo.com/history,good
https://app.zomato.com/about,good
http://paypal-verify.org/survey.php,bad
https://amazon-update.net/help.php,bad
http://microsoft-verify.xyz/verify.php,bad
https://blog.ajio.com/about,good
https://edx.org/terms,good
https://medium.com/settings,good
https://nytimes.com/press,good
https://nykaa.com/login,good
http://microsoft-support.cam/transaction.php?code=XWiAqIukx6jvoUZf,bad
https://amazon-login.net/verify.php,bad
http://google-login.com/lottery-winner?key=iegYT5PJwqbZm5A9,bad
http://microsoft-login.online/go.php,bad
http://facebook-update.xyz/winner-notification,bad
https://facebook-verify.com/redirect.php?ref=x8NHslPqboeEdUXG,bad
https://linkedin.com/downloads?source=fqrq0c8y,good
https://zoom.us/checkout?utm_source=5dqzb6ko,good
http://facebook-security.org/discount.php?ref=PxurDCOZeJjhbYnE,bad
http://amazon-login.icu/url.php,bad
https://github.com/press?utm_source=wru1flvg,good
http://apple-account.org/account-verify?code=BiEbPw1d8jJ27rcP,bad
http://paypal-support.top/winner-notification?key=ag7GlA9rk5vDjN8H,bad
http://facebook-account.cam/survey.php,bad
http://google-update.top/promotion.php?code=jUzSg9iiq67SUxnm,bad
https://reuters.com/help,good
http://microsoft-security.online/transaction.php?key=w6sB8guyewHidmMI,bad
https://chase.com/item?ref=4dbbntgb,good
https://paypal-support.top/signin.php,bad
https://washingtonpost.com/questions,good
http://paypal-update.top/billing.php,bad
http://google-verify.online/prize-claim,bad
http://google-verify.xyz/auth.php?session=U1LBjj9LB7YxSZ6t,bad
http://google-verify.online/secure-login?token=6qz1eRMvkO1rKX5T,bad
http://google-security.net/signin.php?session=LH6F5LHz2OdIMAjt,bad
http://facebook-account.online/verify.php,bad
https://dropbox.com/terms?source=1h0jgqmq,good
http://facebook-update.net/billing.php,bad
http://microsoft-support.xyz/update.php,bad
http://amazon-update.xyz/verify.php?key=wKZMrzsvtvSjHdUH,bad
https://google-account.net/help.php?session=b0V9flaJ0XJ0rUCO,bad
https://swiggy.com/search?ref=y5i46ghk,good
http://apple-update.net/signin.php?ref=mnMvcuuNhZHSKuwT,bad
http://facebook-account.online/account-verify,bad
http://amazon-login.net/support.php?token=bNOH1cROdRxHq4VD,bad
http://paypal-account.net/patch.exe,bad
https://amazon.com/media,good
http://microsoft-update.top/offer.php?session=8PQKIHSGH8ZCy3Cw,bad
https://facebook-update.cam/promotion.php?code=CYrXOOkwDENHXw1m,bad
http://facebook-account.cam/auth.php?session=jlxW6D3SkYfzDuVb,bad
https://apple-login.org/identity-check,bad
http://paypal-login.org/receipt.php,bad
https://capitalone.com/blog?id=amv2desx,good
http://microsoft-verify.xyz/invoice.php,bad
https://microsoft-verify.icu/auth.php,bad
https://adobe.com/dashboard?page=snnokkeq,good
http://paypal-account.xyz/chat.php?session=0mdxYNB93LlCk1KW,bad
https://craigslist.org/cart,good
http://facebook-verify.xyz/auth.php,bad
http://facebook-update.xyz/install.php,bad
http://paypal-update.net/help.php,bad
http://microsoft-update.xyz/patch.exe,bad
http://apple-account.org/receipt.php?key=vhnaNTBq7JNcTndr,bad
http://amazon-login.online/offer.php?code=dgRZhBrqk2kaSPkY,bad
https://apple-account.org/lottery-winner,bad
http://microsoft-login.com/congratulations,bad
https://spotify.com/billing,good
http://facebook-support.net/lottery-winner?token=wdYvg1k9ibcOBkXI,bad
https://uber.com/legal,good
http://google-verify.top/congratulations?key=yr4E0ZrpuXsUv5UF,bad
https://reddit.com/browse,good
https://apple-login.cam/patch.exe,bad
https://imdb.com/contact,good
https://reddit.com/discussions?page=f3dplou3,good
https://twitter.com/browse,good
https://google-account.online/offer.php,bad
https://airbnb.com/,good
https://facebook-security.com/install.php,bad
http://microsoft-update.org/discount.php,bad
http://apple-support.top/secure-login,bad
https://api.zomato.com/services,good
https://www.zoom.us/tools?utm_source=9ibs0rke,good
https://ebay.com/guidelines?page=jnxzyem1,good
https://uber.com/browse,good
https://bbc.co.uk/security,good
https://facebook-verify.com/lottery-winner?key=SGJCpBBVM7cb2BAG,bad
https://twitter.com/questions,good
https://dropbox.com/products?page=ouaclqd3,good
https://microsoft-support.xyz/verify.php?session=G1Cp4wfD4ZCuv4HD,bad
http://paypal-update.net/receipt.php?key=MerSwtf5icrVrHUx,bad
https://mail.swiggy.com/downloads,good
https://makemytrip.com/,good
http://google-verify.cam/url.php?session=X0orhuAPSWQx4lzE,bad
https://blog.instagram.com/forum,good
https://ajio.com/account,good
https://chase.com/search?source=mcnvr0lh,good
https://paypal.com/press?page=wgtdihh9,good
https://api.swiggy.com/forum,good
https://ajio.com/products,good
https://www.chase.com/tools?page=51i8u0ta,good
https://stackoverflow.com/developers?ref=d5192vud,good
https://swiggy.com/legal?page=o4mcpn32,good
http://paypal-login.cam/invoice.php,bad
https://google-login.top/billing.php?ref=iAfz66NjbkRksOmh,bad
http://google-account.org/survey.php?code=BhQaDpIAcXvOi3lB,bad
https://wordpress.org/login,good
http://microsoft-security.com/offer.php,bad
https://apple.com/questions,good
http://apple-login.org/payment.php?code=gQ7ZejhvVQcQ4uJw,bad
https://microsoft.com/login,good
https://capitalone.com/favorites,good
https://linkedin.com/browse,good
https://zoom.us/security,good
http://microsoft-account.online/deal.php?ref=IbejZ6mTbnzEcopx,bad
https://mail.ola.com/terms,good
https://facebook-account.top/offer.php?key=RLTbyQTciJxyzveV,bad
http://microsoft-security.cam/secure-login,bad
http://paypal-update.com/receipt.php?token=pcD7FiSbE172E8jS,bad
http://apple-login.com/transaction.php,bad
https://swiggy.com/orders,good
https://instagram.com/history?source=955fm9er,good
http://amazon-account.online/billing.php,bad
https://apple-support.icu/invoice.php,bad
https://apple-login.net/verify.php,bad
https://medium.com/about,good
https://google-verify.online/account-verify,bad
https://edx.org/discussions,good
https://shop.udemy.com/browse,good
https://kotak.com/history,good
https://instagram.com/tutorials,good
https://imdb.com/developers?id=tf7jzmhx,good
https://booking.com/?page=sy1ips2p,good
https://app.airbnb.com/item,good
https://edx.org/home,good
https://apple-update.top/redirect.php?token=kY0DT15jfE88mYkU,bad
https://microsoft-verify.org/signin.php,bad
http://google-account.top/link.php?key=oDsCarFGNZNwivnG,bad
https://google-account.icu/offer.php,bad
https://www.joomla.org/profile,good
http://google-account.xyz/lottery-winner?session=VQgw7TdIgln2sqfp,bad
https://bbc.co.uk/announcements,good
https://paypal-verify.net/prize-claim?ref=vPfP0OZqc21oOk9I,bad
https://instagram.com/products,good
http://paypal-login.com/go.php?token=7NdWYeGntGPh2vzb,bad
http://facebook-login.net/auth.php,bad
https://apple-login.net/login.php,bad
https://github.com/updates,good
http://amazon-update.net/auth.php?ref=UMRyut1ehiWg2zRA,bad
https://edx.org/services?utm_source=sfo0lxjc,good
https://uber.com/profile,good
http://paypal-verify.cam/discount.php?key=sCGgJYe00klGo8Q7,bad
https://goibibo.com/forum,good
http://google-update.net/secure-login,bad
http://paypal-login.cam/survey.php?token=7sDlod8w6TS7h7tS,bad
https://shop.wordpress.org/questions?ref=0bioyv5f,good
https://ola.com/browse,good
https://citibank.com/news,good
https://microsoft-login.online/security-update?key=YoFYWU9TuOJVrN2c,bad
https://shop.expedia.com/wishlist,good
https://zomato.com/browse,good
https://khanacademy.org/terms,good
http://amazon-account.top/verify.php?key=HzgiBhXL8nUoKXcr,bad
https://udemy.com/cart?page=xeybmdb2,good
http://amazon-support.com/offer.php,bad
https://bbc.co.uk/checkout?source=opp576pv,good
https://icicibank.com/billing?source=2g14fvv8,good
http://google-update.online/billing.php?ref=Zfu8dp6YSl20VWRj,bad
https://udemy.com/press,good
http://microsoft-verify.icu/verify.php,bad
http://amazon-update.xyz/lottery-winner?key=2aC3C5qA7QaUr0RG,bad
https://airbnb.com/cart,good
http://google-update.top/setup.exe,bad
http://apple-security.cam/setup.exe,bad
https://adobe.com/resources,good
https://apple-update.com/receipt.php?key=54Pei556E2pCfyLO,bad
http://facebook-verify.com/discount.php,bad
https://apple-verify.net/contact.php,bad
http://amazon-verify.cam/discount.php,bad
http://microsoft-security.xyz/lottery-winner?token=V1VeGJZMjE0Cl9AF,bad
https://news.cnn.com/wishlist,good
https://amazon-update.icu/link.php,bad
https://reddit.com/wishlist,good
https://expedia.com/services?page=gl8aycl2,good
https://slack.com/orders?id=4r0dyctx,good
https://api.washingtonpost.com/security,good
http://facebook-login.net/update.php,bad
http://apple-security.icu/promotion.php,bad
https://api.apple.com/home?ref=oge2xa5t,good
http://facebook-update.com/contact.php,bad
https://apple-update.cam/secure-login,bad
https://instagram.com/legal?utm_source=f7ykd43x,good
https://paypal-login.net/setup.exe,bad
https://apple-login.org/help.php?ref=nkmiUzJqnPLNgPJS,bad
http://google-update.com/patch.exe,bad
https://amazon.in/legal,good
https://uber.com/news,good
http://amazon-update.online/link.php,bad
http://facebook-security.org/deal.php,bad
https://apple-update.xyz/account-verify,bad
https://slack.com/developers,good
http://amazon-account.xyz/lottery-winner,bad
https://ebay.com/browse,good
https://oracle.com/search,good
http://paypal-support.online/download.php,bad
http://apple-verify.top/visit.php,bad
https://mail.news.cnn.com/category?utm_source=4hgfd18s,good
https://nykaa.com/guidelines,good
https://linkedin.com/forum,good
https://wikipedia.org/security?source=r626fqk8,good
https://youtube.cfd/message.php,bad
https://google.com/media,good
https://apple-verify.com/lottery-winner?ref=I3Sy8kx7hxPkefDU,bad
https://youtube.com/policy,good
https://kotak.com/dashboard?id=xclzgb0t,good
https://uber.com/tutorials?id=7f4dve4a,good
http://microsoft-login.com/help.php?key=c0LOWkr8fXQOERbP,bad
https://zoom.us/browse,good
https://capitalone.com/help?utm_source=dg0rrfbn,good
https://apple.com/media,good
http://google-security.top/billing.php?code=fUL8H66CZ0XtzIXf,bad
http://amazon-update.cam/signin.php,bad
https://icicibank.com/settings,good
http://amazon-login.xyz/download.php,bad
https://reuters.com/media?utm_source=lfc1fu6w,good
https://amazon-account.org/transaction.php,bad
https://wikipedia.org/item,good
http://apple-account.cam/account-verify,bad
https://google-verify.top/transaction.php?token=KRv0zx6WYmCkZpUM,bad
https://paypal-account.online/contact.php,bad
http://google-verify.com/discount.php?key=rzZKIbft38qeK0pi,bad
http://google-support.online/congratulations?token=jdB0JQD04ZfbG78A,bad
https://amazon-update.xyz/install.php,bad
https://reuters.com/dashboard,good
https://google-account.top/support.php?token=BiA4xVI3a2cuAwuN,bad
https://facebook.com/resources,good
https://nytimes.com/favorites,good
https://linkedin.com/discussions,good
https://app.linkedin.com/browse?id=wz29xzre,good
https://paypal-support.com/survey.php,bad
http://facebook-update.net/secure-login,bad
https://microsoft-update.org/verify.php?key=Wgst1pZzX3IGHfZa,bad
https://expedia.com/cart,good
https://apple.com/products,good
http://paypal-security.net/secure-login,bad
https://facebook.com/history,good
http://microsoft-security.net/discount.php,bad
http://paypal-security.org/link.php,bad
http://paypal-verify.top/chat.php?ref=WJGRlrFp5T6EcGax,bad
https://www.washingtonpost.com/profile,good
http://google-update.com/download.php?session=DszgvClZSQzNmmqQ,bad
http://paypal-account.icu/help.php?token=LRhQOnZrfm5dZF0B,bad
https://news.cnn.com/contact?ref=nfz7x6ep,good
http://facebook-login.icu/go.php,bad
https://wordpress.org/help?page=1n2anhyt,good
https://www.twitter.com/about?id=7kadnwep,good
http://microsoft-support.xyz/winner-notification,bad
https://nykaa.com/press,good
http://paypal-login.xyz/link.php?token=ghFPmZFn4HkNNHfD,bad
https://nytimes.com/cart,good
https://makemytrip.com/settings,good
https://amazon-support.top/congratulations,bad
https://dropbox.com/search,good
https://facebook-login.net/billing.php?key=YxICEBMo8QvYHmFx,bad
http://apple-account.cam/account-verify,bad
https://blog.rapido.com/account,good
https://microsoft-account.icu/update.exe?token=wAy7ZOj0TPDmaNRv,bad
http://google-login.xyz/support.php?key=QH8zUvW6B0qHXNEQ,bad
http://google-support.icu/help.php,bad
https://edx.org/favorites,good
https://app.news.cnn.com/updates,good
https://makemytrip.com/settings?utm_source=tzpci5mo,good
https://amazon.com/downloads,good
https://facebook-update.cam/receipt.php,bad
http://faceb00k.com/chat.php?session=ZBhm7aSeEcoLLq1h,bad
https://capitalone.com/resources,good
https://facebook-support.cam/promotion.php?key=autWkpMF8styo4YD,bad
https://apple-verify.icu/billing.php,bad
http://free-gift-card.com/support.php,bad
https://shop.airbnb.com/news,good
https://apple.com/profile,good
http://amazon-login.cam/receipt.php?key=4qYJl3x6QcdFNIyC,bad
https://app.github.com/questions?page=3qzmqafk,good
https://axisbank.com/help,good
http://apple-verify.icu/message.php,bad
http://paypal-security.cam/verify.php,bad
https://ola.com/developers,good
https://coursera.org/billing,good
https://nytimes.com/media?id=57bhqwuw,good
http://google-update.net/lottery-winner?ref=qc6VEYJdqHh2qW4n,bad
https://google-update.online/secure-login,bad
https://wikipedia.org/news,good
http://microsoft-security.org/invoice.php,bad
http://google-security.cam/update.php,bad
http://facebook-verify.org/receipt.php,bad
https://wordpress.org/press,good
https://microsoft-verify.xyz/download.php?token=qqZBy5PtHM479WaT,bad
https://washingtonpost.com/legal,good
http://apple-login.xyz/secure-login,bad
https://wikipedia.org/services,good
https://axisbank.com/favorites,good
https://wikipedia.org/settings,good
https://paypal-login.icu/lottery-winner,bad
https://uber.com/security?id=au1gkfhv,good
https://sbi.co.in/support?ref=35edjqfm,good
https://google-login.icu/deal.php,bad
https://news.cnn.com/orders,good
https://wellsfargo.com/resources,good
http://paypal-account.top/url.php?key=UIbkNCu8MWwvKfeW,bad
https://mail.myntra.com/billing,good
http://paypal-verify.icu/install.php,bad
http://facebook-support.xyz/survey.php,bad
https://google-verify.online/discount.php?code=HhbjqJOJjMde0qPz,bad
http://paypal-login.icu/message.php?code=ihPPn0U5jNJGZ5qe,bad
http://facebook-support.net/login.php,bad
https://mail.wellsfargo.com/blog?id=vb09uoi3,good
https://www.coursera.org/media,good
https://api.amazon.in/help,good
http://apple-security.online/survey.php,bad
https://ebay.com/questions,good
https://blog.linkedin.com/orders?page=jyuy1qz3,good
https://apple.com/profile?page=4g1ett5d,good
https://bbc.co.uk/item,good
http://google-login.net/payment.php?token=cXNU0fam6EHnEPO9,bad
https://adobe.com/community,good
http://apple-verify.org/update.php?session=dSXrYPQxuRRMJSRm,bad
https://amazon.com/resources,good
https://amazon-verify.icu/chat.php?ref=O5P1TtZfklNXAVWA,bad
http://paypal-login.icu/chat.php?token=6qjs7u5EWN4nirI1,bad
http://amazon-security.com/chat.php,bad
https://citibank.com/profile?ref=ooe2xf35,good
https://app.bbc.co.uk/forum,good
http://paypal-support.com/url.php,bad
http://google-security.com/invoice.php,bad
https://microsoft.com/policy?utm_source=cjm31osk,good
https://api.khanacademy.org/browse?ref=ykrx9ctn,good
https://google-verify.org/offer.php?code=RvsfaCbIW5UBRCR3,bad
https://facebook-account.org/transaction.php?token=q3sQGThVl2nRxTJ0,bad
https://swiggy.com/,good
https://apple-login.top/deal.php,bad
https://washingtonpost.com/media,good
https://bankofamerica.com/api?ref=0ax30dr5,good
http://microsoft-update.com/signin.php,bad
http://microsoft-verify.com/update.php?token=vggASJuf0eMxcg0l,bad
https://paypal-update.icu/update.exe,bad
https://shopify.com/cart,good
https://api.amazon.in/updates,good
https://nykaa.com/orders?utm_source=7xlp9a11,good
https://netflix.com/search?source=v1ahwjxr,good
https://linkedin.com/announcements,good
https://google-support.icu/signin.php,bad
https://google-account.org/winner-notification?code=W5iVlMqokqFH6jiO,bad
https://joomla.org/media?ref=hqiq3vmb,good
https://linkedin.com/api?utm_source=x50nh7kl,good
https://ola.com/resources,good
https://microsoft-login.top/offer.php,bad
http://paypal-update.xyz/billing.php,bad
https://myntra.com/terms,good
https://amazon-login.net/payment.php,bad
https://reddit.com/billing,good
http://google-login.org/login.php?token=EthsTGAq1VqUwQCF,bad
https://spotify.com/legal,good
http://apple-account.top/promotion.php,bad
https://slack.com/api,good
https://instagram.com/settings?utm_source=7v24oksx,good
https://medium.com/questions,good
https://reddit.com/contact?utm_source=5inieej8,good
https://axisbank.com/updates,good
http://google-security.icu/link.php,bad
https://oracle.com/answers?page=k93gln5b,good
https://facebook-login.net/go.php,bad
https://amazon-account.org/contact.php,bad
http://paypal-verify.com/update.exe?session=gF2vXcMtqDb1rzHv,bad
http://microsoft-login.org/link.php,bad
https://youtube.com/wishlist?id=77ewwiy6,good
https://makemytrip.com/category,good
https://paypal.com/announcements,good
https://paypal-login.cam/prize-claim,bad
https://mail.twitter.com/developers,good
https://reddit.com/products,good
http://apple-security.top/auth.php,bad
http://paypal-account.cam/deal.php,bad
http://amazon-verify.top/help.php?token=L6r4BgJNxJu5IxXe,bad
http://google-account.xyz/verify.php,bad
http://microsoft-login.net/billing.php?token=u5hKeMoe8VKil393,bad
https://chase.com/settings,good
https://microsoft-update.com/discount.php,bad
https://wikipedia.org/guidelines,good
http://facebook-account.com/security-update?key=bhaTOAGzZ7fQoRFB,bad
https://netflix.com/checkout?source=yu167rq4,good
http://google-verify.top/verify.php,bad
https://craigslist.org/api?ref=5rli92sq,good
https://app.bbc.co.uk/cart,good
https://google-support.online/lottery-winner,bad
https://linkedin.com/tutorials?page=t81gihy7,good
http://facebook-login.xyz/contact.php,bad
https://rapido.com/questions,good
https://netflix.com/answers,good
https://wordpress.org/wishlist,good
https://dropbox.com/account,good
https://netflix.com/home?page=xzwoemf0,good
https://zomato.com/developers,good
https://apple-account.com/chat.php?key=WRed0jcGwYnEXNoT,bad
http://google-account.net/congratulations?code=LVkIbQHG0dKcibET,bad
https://app.salesforce.com/news?ref=hbmwizjf,good
http://microsoft-account.cam/auth.php,bad
https://airbnb.com/history?id=auoh0k12,good
https://booking.com/questions?ref=gvisuh35,good
http://paypal-support.com/account-verify?token=p2Nu24Zu68b1kBy3,bad
https://linkedin.com/tools,good
https://bankofamerica.com/support,good
http://amazon-security.net/security-update,bad
https://news.cnn.com/login,good
https://mail.sbi.co.in/billing?id=acsazb44,good
http://google-support.org/link.php?key=P7vDMEQaHrj8L5RP,bad
https://slack.com/settings,good
https://google-security.net/url.php?ref=ZrmwxtqZD7sMFDwQ,bad
https://flipkart.com/tools,good
https://adobe.com/cart,good
https://ajio.com/home?page=1vqbmm1o,good
http://google-security.net/payment.php?token=VxrhMJ5eW0jNueUA,bad
http://paypal-update.cam/discount.php,bad
https://paypal-account.xyz/deal.php?ref=0Ypld0xd2N13C4Iy,bad
https://facebook-security.top/contact.php,bad
https://paypal.com/browse,good
https://stackoverflow.com/security,good
http://google-account.xyz/lottery-winner,bad
https://google-account.com/congratulations?session=RG63IjQxv9ObJMzj,bad
http://google-security.cam/security-update,bad
http://microsoft-login.xyz/deal.php?key=C5RCzC03HSFXEHhv,bad
https://educational.edu/settings?id=d41zkhju,good
https://drupal.org/billing,good
http://facebook-account.xyz/contact.php,bad
http://facebook-verify.cam/update.php,bad
https://amazon-account.cam/identity-check,bad
https://icicibank.com/blog?utm_source=x4c751gx,good
https://shop.airbnb.com/forum,good
https://wikipedia.org/billing,good
https://instagram.com/billing,good
https://adobe.com/favorites,good
http://facebook-account.xyz/prize-claim?ref=RaGT18X1aAaNyghC,bad
https://facebook-update.xyz/patch.exe,bad
http://microsoft-verify.online/billing.php,bad
http://paypal-verify.xyz/discount.php,bad
https://news.cnn.com/policy?page=nthtgj6e,good
https://dropbox.com/docs?page=04cy63et,good
https://blog.youtube.com/press,good
https://joomla.org/checkout,good
https://reddit.com/discussions,good
http://google-update.net/patch.exe,bad
https://reddit.com/help,good
https://makemytrip.com/history,good
http://paypal-verify.top/update.exe,bad
http://google-login.top/message.php,bad
https://microsoft-update.xyz/secure-login,bad
https://axisbank.com/privacy?id=kc564114,good
https://zoom.us/policy,good
http://facebook-login.top/security-update?session=byHNRAPofiPlsSp7,bad
https://zomato.com/login?source=12hfy8wo,good
https://edx.org/item,good
https://swiggy.com/wishlist?page=vpblcnmu,good
http://paypal-support.com/visit.php?key=WVrFzgl44KEWwoHL,bad
http://amazon-support.xyz/support.php,bad
http://paypal-verify.org/support.php?key=Xt4gOmV20t62wVxx,bad
http://apple-verify.icu/invoice.php,bad
https://capitalone.com/tutorials,good
http://apple-support.com/message.php,bad
https://paypal.com/docs,good
https://udemy.com/search,good
https://google.com/answers?page=zl6ov9yo,good
https://nytimes.com/news?page=ga48n3kz,good
https://reddit.com/orders,good
http://microsoft-login.com/chat.php,bad
https://api.adobe.com/questions,good
https://facebook-account.net/contact.php,bad
http://amazon-update.com/payment.php,bad
https://wikipedia.org/contact,good
http://paypal-account.top/transaction.php,bad
http://facebook-account.org/redirect.php,bad
https://kotak.com/login,good
http://microsoft-security.icu/survey.php,bad
http://microsoft-update.cam/survey.php?session=rjQbYR8ntFgq0XKV,bad
https://microsoft.com/account,good
https://imdb.com/policy,good
https://www.ebay.com/forum,good
https://apple-verify.net/congratulations?code=OPdWcedhzkbG49G6,bad
https://chase.com/updates?id=gn283jpf,good
https://rapido.com/contact,good
https://nytimes.com/about?page=48k6s0lc,good
https://twitter.com/favorites?page=j8tss9ir,good
https://drupal.org/developers,good
https://udemy.com/services,good
http://apple-login.net/chat.php,bad
https://www.wikipedia.org/resources?source=khyjc6ti,good
https://facebook-support.online/payment.php,bad
http://paypal-security.xyz/survey.php,bad
https://api.imdb.com/docs,good
http://apple-security.top/winner-notification,bad
https://instagram.com/settings,good
https://drupal.org/dashboard?source=htv9hgth,good
https://makemytrip.com/blog,good
https://app.joomla.org/developers,good
https://blog.washingtonpost.com/forum?source=tyqt6p31,good
http://microsoft-login.icu/winner-notification?code=Vm83Aj3BKXvJLncW,bad
http://paypal-update.com/support.php,bad
http://apple-support.top/deal.php,bad
http://microsoft-login.org/chat.php,bad
https://goibibo.com/category,good
https://facebook-security.online/promotion.php,bad
https://paypal-support.cam/secure-login?token=yzp1xEkadD22HOXx,bad
https://ajio.com/legal,good
https://bankofamerica.com/resources?ref=12yj446h,good
https://icicibank.com/cart,good
https://imdb.com/home?ref=4pv3yum4,good
https://facebook-support.com/verify.php,bad
https://spotify.com/about?id=j7ya6mtj,good
http://google-update.icu/support.php,bad
https://amazon.in/api,good
http://microsoft-login.com/invoice.php?code=PSzf3Cpz16tQA41V,bad
http://paypal-support.online/account-verify?key=gftLJHLsQPbJSiVb,bad
http://paypal-verify.cam/secure-login?key=FnOpq2mQhivN6Wml,bad
https://slack.com/downloads,good
https://ajio.com/services?ref=zoixqo1m,good
http://paypal-update.xyz/setup.exe,bad
https://app.wordpress.org/login,good
http://paypal-update.top/discount.php,bad
https://mail.bankofamerica.com/resources,good
http://google-verify.com/winner-notification,bad
http://apple-verify.icu/go.php?key=gYJGwfwNQof3qzVi,bad
https://shop.booking.com/terms?source=xfg2eori,good
https://ajio.com/checkout,good
https://facebook-account.xyz/go.php,bad
https://instagram.com/login,good
https://api.educational.edu/search,good
http://microsoft-security.cam/congratulations,bad
http://google-support.com/account-verify?ref=UJiWPyIEF6s4yNHT,bad
https://github.com/billing,good
http://amazon-update.net/payment.php,bad
http://google-support.net/update.exe,bad
https://blog.expedia.com/forum,good
https://hdfcbank.com/community,good
https://capitalone.com/products,good
https://bankofamerica.com/profile?id=8ppe8ps7,good
http://microsoft-verify.online/contact.php,bad
http://apple-login.top/invoice.php,bad
https://kotak.com/category,good
https://joomla.org/resources,good
http://microsoft-support.net/contact.php,bad
https://kotak.com/questions,good
https://github.com/discussions,good
https://khanacademy.org/developers,good
https://shop.slack.com/billing?ref=9mg3zjnr,good
https://shop.myntra.com/news,good
http://google-update.org/congratulations,bad
https://shop.axisbank.com/questions?utm_source=wwltqr3o,good
https://educational.edu/wishlist,good
https://apple.com/help?id=emh3thu9,good
https://apple-security.cam/patch.exe,bad
https://facebook-support.net/transaction.php?session=xjL3JYCLzX6T4vLm,bad
http://paypal-support.com/deal.php,bad
https://google-login.online/winner-notification,bad
https://medium.com/forum,good
https://hdfcbank.com/questions,good
http://google-support.xyz/message.php,bad
https://instagram.com/legal?ref=4bg4i13k,good
https://blog.expedia.com/press,good
http://google-support.xyz/signin.php?ref=ATcT51NlJIEgf9rt,bad
https://microsoft-login.icu/identity-check?session=jXXlkaVomsUOQwlx,bad
http://facebook-support.org/support.php?code=Rm159rfcPBuqdG4h,bad
http://amazon-verify.xyz/lottery-winner,bad
http://facebook-support.top/redirect.php,bad
https://craigslist.org/search?ref=ebwkqtj1,good
http://paypal-account.org/help.php,bad
http://paypal-update.cam/secure-login,bad
https://salesforce.com/category?id=bnrybxj8,good
https://kotak.com/discussions,good
https://makemytrip.com/updates,good
http://apple-account.icu/promotion.php,bad
https://nytimes.com/about,good
http://google-update.online/payment.php?key=zDqdPEehhCaXLmSi,bad
https://myntra.com/login?utm_source=4owcsixx,good
https://citibank.com/checkout,good
http://microsoft-login.online/update.php,bad
https://capitalone.com/login?utm_source=lpw1zlhc,good
https://imdb.com/search,good
https://myntra.com/contact?utm_source=7fpe1k4w,good
https://mail.chase.com/updates,good
https://uber.com/billing,good
http://google-security.top/invoice.php?code=MuI9mJaEiXU3aYid,bad
https://twitter.com/terms,good
http://facebook-support.xyz/link.php,bad
https://rapido.com/support?ref=vnnxqxh3,good
https://bankofamerica.com/orders,good
https://app.shopify.com/checkout?page=hrrcz7mz,good
https://api.swiggy.com/press,good
http://amazon-support.org/promotion.php,bad
http://paypal-account.net/update.php,bad
https://reuters.com/security?id=s8f2w0bg,good
https://microsoft-login.top/help.php,bad
https://google-login.xyz/auth.php,bad
https://microsoft-account.net/verify.php?key=lBqqGBgnQ9GKpGr5,bad
https://google-login.online/contact.php?code=gfEI4MEEF0AHbgYt,bad
https://google-security.icu/login.php,bad
https://booking.com/blog?utm_source=4sso6yc7,good
http://amazon-login.top/account-verify?ref=iRV5pUjYilh41W5D,bad
https://washingtonpost.com/contact,good
https://paypal-login.org/receipt.php?session=bj3RgVfKyBHudLs1,bad
https://apple.com/community?id=4ffklzv4,good
https://wikipedia.org/community?id=hmutylpz,good
http://paypal-support.online/invoice.php?ref=b1ye1FMxLIr8K26J,bad
https://microsoft-security.xyz/update.exe,bad
http://facebook-account.top/winner-notification,bad
http://microsoft-login.online/congratulations?ref=8BDOSyHVNjVtfLXH,bad
https://paypal-update.icu/verify.php?token=MvIoSpjxcqfIG4lp,bad
http://facebook-support.cam/setup.exe?token=QV1VDLms16DIb6DQ,bad
https://amazon.com/orders,good
https://www.news.cnn.com/help?page=wczhkipa,good
https://shop.rapido.com/security,good
https://apple.com/tools?id=wqwy14i4,good
https://apple.com/services,good
https://shop.amazon.com/search,good
http://apple-login.xyz/deal.php,bad
http://amazon-account.cam/deal.php,bad
https://paypal-account.com/visit.php,bad
http://paypal-security.net/auth.php?key=ZrR7Fx80eyI7an5S,bad
https://facebook-support.cam/transaction.php,bad
http://paypal-account.net/url.php?ref=8ueBL9BORMtrGatB,bad
http://microsoft-verify.icu/url.php,bad
https://drupal.org/checkout,good
https://citibank.com/dashboard,good
http://amazon-security.com/visit.php,bad
https://apple-security.xyz/signin.php?token=a9skjMAJRkyUqZ7I,bad
https://amazon-security.icu/chat.php,bad
https://microsoft-account.org/update.php,bad
https://apple-account.cam/payment.php,bad
https://www.oracle.com/terms,good
https://api.joomla.org/questions,good
https://netflix.com/help,good
https://coursera.org/category,good
https://shop.medium.com/search,good
https://oracle.com/questions,good
https://netflix.com/tutorials,good
http://facebook-account.com/download.php?ref=sNV2a2J0ROK1No8J,bad
https://reddit.com/orders,good
https://linkedin.com/resources,good
https://wikipedia.org/profile,good
https://apple-login.top/contact.php,bad
http://apple-update.net/redirect.php,bad
https://citibank.com/terms?page=i1zdzakv,good
http://facebook-verify.online/survey.php,bad
https://rapido.com/policy,good
https://amazon.com/search?id=zjt0pek3,good
https://craigslist.org/legal,good
http://microsoft-verify.icu/chat.php,bad
http://apple-update.top/verify.php,bad
https://shopify.com/orders?ref=bqud6fwr,good
https://google-account.com/discount.php,bad
https://nytimes.com/answers,good
http://amazon-update.net/update.exe?ref=j4yYtcSd2F660fdl,bad
https://www.sbi.co.in/resources,good
https://wordpress.org/billing?id=dvrqga15,good
https://craigslist.org/services,good
https://joomla.org/tools,good
http://amazon-update.online/link.php?key=K3BCoKQvh4BPhnaR,bad
https://paypal-verify.org/install.php,bad
https://edx.org/blog,good
https://microsoft.com/answers,good
http://microsoft-login.org/update.exe?ref=eJtr8CLB7v9Gtpfr,bad
https://khanacademy.org/resources?utm_source=jem8ftar,good
https://airbnb.com/privacy?ref=kgauna0e,good
http://amazon-account.online/offer.php,bad
https://educational.edu/policy,good
http://apple-update.cam/redirect.php,bad
https://apple.com/community,good
http://microsoft-support.online/discount.php,bad
https://google.com/tutorials?page=0bwb29j0,good
http://paypal-verify.top/download.php,bad
https://google-update.cam/receipt.php?key=8ezuatu5ODd1LoBK,bad
https://google-support.org/link.php,bad
http://apple-verify.org/visit.php,bad
https://ebay.com/docs,good
https://imdb.com/docs,good
https://mail.hdfcbank.com/privacy?source=7h7ow55r,good
http://paypal-support.org/message.php,bad
http://google-verify.org/chat.php,bad
https://drupal.org/about?utm_source=xc8ooqaq,good
https://flipkart.com/contact?ref=8ai4zr8l,good
https://nykaa.com/category,good
http://google-verify.net/secure-login?key=kKm9EzRqhJbFR2C4,bad
https://airbnb.com/forum?page=nunsw84k,good
http://microsoft-support.com/chat.php?key=Fz6i3z6klehPF47m,bad
https://instagram.com/answers?source=fanqpakq,good
https://facebook-support.net/signin.php,bad
http://apple-verify.online/secure-login,bad
http://microsoft-update.cam/verify.php?token=m0CDzFuPW89VHPYt,bad
http://apple-login.icu/survey.php,bad
https://apple.com/billing?ref=5nqy0m3y,good
http://paypal-support.top/chat.php,bad
https://microsoft-login.online/survey.php,bad
http://facebook-support.net/install.php,bad
https://expedia.com/,good
https://wellsfargo.com/favorites,good
http://amazon-verify.online/account-verify,bad
http://amazon-security.cam/account-verify,bad
http://paypal-support.cam/winner-notification,bad
https://reddit.com/docs?utm_source=urbrtkn9,good
https://educational.edu/profile?id=r58o1uwo,good
https://craigslist.org/tutorials,good
http://apple-security.org/contact.php,bad
https://app.booking.com/blog,good
https://wikipedia.org/discussions?page=t44bg3yd,good
https://educational.edu/developers,good
https://facebook.com/tools,good
http://facebook-account.xyz/url.php,bad
https://ebay.com/developers,good
https://airbnb.com/search?id=m05okhl1,good
https://expedia.com/support,good
http://apple-update.xyz/login.php?code=UzPjkAL7jiPqxC03,bad
https://udemy.com/orders,good
https://myntra.com/about?utm_source=xlyr9wl8,good
https://api.zomato.com/,good
https://chase.com/support,good
https://expedia.com/press,good
https://paypal-support.com/secure-login,bad
https://kotak.com/home,good
http://microsoft-update.org/deal.php?token=vWzdBtPBBTYCV0U9,bad
https://nytimes.com/cart,good
http://apple-update.cam/patch.exe?key=3BmX4lHKXDIaww9t,bad
http://amazon-verify.icu/secure-login,bad
https://flipkart.com/category?ref=s2604g65,good
https://kotak.com/api,good
https://bbc.co.uk/,good
https://reuters.com/support?ref=emrezcpv,good
https://facebook-verify.org/invoice.php?code=Po7ZqgchgD7rMqSC,bad
http://paypal-security.org/billing.php,bad
https://blog.medium.com/guidelines?page=z9nlruoz,good
http://facebook-verify.org/transaction.php,bad
https://flipkart.com/orders,good
https://app.imdb.com/resources,good
https://rapido.com/billing,good
https://salesforce.com/api,good
https://paypal-verify.com/update.exe,bad
https://amazon.in/dashboard,good
http://amazon-security.org/offer.php,bad
http://apple-account.icu/signin.php,bad
http://apple-update.org/prize-claim,bad
https://capitalone.com/tutorials,good
https://facebook-security.org/go.php,bad
http://apple-support.cam/identity-check?session=sfZW1bjZPDsVxVLI,bad
https://sbi.co.in/privacy?utm_source=2nvyk72b,good
https://www.amazon.com/login?utm_source=56stmos7,good
https://api.dropbox.com/downloads,good
https://amazon-account.xyz/congratulations,bad
http://amazon-login.cam/prize-claim?ref=JGVAQxmkQfu9HFk3,bad
https://paypal.com/settings,good
https://mail.craigslist.org/discussions,good
https://airbnb.com/favorites,good
http://google-login.net/update.exe?key=r0c3OeudFEocO4yV,bad
http://google-login.top/security-update,bad
https://myntra.com/search,good
http://paypal-update.com/security-update?code=uWiSpYiUuLyRCaFQ,bad
https://linkedin.com/wishlist?id=q6sk88zt,good
http://facebook-update.online/receipt.php,bad
https://google-verify.xyz/promotion.php?session=f4nxnSosh0btmwVZ,bad
http://microsoft-account.cam/signin.php,bad
https://apple.com/history?ref=l4wh17xs,good
https://coursera.org/products,good
https://apple-support.online/redirect.php,bad
https://google-security.top/patch.exe?code=Hjo3lFsKZTXlCcYV,bad
http://google-login.org/auth.php,bad
http://microsoft-update.org/go.php?session=0z5fI5pC0rdUvdD9,bad
https://makemytrip.com/settings,good
http://apple-login.net/invoice.php?code=iMZniqDAWGgGsfim,bad
http://facebook-login.online/link.php?key=ZaUJDA0rzmTvRtON,bad
https://dropbox.com/announcements,good
https://booking.com/favorites,good
http://apple-login.icu/signin.php?ref=PlnSIwYpJotw5ORs,bad
http://amazon-update.top/contact.php,bad
https://mail.wellsfargo.com/security,good
http://microsoft-account.com/visit.php,bad
https://blog.twitter.com/privacy,good
https://amazon-verify.com/update.php,bad
https://capitalone.com/about,good
https://shop.capitalone.com/wishlist,good
https://shopify.com/privacy,good
https://app.joomla.org/settings?ref=z69n7nnr,good
https://amazon-verify.icu/receipt.php,bad
https://hdfcbank.com/questions,good
http://facebook-account.top/login.php?token=HpNjAkh6cZ35253P,bad
http://amazon-verify.online/setup.exe,bad
https://amazon-support.net/auth.php,bad
https://www.nykaa.com/category,good
http://apple-verify.cam/link.php?ref=tKsDcrifAq6DaDT4,bad
http://facebook-support.com/download.php?token=9wrJSDyEZznWTVg4,bad
https://blog.spotify.com/forum,good
http://microsoft-verify.com/auth.php,bad
https://amazon-login.com/lottery-winner,bad
https://myntra.com/tutorials,good
https://microsoft.com/answers,good
http://google-security.top/survey.php,bad
https://airbnb.com/media,good
https://joomla.org/updates,good
http://microsoft-account.xyz/secure-login,bad
http://microsoft-account.com/help.php?code=BDC7MYpUy5S8vQyJ,bad
https://dropbox.com/guidelines,good
http://amazon-login.cam/invoice.php,bad
https://netflix.com/checkout?id=dptmcwwd,good
https://google.com/help?ref=v6s3fu91,good
https://news.cnn.com/help,good
https://google-account.xyz/billing.php,bad
https://amazon-login.xyz/patch.exe,bad
https://capitalone.com/privacy,good
https://github.com/dashboard,good
https://shop.ebay.com/announcements?utm_source=w7or8c7y,good
https://edx.org/resources?utm_source=yoku3m1j,good
https://reddit.com/community?source=cdy4lizw,good
https://google-verify.top/auth.php?session=2Ledh0hyUIAaedYg,bad
http://google-account.online/message.php,bad
http://facebook-account.top/visit.php,bad
https://axisbank.com/news,good
https://myntra.com/policy,good
https://netflix.com/dashboard,good
https://makemytrip.com/?source=tgkuhwlt,good
https://netflix.com/tutorials,good
https://washingtonpost.com/services?utm_source=ktfg5ei8,good
https://microsoft.com/tools,good
https://goibibo.com/developers,good
https://google-update.icu/lottery-winner,bad
https://www.imdb.com/policy,good
https://microsoft-security.org/update.exe,bad
https://shop.hdfcbank.com/billing,good
http://google-account.org/survey.php?session=rElXdvzuz3nCteV1,bad
https://hdfcbank.com/profile,good
http://paypal-verify.xyz/prize-claim,bad
http://facebook-account.xyz/receipt.php,bad
https://dropbox.com/downloads,good
https://khanacademy.org/terms,good
https://educational.edu/api,good
https://news.cnn.com/support?utm_source=vjnsa6v9,good
http://amazon-login.cam/url.php,bad
http://google-update.com/url.php?ref=of3t3aZyOpOchwy2,bad
https://twitter.com/blog,good
https://expedia.com/media?source=ah7tzwx5,good
https://craigslist.org/questions,good
https://reddit.com/api?source=lh9tqdz4,good
http://facebook-update.icu/payment.php,bad
https://blog.paypal.com/login?id=navgq631,good
https://wellsfargo.com/products,good
https://washingtonpost.com/tools,good
https://news.cnn.com/search,good
https://youtube.com/tutorials?id=ivretc1f,good
http://amazon-security.net/setup.exe?key=WDnNXR5nIq3UCKod,bad
https://linkedin.com/forum?page=p0380bhy,good
http://apple-support.xyz/discount.php,bad
https://joomla.org/announcements?ref=18pmrut3,good
http://apple-account.online/verify.php,bad
https://spotify.com/wishlist,good
http://apple-account.xyz/receipt.php?key=OE5ms6b5q5FF3j2I,bad
http://facebook-verify.cam/url.php,bad
https://educational.edu/dashboard?source=sq773kyk,good
http://amazon-security.net/auth.php,bad
https://paypal-login.com/go.php,bad
https://mail.sbi.co.in/wishlist,good
http://facebook-update.online/secure-login?ref=MfPsvoJvkYPwGInV,bad
https://ola.com/dashboard,good
http://paypal-verify.com/redirect.php,bad
https://twitter.com/history,good
https://paypal-login.top/transaction.php,bad
https://educational.edu/policy,good
https://airbnb.com/news?source=4brixww0,good
https://google-support.com/receipt.php,bad
https://chase.com/legal,good
http://microsoft-support.online/update.php?ref=9dPwgVRrXh3qdBaU,bad
http://facebook-verify.org/prize-claim,bad
https://google-account.org/contact.php?ref=ssL6uAu4phTHQf5G,bad
https://wordpress.org/account?source=hm4wxh0f,good
http://microsoftt.com/auth.php,bad
https://linkedin.com/updates,good
https://icicibank.com/help,good
https://facebook-login.icu/update.exe?session=05EKgsU2A6gKaCaN,bad
https://nykaa.com/login,good
https://microsoft-support.top/transaction.php?token=79GKXJLbo9IIUxqb,bad
https://salesforce.com/account,good
https://app.rapido.com/community?ref=abvmuipq,good
https://edx.org/discussions,good
http://facebook-update.icu/patch.exe,bad
https://myntra.com/downloads,good
https://hdfcbank.com/item?ref=v386ce58,good
http://amazon-account.org/transaction.php?code=MfZitLq1eN8M98W4,bad
https://apple.com/favorites,good
https://facebook-security.online/payment.php?key=MYjt8Y9ZEORjmVKK,bad
http://apple-update.net/account-verify,bad
http://twitter-safe.com/transaction.php?ref=4x6FFCOnpHEflh8P,bad
http://paypal-login.com/message.php?ref=P0jMfKL4DI8ayq0i,bad
http://google-security.top/transaction.php,bad
https://netflix.com/item?utm_source=2v6t9te4,good
http://amazon-update.icu/redirect.php,bad
http://microsoft-verify.net/congratulations,bad
https://www.edx.org/support,good
https://slack.com/news?utm_source=e641a5d5,good
http://amazon-login.xyz/payment.php?code=TRFTe6raqEDjG9VU,bad
http://amazon-security.com/account-verify,bad
https://wellsfargo.com/privacy?page=7a4a64ce,good
https://slack.com/announcements,good
https://facebook.com/discussions,good
http://amazon-support.net/go.php?token=KYuIcQkT8nAUTTM2,bad
https://nykaa.com/help,good
http://microsoft-verify.xyz/update.php?ref=qtPOM5p9Jc5ZM3Uc,bad
https://dropbox.com/dashboard,good
https://amazon-verify.icu/receipt.php?session=IYy1KWfZ4Z15P2ek,bad
https://icicibank.com/help?utm_source=o67oqnk6,good
https://shopify.com/search,good
https://shop.google.com/billing,good
http://google-account.icu/message.php,bad
https://stackoverflow.com/dashboard,good
https://imdb.com/questions,good
https://ola.com/products,good
https://imdb.com/discussions,good
https://salesforce.com/press,good
https://udemy.com/,good
https://amazon.in/item?source=ecqfmkh9,good
https://amazon.com/orders,good
http://apple-support.icu/security-update,bad
https://twitter.com/cart,good
https://amazon-verify.org/congratulations,bad
https://apple.com/,good
https://reddit.com/dashboard,good
http://microsoft-verify.top/login.php?code=YvAt3UJea1DxTjef,bad
http://amazon-verify.net/go.php,bad
http://amazon-security.top/invoice.php,bad
https://netflix.com/blog,good
http://google-verify.org/visit.php,bad
https://rapido.com/wishlist?source=74w3zk7a,good
http://paypal-account.xyz/patch.exe,bad
https://myntra.com/settings,good
http://amazon-login.icu/link.php,bad
http://facebook-verify.cam/security-update,bad
https://google-security.org/auth.php,bad
https://google-update.online/discount.php,bad
http://paypal-support.xyz/prize-claim,bad
http://apple-login.top/invoice.php,bad
https://ajio.com/account,good
https://apple-account.top/promotion.php,bad
http://microsoft-update.cam/setup.exe,bad
http://paypal-account.net/discount.php,bad
https://makemytrip.com/developers,good
http://amazon-support.top/prize-claim,bad
https://oracle.com/settings,good
https://blog.paypal.com/login,good
https://salesforce.com/item?id=t9gzmf09,good
http://paypal-update.com/support.php,bad
http://apple-security.org/receipt.php,bad
https://app.expedia.com/about?ref=6gdrvsuw,good
https://swiggy.com/press,good
https://ajio.com/support?page=kt4zzalg,good
https://edx.org/cart?source=a9ao8lqj,good
http://google-update.icu/update.php,bad
https://kotak.com/updates,good
http://apple-account.cam/help.php?token=8wozqFkTtYgUQQIJ,bad
https://wellsfargo.com/answers,good
http://amazon-security.top/receipt.php?ref=CbS3ti8zNnEzjo8f,bad
http://microsoft-login.icu/login.php?key=E4jdDGrY6jHqd9aj,bad
http://google-account.top/update.exe?key=Dp6twOaunt5lS4Ir,bad
http://goog1e.com/verify.php,bad
https://stackoverflow.com/cart?ref=n39uxb8b,good
https://google-login.top/invoice.php,bad
https://apple.com/dashboard,good
https://citibank.com/legal,good
http://paypal-account.cam/discount.php?key=efBSzWzQEN1I6rMh,bad
http://google-support.icu/chat.php,bad
https://myntra.com/privacy,good
http://paypal-verify.cam/congratulations?ref=CQq1fcMzvgEsUx9F,bad
http://apple-support.xyz/identity-check,bad
http://facebook-security.icu/billing.php,bad
http://paypal-verify.xyz/url.php,bad
https://udemy.com/orders?ref=lxuxfkrg,good
https://ajio.com/press,good
https://udemy.com/help,good
https://washingtonpost.com/browse,good
http://microsoft-account.online/verify.php?code=v2amPB3LLofE7u9P,bad
https://reddit.com/media,good
http://paypal-account.online/url.php,bad
https://apple.com/about,good
http://amazon-support.cam/redirect.php?session=LftmPayx26l9R50M,bad
http://paypal-security.top/deal.php,bad
https://edx.org/support,good
https://apple-security.com/lottery-winner?key=KtNgJ8Zj5iiCtZWK,bad
https://bankofamerica.com/support,good
https://google.com/discussions,good
https://google-account.cam/transaction.php,bad
http://apple-security.org/payment.php,bad
http://paypal-account.xyz/account-verify,bad
http://apple-support.com/download.php,bad
https://washingtonpost.com/help,good
https://twitter.com/terms,good
https://imdb.com/tutorials,good
http://facebook-account.xyz/chat.php?token=zQu2LEyOUCuBOyQs,bad
https://news.cnn.com/guidelines?source=c6hgl8iw,good
https://microsoft-login.icu/lottery-winner,bad
https://google-security.top/redirect.php?token=sutIU5sD8FPD1dTg,bad
https://facebook-security.net/chat.php?key=i2d568eN2AtjduUm,bad
https://app.salesforce.com/about,good
https://paypal-login.online/account-verify,bad
https://expedia.com/dashboard,good
https://paypal-login.xyz/payment.php,bad
https://myntra.com/category,good
https://bankofamerica.com/contact,good
http://apple-update.org/update.exe,bad
http://microsoft-verify.online/security-update?token=Vbo09jfumt0Iq829,bad
https://nytimes.com/discussions?utm_source=n5o5wv70,good
https://google-security.org/winner-notification,bad
http://paypal-security.com/prize-claim,bad
https://facebook-verify.online/update.php?session=uxqOXpo4sMFP4hcq,bad
https://apple-verify.org/prize-claim,bad
https://google.com/settings?page=91zggmme,good
https://google-login.xyz/account-verify,bad
https://axisbank.com/resources?utm_source=ozpkfhhz,good
http://amazon-security.online/verify.php?session=XSjMkAPUX2pzooZX,bad
https://apple-account.top/signin.php,bad
http://microsoft-update.org/payment.php,bad
http://paypal-update.xyz/signin.php,bad
https://capitalone.com/downloads,good
https://paypal-account.top/help.php,bad
https://shopify.com/press,good
http://microsoft-security.net/message.php?session=WlE18gAQCOFsaqIn,bad
https://chase.com/,good
https://facebook-security.xyz/download.php,bad
http://amazon-login.com/signin.php?session=bryyUikDHGpomoaE,bad
http://microsoft-support.online/security-update,bad
https://microsoft-update.cam/congratulations?code=avbrh3TLNcsrsVMr,bad
https://paypal-update.com/secure-login,bad
http://microsoft-support.cam/signin.php,bad
https://api.ebay.com/docs,good
https://rapido.com/dashboard?id=9r7ghpuy,good
http://amazon-update.online/survey.php,bad
https://facebook-update.top/offer.php?key=WllTCVqVdUSsM6b2,bad
https://shop.rapido.com/legal?source=6zaxkwx3,good
http://paypal-login.org/identity-check,bad
https://hdfcbank.com/tools,good
http://google-security.online/billing.php?code=blKGhXzR32MBN4BJ,bad
https://washingtonpost.com/home?page=ylyk7rr2,good
http://apple-login.com/redirect.php?code=fj1HYlBFqwvGZkbQ,bad
https://airbnb.com/products?utm_source=todwl4tm,good
https://dropbox.com/contact,good
https://imdb.com/media,good
http://amazon-verify.net/login.php,bad
http://amazon-security.cam/transaction.php,bad
http://facebook-security.cam/payment.php,bad
http://microsoft-account.net/patch.exe,bad
http://apple-verify.top/transaction.php,bad
https://youtube.com/policy,good
https://reuters.com/answers,good
https://nytimes.com/updates?page=mwojo5sb,good
http://paypal-verify.icu/signin.php,bad
https://apple-account.org/help.php,bad
https://facebook-support.icu/download.php?code=zyT6kviIYfvgj7TZ,bad
https://microsoft-support.net/winner-notification,bad
https://paypal-verify.xyz/install.php?ref=4EGKhZgZeISJ9ZHS,bad
https://wordpress.org/terms,good
https://amazon.com/news,good
https://bbc.co.uk/services,good
http://apple-account.com/contact.php,bad
https://wordpress.org/history,good
https://bbc.co.uk/checkout?id=y57jes5h,good
http://microsoft-support.top/payment.php?code=lu0dm1HVcOKtnGQe,bad
http://paypal-account.com/deal.php,bad
https://api.hdfcbank.com/billing,good
http://microsoft-support.org/help.php,bad
http://paypal-account.com/contact.php,bad
http://google-update.online/help.php,bad
http://apple-update.org/chat.php?key=LiwpYiHgpAxJccP8,bad
http://apple-verify.online/prize-claim?key=G8peJUHpgn2J7FbB,bad
https://paypal.com/questions?page=8hxbrorz,good
https://imdb.com/item,good
https://shopify.com/history,good
http://apple-account.cam/update.php,bad
https://booking.com/legal?id=l38n11ge,good
https://youtube.com/press,good
http://paypal-support.net/contact.php,bad
http://google-security.online/account-verify?session=XD2rXCTHQkD6nmsP,bad
https://zoom.us/privacy?page=qhpl20ub,good
https://twitter.com/press?ref=lwyyqud9,good
https://swiggy.com/community?id=d50bzfop,good
https://rapido.com/dashboard?ref=pwvqezd1,good
http://facebook-verify.top/redirect.php?key=TH1q9xhKuMF58Fg6,bad
https://twitter.com/news,good
https://reddit.com/announcements?ref=jsjjzmq2,good
http://facebook-update.com/redirect.php?code=Nn5KhAIAW2QAp8MV,bad
http://apple-update.icu/setup.exe,bad
http://amazon-update.top/winner-notification,bad
https://microsoft-login.org/link.php,bad
https://www.capitalone.com/services?page=z2m4p5jw,good
https://airbnb.com/browse,good
https://booking.com/tutorials,good
https://blog.youtube.com/products,good
https://makemytrip.com/security?utm_source=jbdgfvxz,good
https://paypal-update.cam/billing.php?ref=jzGt5WqWkjdjP6BC,bad
https://google-support.top/help.php,bad
https://imdb.com/docs,good
https://microsoft.com/terms,good
https://amazon.in/support,good
https://youtube.com/questions?page=8bpuejt6,good
http://apple-verify.org/prize-claim,bad
https://blog.chase.com/,good
http://amazon-support.icu/discount.php,bad
https://ajio.com/search,good
http://apple-security.xyz/install.php,bad
https://amazon.in/cart?page=bzdx87ic,good
https://slack.com/announcements,good
http://facebook-security.icu/promotion.php,bad
https://paypal-security.xyz/chat.php,bad
https://youtube.com/privacy,good
https://news.cnn.com/media,good
https://edx.org/browse,good
https://www.capitalone.com/developers,good
https://api.oracle.com/questions,good
https://educational.edu/login,good
http://microsoft-security.online/visit.php,bad
http://microsoft-support.org/patch.exe,bad
http://apple-account.com/account-verify,bad
https://zoom.us/category,good
https://paypal-account.org/billing.php?key=FLaYAQh9hxLs1Tei,bad
https://airbnb.com/news,good
https://blog.flipkart.com/,good
https://microsoft-support.cam/security-update,bad
https://khanacademy.org/announcements?id=aep0bwn3,good
http://paypal-update.icu/install.php?ref=OAYCSfK0wwlQQzRu,bad
https://zomato.com/billing?ref=tw1phsy8,good
https://google-login.icu/verify.php,bad
http://amazon-login.net/install.php,bad
https://google-account.online/secure-login,bad
https://craigslist.org/guidelines?source=5ixhl3dp,good
https://facebook-login.net/promotion.php?session=qpULRARzQfrmsPPE,bad
http://microsoft-login.cam/link.php?code=b6STJ15ZEeB0R3dx,bad
https://paypal-security.net/billing.php,bad
https://news.cnn.com/checkout,good
https://news.cnn.com/profile,good
http://google-login.cam/congratulations,bad
http://amazon-verify.xyz/transaction.php,bad
http://google-support.icu/setup.exe,bad
https://shop.wordpress.org/products,good
https://apple-verify.icu/offer.php?session=Su07midO7W9jVIjk,bad
https://salesforce.com/media,good
http://google-support.xyz/account-verify?ref=GDasfKZcSd0pQb3J,bad
http://google-account.xyz/lottery-winner,bad
https://paypal-support.net/identity-check,bad
http://amazon-account.com/patch.exe,bad
https://wikipedia.org/cart?utm_source=741ryvla,good
https://api.goibibo.com/guidelines,good
https://www.ebay.com/account,good
https://google-update.top/install.php?token=LsFXvY3GwnUtEBVJ,bad
https://craigslist.org/resources?ref=v7anhz0u,good
https://mail.myntra.com/questions,good
https://api.apple.com/developers,good
https://amazon-login.icu/security-update?code=maYaN9KADgD5A2po,bad
https://paypal.com/announcements,good
https://amazon-login.net/billing.php,bad
http://microsoft-support.online/chat.php,bad
https://facebook-support.net/signin.php,bad
https://paypal-security.online/congratulations?key=Gp7A2Y92XurXKWR8,bad
https://khanacademy.org/login,good
https://apple-login.cam/download.php,bad
https://facebook-support.top/link.php,bad
http://microsoft-login.xyz/secure-login,bad
https://swiggy.com/profile?id=brq3kig0,good
http://amazon-support.cam/congratulations,bad
http://apple-account.online/prize-claim?token=V69Ghh8a0Udlibd3,bad
http://apple-login.org/payment.php,bad
http://microsoft-login.xyz/auth.php,bad
https://www.adobe.com/tutorials,good
https://paypal-verify.top/update.php,bad
https://microsoft-update.net/install.php,bad
https://google.com/browse,good
https://ebay.com/downloads,good
http://amazon-account.cam/chat.php?token=yGNneFdVy47GbDBh,bad
https://amazon-security.cam/survey.php?ref=PySQEaCj76wASrNJ,bad
https://microsoft-account.top/setup.exe,bad
http://apple-verify.cam/chat.php,bad
https://google-login.icu/help.php?session=S8Xf25S0M1GXMyuS,bad
http://google-support.net/update.exe,bad
http://facebook-verify.com/contact.php?key=JzGCzeyzLRD7m76Q,bad
https://facebook-verify.cam/url.php?session=JZL1zRxxG5mzZCvb,bad
https://paypal-account.top/transaction.php,bad
http://facebook-account.online/patch.exe?session=TcBmpjqvOjfs7mUI,bad
https://youtube.com/tools,good
https://youtube.com/about,good
https://microsoft-verify.top/visit.php,bad
https://app.shopify.com/terms,good
https://coursera.org/announcements,good
https://google-verify.cam/transaction.php,bad
http://google-login.online/signin.php?key=Ya6B8Q0xbegBlGw7,bad
https://edx.org/,good
https://facebook-support.net/survey.php,bad
http://apple-verify.net/support.php?code=V8jxID2DWJse1AcL,bad
https://medium.com/tutorials,good
https://netflix.com/tutorials,good
https://dropbox.com/contact,good
https://amazon.com/dashboard?ref=8am0k2hi,good
https://craigslist.org/,good
https://google-security.cam/go.php,bad
http://amazon-security.xyz/security-update,bad
https://khanacademy.org/checkout,good
http://google-support.org/go.php?ref=2XAlk7xLaHuozi04,bad
https://apple-account.icu/billing.php?code=ADfD34CPbTAngUzb,bad
https://ajio.com/legal?ref=qlkpka5f,good
http://apple-account.org/discount.php,bad
https://mail.linkedin.com/billing,good
https://rapido.com/orders?ref=7kz5r77e,good
https://mail.rapido.com/wishlist,good
https://zoom.us/community,good
https://zomato.com/about?page=6g61j3k9,good
http://google-verify.cam/account-verify,bad
https://oracle.com/answers?id=cta2uisz,good
https://makemytrip.com/docs,good
https://mail.spotify.com/policy,good
https://api.wikipedia.org/search?id=dexra03w,good
https://makemytrip.com/browse,good
http://microsoft-security.net/login.php,bad
https://mail.oracle.com/checkout,good
https://blog.ajio.com/announcements,good
http://apple-security.icu/promotion.php,bad
https://facebook-security.icu/billing.php?token=DRvzEni7EuiCs5Wp,bad
https://oracle.com/cart,good
http://amazon-account.org/account-verify,bad
http://facebook-verify.xyz/secure-login,bad
https://educational.edu/api,good
http://paypal-security.icu/identity-check,bad
http://facebook-account.net/lottery-winner,bad
http://apple-update.com/visit.php,bad
https://netflix.com/docs,good
http://amazon-login.com/deal.php,bad
http://amazon-account.org/go.php,bad
https://reuters.com/docs,good
https://hdfcbank.com/blog,good
https://wikipedia.org/privacy,good
http://facebook-login.icu/help.php,bad
http://apple-verify.online/lottery-winner?key=DEnqej3jTJAvJzL2,bad
http://google-account.top/promotion.php?session=TaRuRSbv5C9c3tfq,bad
http://paypal-support.online/visit.php,bad
http://paypal-account.xyz/secure-login?session=SP9vOoh2AnGljKs6,bad
http://google-security.online/secure-login?token=tuDgKAsYbRbRQu47,bad
https://paypal-support.com/signin.php?ref=y0QESHK9SvdeXLmI,bad
http://facebook-update.xyz/receipt.php,bad
https://amazon-update.icu/update.exe,bad
https://khanacademy.org/blog?utm_source=qcl4og4f,good
http://apple-account.cam/congratulations,bad
https://craigslist.org/home,good
http://microsoft-security.org/prize-claim,bad
http://google-verify.com/lottery-winner?key=8juuYSxJONGF7WaW,bad
https://www.uber.com/guidelines,good
http://google-verify.top/redirect.php,bad
https://apple-account.xyz/contact.php?token=hHPsmKTZOmH9oq7B,bad
https://medium.com/updates,good
https://washingtonpost.com/contact,good
http://google-support.top/congratulations?session=7EGQapux4zqsVyi2,bad
http://google-security.online/security-update,bad
https://salesforce.com/,good
https://facebook-security.online/congratulations?ref=LMxnKCzM7NC9GJlK,bad
https://udemy.com/community,good
http://amazon-account.org/install.php,bad
http://paypal-account.xyz/secure-login?token=baa7xNgpkbNk9hvt,bad
http://paypal-security.top/discount.php?session=8s2UfIgYBEKtp1ll,bad
https://facebook.com/checkout,good
https://amazon-login.icu/install.php,bad
https://makemytrip.com/security,good
https://google-update.online/security-update?ref=yLqVbCW1nLMXVwCd,bad
https://udemy.com/downloads,good
https://myntra.com/orders,good
https://amazon.in/legal,good
https://paypal-security.online/verify.php,bad
https://khanacademy.org/dashboard?utm_source=q7q8vg2h,good
http://google-account.xyz/invoice.php,bad
http://google-security.xyz/deal.php,bad
https://hdfcbank.com/forum?source=hn0asnbr,good
http://paypal-login.net/install.php,bad
http://amazon-verify.org/offer.php,bad
http://microsoft-support.online/prize-claim?key=DeClx6gxOsG91tWX,bad
http://facebook-update.xyz/signin.php?ref=fkycY13WnXvNkJGc,bad
http://amazon-update.cam/url.php?ref=XBIn8NdKYo0yvstL,bad
http://paypal-support.cam/auth.php,bad
https://wellsfargo.com/help,good
https://hdfcbank.com/community,good
http://facebook-security.icu/update.php,bad
http://amazon-security.com/promotion.php,bad
http://paypal-account.xyz/redirect.php,bad
http://facebook-support.icu/offer.php,bad
https://google-security.xyz/survey.php?key=5mNjx8OX9FJQooMg,bad
http://microsoft-support.cam/install.php?session=AbRuEabh732Fshxc,bad
https://instagram.com/updates?ref=to8mb4kj,good
https://facebook-update.com/signin.php,bad
https://blog.drupal.org/orders,good
https://netflix.com/privacy?utm_source=q52cmjgn,good
https://linkedin.com/tutorials,good
http://facebook-verify.xyz/chat.php,bad
https://mail.swiggy.com/tutorials,good
https://ebay.com/api,good
https://shop.citibank.com/account,good
https://apple-security.xyz/deal.php?key=b89eNERUhhInc5C0,bad
https://amazon-verify.org/discount.php,bad
https://icicibank.com/security,good
http://google-verify.xyz/verify.php,bad
https://bbc.co.uk/updates?page=syljj2q0,good
http://google-login.com/receipt.php?key=RQPnoGSfKMXcoFCJ,bad
https://udemy.com/checkout,good
http://amazon-login.net/auth.php,bad
https://ola.com/policy,good
https://blog.expedia.com/dashboard?page=ibty1k40,good
https://ajio.com/orders?page=lihdvczl,good
http://facebook-account.com/link.php,bad
http://paypal-verify.com/link.php,bad
https://twitter.com/category?utm_source=5s3s9p6k,good
http://facebook-account.org/auth.php?key=bQ8UAP3AY69fxxMz,bad
https://shopify.com/tools,good
http://facebook-verify.top/help.php?ref=iUmwPHaloAxZi3hK,bad
https://facebook-security.net/offer.php?token=ePY0oYXDoHwIHTpW,bad
http://facebook-support.icu/discount.php,bad
https://apple-account.cam/support.php,bad
https://google-update.org/url.php,bad
https://google-account.icu/verify.php?session=0xMgJUISykVtSq2l,bad
https://imdb.com/search,good
https://github.com/cart,good
https://mail.dropbox.com/billing,good
https://imdb.com/cart,good
https://api.imdb.com/products?id=uhx75le3,good
https://myntra.com/forum,good
https://wellsfargo.com/questions,good
https://kotak.com/account,good
http://paypal-support.cam/download.php,bad
http://microsoft-security.top/invoice.php,bad
https://zoom.us/updates,good
https://shopify.com/docs?page=gr93g3md,good
https://citibank.com/announcements,good
http://apple-verify.xyz/verify.php,bad
https://amazon.com/home,good
https://coursera.org/guidelines,good
https://github.com/answers,good
http://apple-login.cam/promotion.php?session=5tincXNoCFk0MefG,bad
https://slack.com/answers?source=bij0jbic,good
https://goibibo.com/media,good
http://google-security.online/security-update?code=yVznDP96Ei0n20bz,bad
http://google-support.top/signin.php?ref=HZHGinOrGgRDuUCq,bad
http://microsoft-support.online/chat.php,bad
https://sbi.co.in/cart,good
http://microsoft-account.icu/prize-claim,bad
https://blog.instagram.com/login,good
https://citibank.com/cart,good
http://microsoft-login.online/deal.php,bad
https://myntra.com/about,good
https://reddit.com/billing,good
http://amazon-account.cam/contact.php,bad
https://paypal.com/terms?id=us26iymm,good
https://blog.amazon.com/help?ref=8p4v8b1o,good
https://google-update.online/promotion.php,bad
https://amazon-security.xyz/message.php,bad
https://apple.com/dashboard?source=23uken6j,good
https://bankofamerica.com/item?ref=ulnl8wh2,good
https://amazon-update.cam/visit.php,bad
https://amazon.in/dashboard?ref=gplffdst,good
http://amazon-login.cam/signin.php?token=BAmr3lOYbyVqBaZD,bad
https://youtube.com/checkout,good
http://google-security.net/update.exe?token=ItdbcnC1c3G98kho,bad
https://amazon-update.online/receipt.php?ref=ANYL3bsMC1Z6qzkU,bad
https://mail.citibank.com/resources,good
https://flipkart.com/settings,good
https://spotify.com/profile,good
https://instagram.com/billing,good
https://sbi.co.in/press?page=bg3b2g9m,good
https://makemytrip.com/cart,good
http://google-security.net/lottery-winner,bad
https://google-support.online/update.exe,bad
http://microsoft-update.com/chat.php,bad
https://api.instagram.com/cart,good
https://wordpress.org/press,good
http://google-account.online/winner-notification,bad
https://adobe.com/checkout?ref=o9prpyzb,good
http://amazon-login.online/promotion.php,bad
https://amazon.in/legal?id=ibeftesw,good
http://paypal-security.com/survey.php?ref=C9TQd0QBmxJHTnEo,bad
https://google-account.icu/promotion.php,bad
https://bbc.co.uk/announcements,good
https://icicibank.com/dashboard,good
https://google-update.xyz/contact.php,bad
https://google-verify.xyz/auth.php?key=WG7MQoOg0tMxbLEk,bad
http://microsoft-account.xyz/setup.exe?key=lPC2FnASamOdkQB0,bad
https://hdfcbank.com/browse,good
https://google.com/favorites,good
http://facebook-account.com/discount.php,bad
https://axisbank.com/updates,good
https://microsoft-account.cam/prize-claim?code=IzNhUkNQqfnUBBMp,bad
https://google.com/about,good
https://facebook-account.cam/invoice.php,bad
https://amazon.in/services,good
http://amazon-login.org/login.php,bad
http://facebook-verify.icu/transaction.php,bad
https://citibank.com/orders?ref=4rpvepoh,good
http://paypal-account.icu/offer.php,bad
http://google-support.net/install.php?key=FyF4Eg0fYCPm9jgd,bad
http://paypal-update.online/visit.php,bad
https://booking.com/policy?utm_source=n0rdzmgd,good
http://apple-login.net/deal.php?key=lsjUbtz9bRhEWodv,bad
https://nykaa.com/history?page=s5kps2xl,good
https://mail.youtube.com/account,good
https://apple-login.net/identity-check,bad
https://apple-update.com/install.php,bad
https://amazon.in/legal?ref=zdqsxob9,good
https://google.com/wishlist,good
https://google.com/answers?utm_source=30mjqmc9,good
http://amazon-login.com/promotion.php?session=TrTdTxWGrYgr9B3s,bad
http://microsoft-login.org/help.php,bad
https://educational.edu/api,good
http://amazon-security.xyz/go.php?token=cGva0qytNpcWo7OR,bad
http://facebook-account.org/contact.php,bad
https://nytimes.com/news,good
https://sbi.co.in/products,good
https://google.com/home,good
https://uber.com/announcements,good
https://myntra.com/press,good
https://nykaa.com/profile,good
https://microsoft.com/,good
http://paypal-login.top/verify.php?key=brKU05zZTU2Ix93O,bad
http://amazon-verify.com/auth.php,bad
http://microsoft-verify.icu/prize-claim,bad
https://udemy.com/api?id=v5yolmd8,good
https://microsoft-verify.cam/redirect.php?code=TiObUKPnLQsjBg8G,bad
https://booking.com/privacy,good
http://amazon-login.icu/redirect.php?token=HunLGIDHHTzp7BFv,bad
https://api.amazon.in/legal,good
https://facebook-verify.online/redirect.php?code=cLms2PUbFEvFu9gj,bad
https://stackoverflow.com/home?source=9dhirs9g,good
https://expedia.com/login,good
http://microsoft-security.com/support.php,bad
https://shop.uber.com/updates,good
https://microsoft.com/wishlist,good
https://youtube.com/favorites,good
https://chase.com/tutorials?ref=ugyyfco1,good
https://google-account.online/download.php?ref=1IFVEZgU1HFscExY,bad
https://microsoft-account.icu/download.php,bad
https://slack.com/media,good
http://apple-login.org/invoice.php,bad
https://netflix.com/terms,good
https://drupal.org/login,good
https://wikipedia.org/news?page=puyw7hp1,good
http://amazon-support.cam/lottery-winner,bad
https://instagram.com/media,good
https://amazon.com/discussions,good
https://facebook-support.top/link.php?code=bzHzacHfrMtiPNhL,bad
http://google-security.icu/chat.php,bad
https://apple-security.xyz/download.php,bad
http://paypal-update.top/contact.php,bad
https://microsoft-account.top/survey.php,bad
https://nykaa.com/help?ref=o6vqguw3,good
http://paypal-security.icu/visit.php?key=2sSn6Y10mQzr4XIx,bad
https://apple-verify.cam/message.php?ref=rnNLUQGWZb2OMYpF,bad
http://facebook-support.com/visit.php,bad
http://google-account.cam/offer.php,bad
http://apple-login.org/identity-check?code=YJ5AKgzKYRTYCWpQ,bad
https://dropbox.com/products,good
http://google-security.org/login.php,bad
http://paypal-update.com/deal.php,bad
http://amazon-update.online/visit.php,bad
https://shopify.com/security,good
http://google-update.cam/account-verify?token=bV9vVaXNgslvA20f,bad
https://linkedin.com/api,good
https://news.cnn.com/cart,good
http://apple-security.xyz/deal.php,bad
https://amazon-account.org/contact.php,bad
https://google-security.com/contact.php,bad
http://facebook-security.cam/offer.php,bad
http://paypal-security.net/secure-login?code=Wuz0eKuuhhBvTLZn,bad
https://blog.reddit.com/tutorials?page=oipwawom,good
http://microsoft-account.online/setup.exe,bad
https://shop.coursera.org/home?source=d1p9ditg,good
https://facebook-verify.top/lottery-winner?session=l0SfmKKhzPj2zdYy,bad
http://microsoft-support.icu/security-update?key=tlJiwH7wAED5wt33,bad
https://ebay.com/media,good
http://facebook-update.icu/support.php,bad
https://edx.org/community,good
http://facebook-verify.net/survey.php,bad
https://swiggy.com/forum,good
https://google-account.org/promotion.php,bad
http://apple-login.online/contact.php?token=XM8Vg0XEVkJ5ziRE,bad
https://mail.educational.edu/history?ref=wm4q71dj,good
https://microsoft-verify.icu/patch.exe?key=YAVUoxvlYUG4KPQa,bad
https://microsoft.com/tools?page=qajns4fn,good
http://amazon-security.com/winner-notification,bad
https://chase.com/privacy,good
http://paypal-support.icu/verify.php,bad
http://facebook-security.icu/secure-login,bad
https://paypal-verify.org/account-verify,bad
https://ola.com/privacy,good
https://hdfcbank.com/account,good
https://app.edx.org/account,good
http://facebook-security.org/signin.php?session=YzLB8SjMsY3gCLHU,bad
https://adobe.com/docs?utm_source=jmn56vor,good
https://blog.apple.com/news,good
https://khanacademy.org/contact,good
http://amazon-security.com/signin.php?session=PF1iAwXz0lSf8z46,bad
http://amazon-login.online/secure-login?code=2l9sQwp0ouXD1Pcr,bad
http://google-security.icu/offer.php,bad
https://ola.com/legal,good
https://paypal-login.org/patch.exe,bad
https://google-verify.icu/message.php?code=J3AxPoyfOSpALWhS,bad
https://bankofamerica.com/answers,good
http://amazon-security.org/payment.php,bad
http://google-security.top/promotion.php?token=RrLvSFkKHGZzE6on,bad
http://amazon-support.xyz/download.php?ref=W0trZPeQsQEOWWnR,bad
https://slack.com/terms,good
http://facebook-account.online/discount.php?session=2kJj1sCfEPOEbwEO,bad
http://amazon-verify.com/contact.php,bad
https://google.com/terms?ref=216b35rs,good
https://myntra.com/products?ref=lmfodo6m,good
http://microsoft-security.icu/chat.php?token=lLTciJxpF9AKC4ib,bad
https://icicibank.com/resources?source=mso0y098,good
https://wikipedia.org/docs?source=ooizmohr,good
https://instagram-help.com/redirect.php,bad
https://amazon-support.top/invoice.php?session=zBfmqQhr2eaiuy0S,bad
https://rapido.com/api?id=4qhz6py5,good
http://microsoft-verify.net/deal.php,bad
http://paypal-support.org/update.php,bad
http://microsoft.icu/deal.php,bad
https://bbc.co.uk/,good
http://microsoft-support.org/prize-claim?code=JKx32F7FqEbuphI4,bad
https://twitter.com/developers,good
http://facebook-security.top/go.php,bad
https://slack.com/history,good
https://zoom.us/,good
https://shop.goibibo.com/browse,good
https://app.twitter.com/terms,good
http://apple-security.net/login.php,bad
https://shop.microsoft.com/tools,good
https://axisbank.com/dashboard?page=ulezxqpc,good
https://paypal-update.icu/invoice.php?key=ekOdQU4KIEPGGuNE,bad
http://google-verify.org/secure-login,bad
https://sbi.co.in/api?page=lzh27k96,good
https://goibibo.com/press,good
https://salesforce.com/policy,good
https://mail.edx.org/tutorials?utm_source=smcyxz5v,good
http://apple-login.online/update.php?key=cdXDyxDAYzPRyYwH,bad
http://microsoft-login.cam/identity-check,bad
http://amazon-security.cam/visit.php,bad
http://amazon-security.net/visit.php?key=RM9cPatLg5E8q2UZ,bad
https://shop.microsoft.com/community?source=l461yo9h,good
https://icicibank.com/questions?ref=xkq7jn9q,good
https://drupal.org/api?utm_source=1fnbsl3f,good
http://amazon-verify.net/chat.php,bad
https://google-support.icu/url.php?code=sNtpseq37YztmwFS,bad
https://kotak.com/tutorials?source=slj0xtsh,good
https://drupal.org/tools,good
https://reddit.com/settings,good
http://microsoft-support.net/update.php?session=rtUV5fTb76PrcZxc,bad
https://ola.com/settings?source=i4rmas4d,good
https://google.com/category,good
http://apple-update.com/visit.php,bad
https://salesforce.com/about,good
https://ola.com/tools,good
https://bankofamerica.com/help,good
https://amazon-update.net/link.php,bad
https://amazon.com/cart,good
https://amazon-account.icu/secure-login,bad
http://microsoft-update.top/help.php?ref=cUkTkFwafpHrrl6P,bad
http://google-support.cam/invoice.php,bad
https://expedia.com/privacy,good
https://twitter.com/answers,good
https://mail.zoom.us/security,good
https://ola.com/docs?source=szyjqwac,good
http://microsoft-security.top/verify.php,bad
http://amazon-account.online/contact.php?token=1p1C81g6H6AptGfD,bad
https://mail.chase.com/wishlist,good
https://zomato.com/media,good
https://github.com/profile?id=lquteorm,good
https://google-account.xyz/install.php,bad
http://paypal-account.com/offer.php?ref=CI0nfYe09Gv4XbPf,bad
http://microsoft-support.top/invoice.php?key=iaDjJ4dStexbp9EN,bad
https://amazon-security.icu/security-update,bad
https://bankofamerica.com/developers,good
https://salesforce.com/browse?utm_source=tjno1gwh,good
http://apple-security.org/survey.php?code=hddDpCnCZOmRHgho,bad
https://drupal.org/search,good
https://educational.edu/resources,good
https://amazon.in/api?utm_source=r8lblqnz,good
http://apple-support.online/signin.php,bad
https://sbi.co.in/home,good
http://paypal-support.com/payment.php,bad
http://google-verify.cam/install.php,bad
http://microsoft-security.top/billing.php,bad
https://nykaa.com/about,good
http://facebook-security.top/discount.php?code=nn5e9hvAcYmB6pr7,bad
https://www.zoom.us/profile?page=sr279f13,good
http://google-verify.org/identity-check?session=by48vkRYwcZU8O0w,bad
https://api.bankofamerica.com/checkout,good
https://amazon-security.online/redirect.php?session=rtoFFbL8zkOCteQG,bad
http://facebook-verify.xyz/install.php?code=ZpBehiUlhqTon3qK,bad
http://apple-account.net/go.php,bad
https://citibank.com/checkout,good
http://amazon-update.com/lottery-winner?token=FCtzbIWPU6PH8oHa,bad
http://google-support.com/chat.php?token=MyeDG7GKDex1lY6s,bad
https://microsoft.com/downloads,good
https://blog.swiggy.com/about,good
https://bbc.co.uk/tutorials,good
https://www.booking.com/checkout,good
http://apple-security.net/go.php,bad
https://netflix.com/products,good
https://chase.com/login,good
https://facebook-update.com/url.php?token=fsp20TDwAoz6QK8i,bad
https://facebook-login.com/go.php?session=oPr9488ix38e9p2x,bad
https://facebook.com/discussions,good
https://adobe.com/search,good
https://microsoft-login.top/security-update,bad
http://paypal-security.org/prize-claim?session=BwIt68jVzzxIU7d1,bad
https://google-security.net/invoice.php,bad
https://hdfcbank.com/privacy,good
http://microsoft-security.top/login.php?code=6EELfIksFuYeQwXr,bad
http://facebook-login.online/secure-login?session=ubwWHjDxgBtmxtiK,bad
https://shop.oracle.com/cart,good
http://paypal-account.xyz/account-verify,bad
http://paypal-support.top/help.php?code=VC8ZDs20pwikXmep,bad
https://expedia.com/questions?source=dp08ys2h,good
http://apple-support.icu/winner-notification?session=Z398PCmeX502Q8v7,bad
https://slack.com/item?id=rkt96nh1,good
http://apple-support.top/visit.php,bad
http://apple-update.top/lottery-winner?token=YNaQL5oqcZIOcVhc,bad
http://google-account.cam/go.php?ref=Bt2X3ruraM04Oy3X,bad
https://wellsfargo.com/help,good
https://mail.medium.com/press?utm_source=lzuokdg2,good
https://makemytrip.com/blog,good
https://shop.sbi.co.in/news?ref=msrie4ki,good
http://amazon-account.online/update.php,bad
http://apple-support.cam/go.php,bad
http://facebook-update.net/support.php,bad
https://facebook-verify.online/offer.php,bad
http://amazon-security.org/auth.php,bad
https://amazon.com/developers?page=m2lqni7d,good
https://paypal-verify.icu/billing.php,bad
https://axisbank.com/account,good
https://axisbank.com/guidelines?id=7mruwr8t,good
https://khanacademy.org/privacy,good
https://app.paypal.com/favorites,good
https://zomato.com/tutorials?utm_source=lud00uzb,good
https://www.drupal.org/products?page=fmpkwers,good
http://microsoft-account.xyz/go.php,bad
https://zomato.com/item?source=0k0xox46,good
http://facebook-login.xyz/signin.php?token=a4metNCSOsjdEemg,bad
https://sbi.co.in/privacy,good
https://booking.com/community,good
https://axisbank.com/home,good
https://paypal-login.com/help.php,bad
https://apple-support.icu/offer.php,bad
http://facebook-account.xyz/url.php,bad
https://ajio.com/policy,good
http://apple-support.org/identity-check,bad
http://facebook-verify.icu/visit.php,bad
https://salesforce.com/announcements,good
https://app.stackoverflow.com/answers?utm_source=qvumh5x0,good
http://facebook-update.net/transaction.php,bad
http://paypal-update.icu/go.php?code=j46y4DaAlMJgqUE6,bad
http://apple-security.xyz/help.php,bad
http://amazon-update.net/prize-claim,bad
https://apple.com/community,good
https://dropbox.com/billing,good
https://apple.com/news,good
http://facebook-update.com/redirect.php,bad
https://zoom.us/home?utm_source=slauxqg6,good
https://citibank.com/docs,good
https://blog.dropbox.com/support,good
https://ebay.com/discussions,good
https://imdb.com/contact,good
https://khanacademy.org/legal?source=cz954fjm,good
https://edx.org/tutorials,good
http://google-login.org/update.php,bad
https://twitter.com/questions,good
http://microsoft-verify.xyz/support.php,bad
https://imdb.com/dashboard?ref=40y5f5t2,good
http://google-update.com/offer.php?key=tfJkgvoBzFSLWbOg,bad
https://spotify.com/contact?id=pfy4p17o,good
https://apple-account.top/support.php?session=aqQE2BM0U8ZyA8mW,bad
http://microsoft-verify.online/identity-check,bad
https://educational.edu/developers,good
https://oracle.com/settings,good
https://mail.youtube.com/tools?ref=5sracnkv,good
https://paypal-login.net/auth.php,bad
https://medium.com/policy,good
http://paypal-verify.online/help.php,bad
https://reddit.com/about?utm_source=uj1n55rq,good
https://microsoft.com/contact,good
http://google-login.xyz/winner-notification?ref=8CbEZZX4BmwPq8oi,bad
http://paypal-verify.com/security-update?ref=1eYL5W6t2sENKKPK,bad
http://facebook-account.org/security-update,bad
https://oracle.com/billing,good
http://paypal-verify.com/update.exe?token=MFOvskzlcAgyRQt6,bad
https://paypal-login.org/promotion.php?ref=5HwdpMeED88VL4SJ,bad
http://paypal-verify.org/verify.php?session=SoL347Sxl8HkqV7f,bad
https://medium.com/services?ref=dee8aobq,good
https://paypal-account.org/offer.php,bad
https://spotify.com/questions,good
https://blog.microsoft.com/profile,good
https://udemy.com/products,good
https://stackoverflow.com/media,good
https://www.bbc.co.uk/favorites?page=rjsfkjdp,good
http://google-verify.top/receipt.php?session=TPhOLzSRMBqqcSsp,bad
https://craigslist.org/support?source=6ejq105y,good
https://microsoft-login.xyz/winner-notification,bad
https://facebook-verify.org/transaction.php,bad
https://khanacademy.org/browse,good
https://google.com/,good
https://shop.uber.com/discussions,good
http://google-security.xyz/winner-notification,bad
https://nykaa.com/history,good
http://amazon-account.icu/help.php,bad
https://reddit.com/announcements,good
http://google-account.org/lottery-winner,bad
http://google-support.net/login.php?code=pmXx8rci0pu7PyNo,bad
http://amazon-security.xyz/support.php,bad
http://microsoft-support.online/congratulations?code=bX1y2wuyko6ooQQc,bad
http://paypal-support.xyz/install.php,bad
http://microsoft-account.net/payment.php?session=obZJ001ZSLOyWx0d,bad
https://flipkart.com/media?source=no8u2qt4,good
http://google-account.online/signin.php?token=0jfG3ppV6LQACwc2,bad
https://booking.com/favorites,good
https://ebay.com/history,good
http://amazon-update.org/visit.php?ref=GoTzhL3CBWMSSNJK,bad
https://booking.com/services,good
http://paypal-login.xyz/lottery-winner,bad
http://amazon-account.xyz/visit.php,bad
https://uber.com/favorites,good
https://facebook-support.online/security-update,bad
https://google-account.xyz/link.php,bad
http://amazon-security.top/login.php,bad
http://microsoft-login.xyz/offer.php,bad
https://bankofamerica.com/legal,good
https://imdb.com/profile,good
https://slack.com/forum?source=n1avzr9n,good
http://google-verify.xyz/login.php,bad
https://coursera.org/downloads,good
https://paypal-verify.online/signin.php,bad
http://google-support.xyz/chat.php,bad
https://microsoft-support.top/login.php?session=2QBOSLmBJQy9E9pc,bad
http://microsoft-security.cam/login.php?session=ZoOKMSrCzUrTSxGt,bad
https://netflix.com/docs,good
http://apple-verify.cam/url.php?session=1USADRyeiZvpTcEH,bad
https://blog.amazon.com/forum?id=963smvjn,good
http://microsoft-login.icu/verify.php?key=Ig1pBRlXs7jL1znO,bad
https://app.joomla.org/login,good
http://apple-login.top/invoice.php,bad
http://amazon-update.icu/install.php?token=sDA1gw4sA8mRRWi4,bad
http://facebook-verify.org/lottery-winner,bad
https://youtube.com/terms,good
https://ajio.com/item?utm_source=rj8uu85u,good
https://news.cnn.com/developers,good
http://amazon-verify.xyz/lottery-winner?key=kpfkqCOhaOn6O8ms,bad
http://amazon-login.com/discount.php?ref=znid2qR085LfSrSh,bad
http://facebook-security.cam/verify.php,bad
https://bankofamerica.com/browse?utm_source=aglu3q6y,good
https://google-security.online/discount.php,bad
https://kotak.com/orders?utm_source=mo9asrvh,good
https://twitter.com/services?id=hqb98oso,good
http://amazon-support.cam/offer.php?code=fLOwr58KdVs0pRfD,bad
https://bbc.co.uk/about?ref=fuem3qvd,good
http://facebook-support.icu/link.php?code=FCFSNicuH6WffFBG,bad
https://booking.com/billing,good
https://facebook-account.net/redirect.php?token=JCwzzbNbXAqjW2FD,bad
https://chase.com/login,good
http://amazon-support.cam/congratulations,bad
https://app.medium.com/forum,good
http://google-security.online/update.exe,bad
https://ebay.com/about,good
https://axisbank.com/tutorials?source=uybh1ebz,good
http://amazon-verify.cam/identity-check?token=9tpWoIuTmf7JmXS9,bad
https://news.cnn.com/support?id=xnsc5xj9,good
https://twitter.com/search,good
https://citibank.com/cart?utm_source=of65vk8y,good
https://amazon.com/resources?source=tc76u6k8,good
http://facebook-support.top/promotion.php?key=RZihfb94zKUmPCEn,bad
http://paypal-update.icu/url.php?key=2qzF1onLbqKttNvW,bad
https://microsoft-security.icu/security-update?key=CBFcjx8UDz8PvTvi,bad
http://paypal-login.top/survey.php,bad
https://swiggy.com/privacy?id=ihtneos4,good
http://microsoft-account.cam/url.php,bad
http://microsoft-account.com/link.php?key=m2t515jfEsZeimiK,bad
https://app.zoom.us/search,good
https://stackoverflow.com/category,good
http://apple-verify.net/redirect.php,bad
https://wikipedia.org/resources,good
http://google-security.cam/congratulations,bad
http://google-update.online/update.exe?ref=kqMge8QGKhHA9fRJ,bad
https://amazon-security.online/update.exe,bad
http://facebook-update.cam/lottery-winner,bad
https://blog.uber.com/browse,good
http://paypal-login.icu/support.php?ref=YVmkNkVm8jEiTT2v,bad
https://udemy.com/billing,good
http://apple-account.net/redirect.php,bad
https://booking.com/tools,good
https://reuters.com/products?source=i41nfk2u,good
https://makemytrip.com/profile,good
http://apple-account.icu/deal.php,bad
https://wellsfargo.com/about?id=qestup9u,good
http://apple-update.com/security-update,bad
https://stackoverflow.com/browse?source=9c8rt10u,good
https://khanacademy.org/services,good
https://oracle.com/history?ref=3yo2m5i8,good
https://citibank.com/dashboard?utm_source=ihqy80rx,good
http://google-account.top/signin.php?session=SRL7e2Zwhzud7VHr,bad
https://flipkart.com/support,good
http://facebook-account.com/support.php,bad
https://uber.com/terms?page=1txbh0ql,good
https://microsoft-account.top/survey.php?key=OolgDw8pSWgVyJXx,bad
https://microsoft-support.xyz/congratulations?token=yIQc5kaAsNTMfd2u,bad
https://reddit.com/cart?source=7qgc9bje,good
https://facebook-login.icu/verify.php,bad
https://citibank.com/services,good
http://facebook-login.xyz/receipt.php,bad
http://amazon-verify.net/survey.php?code=CBWr6AtfjTDdSsRc,bad
https://chase.com/search,good
http://google-security.com/update.php?token=taTZA0SNPio5Kvr7,bad
https://amazon-update.xyz/transaction.php?token=doKo2zNbyjnaZGxj,bad
https://shop.microsoft.com/developers,good
https://shopify.com/category?id=3bfiomel,good
https://coursera.org/help,good
https://shopify.com/billing,good
https://apple.com/tools,good
https://booking.com/news,good
https://shopify.com/item?source=vvv7yyzw,good
https://twitter.com/questions,good
http://paypal-support.org/login.php?code=IYHu4LddWlKwedzo,bad
http://facebook-login.xyz/patch.exe?code=Iy6DMUIo8auoVgE1,bad
https://easy-money.net/receipt.php,bad
https://airbnb.com/about?source=qv3r7ht1,good
https://amazon.in/help,good
https://youtube.com/guidelines,good
http://apple-support.top/billing.php,bad
http://amazon-account.cam/offer.php,bad
https://linkedin.com/blog,good
https://microsoft-support.icu/url.php?session=cjh1EEwgwlueaz2M,bad
https://bbc.co.uk/checkout,good
https://bankofamerica.com/search,good
https://microsoft-login.net/congratulations,bad
https://linkedin.com/help,good
https://capitalone.com/developers,good
http://google-security.icu/receipt.php,bad
https://sbi.co.in/home,good
https://bankofamerica.com/account,good
http://apple-update.com/download.php?code=58zJddopIiFVvGXy,bad
https://booking.com/questions?ref=yvhqhire,good
https://news.cnn.com/login,good
http://facebook-login.xyz/patch.exe,bad
https://udemy.com/support?utm_source=6b6a48w1,good
https://airbnb.com/docs,good
https://app.flipkart.com/home?page=nd84pi33,good
https://dropbox.com/services?page=vusqgkcu,good
http://apple-support.org/redirect.php,bad
https://sbi.co.in/item?page=d6v5x75o,good
http://apple-account.online/install.php?token=QfzPTxgSHxFWbhwK,bad
http://paypal-security.org/survey.php,bad
https://bankofamerica.com/developers,good
https://edx.org/announcements?page=leoajucw,good
http://paypal-support.cam/account-verify,bad
https://amazon.com/about,good
https://ola.com/downloads,good
http://paypal-verify.cam/secure-login?key=vV13xShR1wFVO9im,bad
https://blog.reuters.com/billing,good
https://apple-security.online/security-update,bad
https://google-login.xyz/help.php,bad
https://apple-account.icu/contact.php?session=FII8Vl5nYm4l37eK,bad
https://blog.zoom.us/?ref=9bfznaid,good
https://booking.com/products,good
https://instagram.com/downloads,good
https://linkedin.com/billing?source=mdk1lesa,good
http://amazon-update.com/identity-check?session=ihYIcyCZM7mpTBAO,bad
https://icicibank.com/favorites,good
https://apple-verify.online/support.php,bad
http://microsoft-login.xyz/congratulations,bad
http://netflix-account.com/congratulations?session=sR8tuoT64J6J2hBr,bad
http://paypal-account.com/winner-notification,bad
https://citibank.com/resources,good
https://axisbank.com/home?ref=9yn9jw58,good
https://oracle.com/news?id=oyp0efb2,good
https://apple-support.online/promotion.php,bad
https://hdfcbank.com/announcements?ref=1dvhee40,good
https://reddit.com/,good
https://google-support.icu/visit.php,bad
https://bankofamerica.com/developers?source=rfz0aq6n,good
https://udemy.com/legal,good
http://amazon-login.xyz/secure-login?session=AaohnFJEsESHe5B5,bad
http://microsoft-support.icu/billing.php,bad
http://facebook-support.com/survey.php,bad
http://apple-support.online/support.php,bad
http://amazon-update.icu/update.php,bad
http://paypal-login.com/billing.php,bad
https://shop.airbnb.com/home?page=udwudou4,good
http://google-support.top/contact.php,bad
https://capitalone.com/tutorials?utm_source=jx13kixe,good
http://apple-login.xyz/update.exe?ref=Sc0AH0hWA1tSvqoK,bad
https://wikipedia.org/checkout,good
http://google-update.com/contact.php?token=sIh8bQOhgYC63bQW,bad
http://apple-login.top/winner-notification?session=PWbn8GKSTcdAQJ4T,bad
https://mail.github.com/history,good
http://facebook-account.icu/auth.php?code=IcYNdZKnlg33fkt7,bad
https://shop.slack.com/answers,good
https://ola.com/login,good
https://apple-login.icu/secure-login,bad
https://app.edx.org/billing,good
http://paypal-account.net/login.php,bad
http://paypal-verify.top/promotion.php?key=qSFSlGdCvdNqsoOO,bad
https://airbnb.com/questions,good
https://paypal.com/history,good
http://apple-security.net/auth.php,bad
https://wordpress.org/item,good
https://dropbox.com/settings,good
https://shop.makemytrip.com/developers,good
https://instagram.com/forum?utm_source=ih0hfbq8,good
http://microsoft-support.org/help.php,bad
http://facebook-update.xyz/install.php?session=EOMF5AzDb0CkmODS,bad
https://myntra.com/community,good
http://apple-security.net/go.php,bad
https://udemy.com/item,good
https://shopify.com/contact?utm_source=kerg48xb,good
http://paypal-support.online/contact.php,bad
https://coursera.org/contact?id=w2nkpdj7,good
http://google-account.cam/redirect.php?token=gZnpxoBjuWXvzXAH,bad
http://microsoft-security.online/discount.php,bad
https://instagram.com/tools,good
https://wikipedia.org/forum,good
https://educational.edu/profile,good
https://youtube.com/?id=qi2iu7j4,good
https://educational.edu/search?source=tvtd2veu,good
https://adobe.com/media,good
http://facebook-support.org/setup.exe,bad
https://washingtonpost.com/about,good
http://microsoft-update.online/offer.php,bad
https://khanacademy.org/about,good
http://google-update.online/account-verify,bad
http://facebook-account.org/winner-notification,bad
https://imdb.com/,good
https://www.sbi.co.in/security,good
https://salesforce.com/community,good
https://google-account.icu/setup.exe,bad
https://washingtonpost.com/favorites,good
https://api.microsoft.com/announcements,good
http://amazon-account.xyz/receipt.php,bad
http://facebook-account.cam/auth.php?ref=ou5SEwpvIT6K8zv7,bad
http://paypal-verify.top/survey.php,bad
https://mail.wordpress.org/terms,good
http://facebook-account.top/login.php?ref=XPl5bQV1nV4vR9Hc,bad
https://blog.expedia.com/orders,good
https://wordpress.org/docs,good
https://facebook-account.xyz/prize-claim,bad
https://booking.com/updates?page=i8i9km57,good
http://amazon-login.icu/login.php,bad
http://google-verify.com/promotion.php,bad
http://facebook-login.cam/update.php,bad
https://shop.kotak.com/billing,good
https://shop.oracle.com/security,good
http://microsoft-login.com/discount.php,bad
https://zomato.com/wishlist,good
https://www.wordpress.org/billing,good
https://sbi.co.in/downloads,good
https://shopify.com/account,good
http://amazon-account.net/go.php,bad
https://apple-verify.net/lottery-winner,bad
http://facebook-verify.net/chat.php,bad
https://apple-login.cam/secure-login,bad
https://capitalone.com/dashboard?id=r72ea432,good
http://paypal-account.org/update.exe?ref=2AucDZf4DQeLUAZK,bad
https://mail.booking.com/guidelines,good
https://zoom.us/press?page=12ie2fs7,good
https://swiggy.com/profile?id=s0f0rel3,good
https://facebook-security.top/discount.php?ref=x2ne95ABxbqqocpX,bad
https://adobe.com/docs,good
https://reddit.com/dashboard,good
https://joomla.org/updates,good
https://microsoft.com/api,good
https://amazon-account.xyz/update.exe?token=s96PFftEO5NTamPf,bad
https://salesforce.com/category,good
http://apple-verify.top/account-verify?key=I1jmV5MNjG801NpN,bad
https://udemy.com/media,good
https://washingtonpost.com/developers,good
http://apple-security.top/visit.php,bad
https://microsoft-security.org/prize-claim?session=kKbV8kjfZEkH7YhM,bad
http://microsoft-security.org/lottery-winner?key=HJ69UZCLTYg481gz,bad
http://apple-support.net/offer.php?ref=kpCPQSj75qF5RQKj,bad
http://amazon-support.online/update.exe,bad
https://shop.oracle.com/?ref=gj65i5nj,good
http://google-login.top/invoice.php,bad
http://apple-login.com/secure-login,bad
http://apple-support.online/update.exe,bad
http://microsoft-verify.icu/identity-check?ref=ktYRHQrLK74E4MWX,bad
https://kotak.com/forum,good
http://amazon-security.org/deal.php,bad
https://bbc.co.uk/history,good
http://facebook-support.org/account-verify,bad
http://apple-update.xyz/winner-notification?session=PwjTofVZxhjNZkNq,bad
https://apple-support.net/billing.php,bad
http://apple-verify.top/invoice.php?ref=gFeRvFOoX76lURaV,bad
https://craigslist.org/products,good
http://paypal-update.net/message.php?session=aJQTwW5hkr67f4IC,bad
http://microsoft-account.org/discount.php?ref=cAghuwXLiaM3K9UI,bad
https://instagram.com/settings?source=codx7gyk,good
https://oracle.com/billing,good
https://blog.nytimes.com/media?source=jccsrhdm,good
https://mail.google.com/privacy,good
http://microsoft-verify.online/support.php?session=7963OzwpJGdk57CI,bad
http://amazon-verify.net/winner-notification,bad
https://sbi.co.in/privacy,good
https://sbi.co.in/media,good
http://apple-update.xyz/prize-claim?code=yyamqhzo28Cg4tzA,bad
https://reddit.com/products,good
https://www.stackoverflow.com/?utm_source=ik5hxbqk,good
http://apple-support.net/discount.php?ref=Ji76A9WJTyZG6kcv,bad
https://reddit.com/announcements,good
https://amazon-verify.online/discount.php,bad
https://wellsfargo.com/news,good
https://amazon-security.net/security-update?session=FkXpEziMwxNgKRRG,bad
http://paypal-login.cam/help.php?ref=haGYO3nPQhmdfZyT,bad
http://apple-account.icu/account-verify,bad
https://paypal-login.icu/contact.php?key=V9Cj8Xx7hUpLdtiD,bad
http://apple-security.cam/identity-check?key=JUjaSejKcIkRo1f0,bad
https://reuters.com/about,good
http://amazon-login.net/auth.php,bad
http://amazon-update.icu/setup.exe?key=XJ9wIeOSW6nnRlr2,bad
https://wordpress.org/tools,good
https://amazon.com/tutorials,good
https://blog.instagram.com/announcements,good
http://microsoft-update.com/link.php,bad
https://wordpress.org/legal,good
https://google-update.online/install.php?key=wbXHu0IBiwFQMmXE,bad
http://google-verify.icu/chat.php,bad
https://edx.org/home?ref=bz2n90yl,good
https://axisbank.com/downloads,good
https://paypal-security.cam/winner-notification,bad
http://apple-verify.cam/redirect.php?session=XLRUiCVZFzs9rlaQ,bad
https://reuters.com/legal,good
http://amazon-support.cam/billing.php?session=7seDnWKE0rdDuXvJ,bad
https://expedia.com/profile?id=rbhkyxw6,good
http://microsoft-login.cam/promotion.php?session=l59DS0maSJlNJmdp,bad
https://blog.youtube.com/discussions,good
https://apple-login.com/chat.php,bad
http://microsoft-support.org/promotion.php?session=yBvdDAFm0DeSofVi,bad
http://google-verify.icu/payment.php?session=rasoQIr7I7rneBhE,bad
http://facebook-verify.top/winner-notification?code=Tx867InzBtmy4Prv,bad
https://www.hdfcbank.com/updates,good
https://amazon-verify.org/transaction.php?session=22EUZCyAxF6Mw0LE,bad
https://ola.com/browse,good
https://ebay.com/blog,good
http://amazon-account.cam/chat.php,bad
http://amazon-security.com/update.exe,bad
http://amazon-support.cam/help.php?token=NeZC805nEKdnFOi5,bad
https://oracle.com/privacy,good
https://amazon.in/guidelines,good
http://amazon-security.icu/identity-check?code=jTwfeDnyzpu5WiOT,bad
https://bbc.co.uk/resources,good
http://apple-login.cam/redirect.php,bad
https://blog.nykaa.com/favorites,good
https://nytimes.com/media,good
https://shop.github.com/press,good
https://shop.booking.com/search,good
http://facebook-security.xyz/transaction.php,bad
https://amazon.in/wishlist,good
http://apple-verify.icu/message.php,bad
http://google-update.cam/contact.php?code=9VhIuCDIpuCOlWcv,bad
https://goibibo.com/orders,good
http://amazon-account.online/lottery-winner,bad
https://google.com/item?ref=h7lxtny8,good
http://facebook-security.com/setup.exe,bad
https://ola.com/terms,good
http://amazon-update.com/offer.php,bad
http://paypal-login.top/update.php,bad
http://amazon-verify.org/prize-claim,bad
https://amazon.in/downloads?page=onuvafw3,good
http://microsoft-update.top/chat.php,bad
https://facebook.com/blog,good
https://github.com/privacy,good
https://expedia.com/answers,good
https://apple.com/contact,good
https://microsoft-login.net/support.php,bad
https://amazon-security.icu/offer.php,bad
http://microsoft-update.com/invoice.php,bad
http://google-verify.com/survey.php,bad
https://coursera.org/wishlist,good
http://amazon-account.org/redirect.php?key=KuOv1vYy2s8rJAKj,bad
https://adobe.com/login,good
http://paypal-login.cam/lottery-winner?code=qgzzWLtduP1Yl3tP,bad
http://apple-support.com/identity-check?ref=bbNfqqmpvXfFYqas,bad
https://paypal-security.xyz/redirect.php?ref=4SzPBNlto90GnvG0,bad
https://amazon.in/account,good
http://amazon-account.com/redirect.php?ref=3ivNNg3X2yagZYoX,bad
https://reuters.com/legal,good
https://imdb.com/policy?utm_source=7473bmjg,good
http://apple-security.org/discount.php,bad
https://zomato.com/announcements,good
http://paypal-security.cam/install.php?code=WU5A6CPZDuQ3o59K,bad
http://microsoft-verify.com/identity-check?session=aoFYIcBmcM1M4v7p,bad
http://paypal-security.cam/update.exe,bad
https://axisbank.com/legal,good
http://google-update.xyz/promotion.php?session=1fXWuS8tbBv4ULvz,bad
http://google-update.org/link.php?session=Y5I2FyhSALnI051V,bad
https://google-security.cam/message.php?ref=gOyyoUL5EmZ5uo7u,bad
https://api.oracle.com/orders,good
https://icicibank.com/search,good
http://facebook-update.org/survey.php,bad
http://google-account.com/lottery-winner,bad
http://google-verify.online/setup.exe,bad
https://bankofamerica.com/announcements?page=7sh7dhhf,good
https://wikipedia.org/category?id=ai3phw6a,good
https://api.educational.edu/services,good
https://stackoverflow.com/terms?utm_source=t0yrvc4w,good
https://bbc.co.uk/guidelines,good
http://amazon-security.online/security-update,bad
http://amazon-support.cam/auth.php?token=6mBlYxb7vpgZHxhP,bad
https://facebook-support.online/winner-notification,bad
http://microsoft-account.icu/login.php,bad
https://educational.edu/tools,good
http://amazon-support.xyz/account-verify,bad
https://www.oracle.com/forum,good
http://apple-update.org/contact.php?code=u45UPI6jL2u3PDlU,bad
https://api.airbnb.com/cart,good
http://microsoft-account.top/signin.php?token=B1CDAz3NhWwr5Gee,bad
https://amazon-update.top/secure-login?token=PVVFGYtUPkHlySne,bad
https://stackoverflow.com/questions?utm_source=lf88kg0v,good
http://microsoft-verify.online/lottery-winner?code=7fye2SKSWRjZHmgI,bad
http://amazon-support.org/patch.exe?ref=TwHgKAqjOrrMNw2A,bad
https://zoom.us/press,good
http://amazon-support.cam/congratulations,bad
http://google-verify.net/chat.php,bad
https://makemytrip.com/policy,good
https://paypal-account.xyz/update.exe?key=90QwMErne0VZRNAI,bad
https://wikipedia.org/blog,good
https://mail.zoom.us/resources?page=s3h13ovf,good
http://paypal-verify.net/update.php,bad
https://amazon.in/support?id=kg3bgoal,good
https://www.makemytrip.com/updates,good
https://adobe.com/forum?ref=004jqunu,good
http://microsoft-update.com/update.exe?session=WZNe2ZdDCHS9xxZw,bad
https://www.spotify.com/community,good
https://zoom.us/answers?utm_source=cex7ign7,good
http://facebook-login.org/download.php?session=0CZinXFYnF4VT1tY,bad
https://api.youtube.com/support,good
http://facebook-update.icu/download.php?token=zsYUz1kV8Tp4hkp2,bad
https://zoom.us/media?ref=ui8b1d96,good
http://paypal-verify.com/visit.php?code=NhypHxi401e4Up1i,bad
https://amazon-account.top/billing.php,bad
http://amazon-support.net/receipt.php,bad
http://apple-support.icu/go.php,bad
https://twitter.com/search,good
http://facebook-security.online/signin.php,bad
https://ebay.com/privacy?page=kma7ya3e,good
https://ola.com/legal,good
http://microsoft-update.top/congratulations?session=xVaN9TjcP6WFTCiF,bad
https://spotify.com/dashboard,good
https://adobe.com/answers,good
https://citibank.com/forum,good
http://microsoft-security.top/receipt.php?token=4zPctTx5OEtqpdgE,bad
http://paypal-verify.top/support.php,bad
https://apple-security.net/receipt.php?code=qGlAadFr6zw6O2FU,bad
https://google.com/policy?id=nbtbgknk,good
https://google-update.cam/login.php,bad
http://facebook-security.net/congratulations,bad
https://microsoft-support.org/visit.php,bad
http://facebook-update.online/contact.php,bad
https://joomla.org/cart?source=ht0wk8po,good
https://mail.stackoverflow.com/support,good
http://paypal-verify.org/download.php?ref=fkavKoyPxA8uojrn,bad
https://www.zoom.us/docs,good
http://apple-login.org/identity-check?key=bH99Hze6CTJY3vKi,bad
http://apple-login.net/offer.php,bad
https://wikipedia.org/browse,good
http://amazon-login.top/go.php?ref=vpnS8IN7sXnHs9DT,bad
https://google-account.com/go.php,bad
http://amazon-support.online/patch.exe,bad
https://microsoft-security.icu/message.php,bad
http://apple-login.org/invoice.php,bad
http://apple-account.xyz/chat.php,bad
https://stackoverflow.com/help?id=v6bkh0n8,good
http://paypal-account.top/chat.php,bad
http://facebook-verify.com/auth.php,bad
https://amazon-login.icu/identity-check?session=8dLyKkwjnzt7mgLe,bad
https://spotify.com/history,good
https://app.goibibo.com/news?id=ol6q87n7,good
https://educational.edu/settings?ref=u6l2j3vx,good
http://amazon-update.cam/go.php,bad
http://google-update.online/login.php,bad
http://apple-login.com/chat.php,bad
https://zoom.us/support,good
https://zoom.us/wishlist,good
http://google-login.cam/visit.php?session=tije1432ro6A2sQM,bad
http://amazon-security.icu/lottery-winner?session=yVA1CaJkddXmkh8O,bad
https://slack.com/about,good
http://paypal-update.net/security-update,bad
https://shop.adobe.com/login,good
https://flipkart.com/home,good
https://apple-account.top/update.php?ref=7QbwLFo8fWcOGZu0,bad
https://paypal-account.online/update.php,bad
https://microsoft-login.top/security-update,bad
http://amazon-security.top/setup.exe,bad
https://ola.com/support,good
http://google-verify.cam/auth.php?code=PIzziMI80ipdcWWF,bad
https://icicibank.com/help,good
https://salesforce.com/resources,good
https://reddit.com/favorites?page=i4muzemu,good
http://apple-account.online/update.exe,bad
https://booking.com/questions,good
http://microsoft-account.com/auth.php,bad
https://apple-verify.com/update.exe,bad
http://amazon-login.net/transaction.php,bad
https://stackoverflow.com/settings,good
http://facebook-account.cam/secure-login,bad
https://axisbank.com/blog,good
http://microsoft-security.xyz/invoice.php?key=2yjzIM9bw73MzBuM,bad
https://apple.com/billing,good
http://facebook-support.top/url.php,bad
https://api.washingtonpost.com/checkout,good
https://news.cnn.com/legal?page=4o9w03dn,good
http://microsoft-account.net/auth.php,bad
https://facebook-support.icu/offer.php,bad
http://paypal-update.com/update.exe?code=GYuu8cOG8xMx7SiC,bad
http://microsoft-verify.online/patch.exe?session=tH53yHFXJbfJMzis,bad
https://twitter.com/media,good
https://udemy.com/history,good
https://twitter.com/orders,good
https://adobe.com/support?page=ovyy21pe,good
http://google.xyz/login.php,bad
https://apple-account.top/install.php,bad
http://apple-account.online/lottery-winner?ref=lTwOTp5YbwJ5inYz,bad
http://apple-login.xyz/lottery-winner,bad
https://paypal.com/guidelines,good
http://apple-update.org/congratulations,bad
http://paypal-verify.net/payment.php,bad
https://nytimes.com/item?ref=uaurucqu,good
http://microsoft-security.xyz/deal.php?token=SfxG7tk42NIehtWG,bad
http://google-verify.org/payment.php,bad
https://ola.com/products,good
https://www.medium.com/security,good
https://zoom.us/orders,good
http://microsoft-account.xyz/update.exe,bad
http://microsoft-security.top/message.php?session=meDgQNn8ejTkM46t,bad
https://wellsfargo.com/category?utm_source=yoxjwk08,good
https://youtube.com/questions?utm_source=wv9npnrc,good
http://google-login.online/help.php,bad
http://google-login.icu/login.php,bad
http://facebook-login.online/account-verify,bad
http://google-account.icu/offer.php,bad
https://sbi.co.in/tools?source=o33uwupf,good
https://bankofamerica.com/resources,good
https://www.chase.com/tutorials,good
https://microsoft-update.top/secure-login?ref=0SY1WUPb2Jvbs8cN,bad
https://api.chase.com/legal,good
https://blog.uber.com/discussions?page=3p8ih38q,good
https://ebay.com/home,good
http://microsoft-security.icu/discount.php,bad
https://app.axisbank.com/browse,good
http://paypal-update.org/redirect.php,bad
https://edx.org/forum,good
https://udemy.com/privacy,good
https://microsoft.com/help?source=86zdafe4,good
http://paypal-verify.org/prize-claim?session=OU1JSGZIAMVHT17e,bad
https://api.instagram.com/favorites?utm_source=yioq2522,good
http://microsoft-update.xyz/discount.php?key=qWm4FtII3cRH7SIl,bad
http://google-login.net/link.php,bad
https://capitalone.com/cart?ref=ma6jiiy8,good
http://facebook-support.top/promotion.php?session=oZZwcmtcrHaaw0VM,bad
http://microsoft-verify.net/message.php,bad
https://amazon-login.cam/login.php?code=PXwrjFG9eCD57Q7E,bad
https://google-security.top/prize-claim,bad
https://hdfcbank.com/media?ref=sjalsoci,good
https://amazon.com/developers?utm_source=qwzx3216,good
https://goibibo.com/help?ref=2vpmptt0,good
https://swiggy.com/about,good
https://netflix.com/news?id=ct9uay0j,good
http://apple-update.cam/contact.php,bad
https://icicibank.com/legal,good
https://hdfcbank.com/tutorials,good
https://chase.com/legal,good
https://wikipedia.org/guidelines,good
https://news.cnn.com/terms?ref=24z269tx,good
https://ola.com/tutorials?page=kkbvygs0,good
https://blog.coursera.org/favorites,good
https://apple-update.online/update.php?ref=0m8y8GOz7xB9EELS,bad
https://blog.booking.com/terms,good
http://amazon-login.icu/login.php,bad
https://zomato.com/help,good
https://nytimes.com/questions?source=7hnnfujp,good
http://facebook-security.top/update.exe?key=LYXBopNXFy5LvcCQ,bad
https://www.news.cnn.com/policy?page=gtm9tvqf,good
http://facebook-update.net/signin.php?ref=nL6T6aLKvGlGneJz,bad
https://api.amazon.in/favorites?utm_source=ioik4fwl,good
http://google-security.top/setup.exe,bad
http://facebook-support.icu/promotion.php,bad
http://apple-login.cam/identity-check,bad
https://facebook-login.xyz/go.php?session=7SdEyw5pD5s9zgdh,bad
http://amazon-login.top/receipt.php,bad
https://google-account.xyz/chat.php?key=S4kx9TSSSd2heUw8,bad
https://blog.stackoverflow.com/news,good
https://www.zoom.us/guidelines,good
https://capitalone.com/policy?id=f9q5f3ye,good
http://microsoft-security.com/signin.php,bad
http://amazon-security.top/invoice.php,bad
https://google-account.cam/payment.php?token=7coiWO54VNXMiYza,bad
https://paypal.com/login,good
http://microsoft-verify.xyz/redirect.php?key=VdNd52J1NtySXglF,bad
https://myntra.com/guidelines,good
http://apple-support.com/verify.php,bad
http://paypal-verify.org/invoice.php,bad
https://paypal-verify.net/survey.php?code=RXWa1JWmcb9fyG3Y,bad
https://netflix.com/services?utm_source=qjahl56a,good
http://apple-login.xyz/payment.php?session=LWiXPnpDPsap5zNg,bad
https://api.expedia.com/answers,good
https://paypal-update.org/transaction.php,bad
http://microsoft-verify.org/transaction.php,bad
http://microsoft-support.com/setup.exe?ref=iffbOew0bmMus419,bad
https://amazon.com/api,good
http://amazon-support.top/visit.php?ref=BHG0l81r0eCLhXz7,bad
http://amazon-security.org/congratulations?token=726eWGqgCk3zrc1t,bad
http://google-update.top/payment.php,bad
http://microsoft-login.com/account-verify?ref=9u1E01dmMe7JxpjO,bad
https://shopify.com/api?ref=vhuec4tv,good
http://apple-support.icu/signin.php,bad
https://twitter.com/questions,good
http://amazon-update.org/survey.php?session=hzwl6PJ5WT1reXgh,bad
http://apple-support.xyz/update.php,bad
https://google-support.org/visit.php?token=NPWOiAbgFkuos9ew,bad
https://mail.apple.com/developers?ref=ju4odznf,good
https://www.bankofamerica.com/privacy?source=b4mcwwmv,good
https://axisbank.com/forum,good
http://google-account.net/invoice.php?token=J1If50WenviBlPVM,bad
https://edx.org/press,good
https://microsoft-account.cam/download.php?code=4yYtxovf5s6bZxxT,bad
https://linkedin.com/questions,good
http://apple-support.com/verify.php?key=5itHKtwyqqeawkyF,bad
http://paypal-security.net/download.php,bad
https://airbnb.com/docs?utm_source=dmoe5z03,good
https://ebay.com/profile?id=b4k7uxii,good
http://apple-account.xyz/survey.php,bad
https://washingtonpost.com/privacy?utm_source=siw4trlf,good
https://slack.com/account,good
https://salesforce.com/questions,good
http://paypal-update.net/identity-check,bad
https://amazon-support.icu/support.php,bad
https://citibank.com/downloads?utm_source=ddhrhvy8,good
https://sbi.co.in/updates,good
https://facebook-support.top/congratulations?code=XuoEBXgyJKc42eri,bad
https://chase.com/developers?utm_source=8xoofe20,good
https://airbnb.com/api,good
https://joomla.org/tutorials,good
http://facebook-support.cam/offer.php,bad
http://apple-support.icu/auth.php,bad
https://blog.reuters.com/settings,good
https://mail.myntra.com/policy?id=3ir9xx41,good
http://google-account.xyz/security-update?ref=iogqzigjg8DnAj5z,bad
http://microsoft-verify.org/payment.php?code=iB37Ym9Lj9NNaGXl,bad
https://amazon-security.top/link.php?token=6sDAmjWrSMN7W7jT,bad
https://app.apple.com/tools,good
http://amazon-login.xyz/signin.php,bad
https://dropbox.com/products,good
https://microsoft-account.cam/billing.php?key=aeJggmdUnIMO7ETo,bad
http://facebook-verify.icu/offer.php,bad
https://booking.com/tutorials,good
http://google-support.com/setup.exe,bad
http://facebook-security.icu/identity-check?key=8baw8HjcmQhTe5tQ,bad
https://facebook-update.net/discount.php,bad
https://apple-verify.cam/message.php,bad
https://shop.amazon.com/resources?utm_source=8r6w2u2q,good
https://wellsfargo.com/terms?source=y3esab2v,good
https://ebay.com/media,good
http://paypal-update.com/help.php?token=x1Gws1Cep8ZQFfLt,bad
https://joomla.org/item,good
http://facebook-verify.net/login.php?key=L9tDUhMafHoRh6FL,bad
https://makemytrip.com/browse,good
https://ajio.com/home,good
http://amazon-support.online/identity-check,bad
https://spotify.com/discussions,good
https://edx.org/wishlist,good
https://apple-support.top/link.php?session=SHQoiwPU3ToyXUql,bad
https://myntra.com/blog?utm_source=08d5dxzk,good
http://apple-update.xyz/message.php?session=rDQOKQeGd2nmdUsA,bad
http://paypal-login.xyz/prize-claim?ref=12NEStmIDv7Wy54G,bad
https://shop.bbc.co.uk/privacy,good
https://amazon-support.top/promotion.php,bad
https://blog.youtube.com/policy,good
https://microsoft-support.org/auth.php,bad
https://slack.com/services,good
http://amazon-update.cam/update.exe?key=nptKSx2Ho2O6vGVV,bad
http://apple-verify.icu/help.php?ref=H6ufDZuJg3BvgSAO,bad
https://adobe.com/downloads,good
https://capitalone.com/home,good
https://www.microsoft.com/security,good
http://amazon-verify.net/visit.php?ref=L90NxZZE8mv104W8,bad
https://facebook-support.net/url.php,bad
https://wordpress.org/announcements,good
http://facebook-verify.online/prize-claim,bad
http://paypal-account.online/message.php,bad
https://github.com/dashboard?id=tuw63x42,good
https://paypal-update.xyz/lottery-winner?code=ZhTmmcwrYPaQ7lxT,bad
https://blog.sbi.co.in/checkout,good
http://microsoft-update.top/message.php?code=vqfvBwYakT3Z11w9,bad
http://facebook-update.xyz/chat.php,bad
https://amazon.in/tutorials,good
https://hdfcbank.com/media?source=u7logroc,good
https://google-verify.xyz/support.php?code=s7E95EXfkFgI7XFP,bad
https://drupal.org/media,good
https://swiggy.com/contact,good
https://udemy.com/downloads?page=1vq009mg,good
http://paypal-update.online/promotion.php?code=Em76TEtV4E6TXcxc,bad
https://booking.com/item?page=3p72c6qw,good
https://microsoft.com/checkout,good
http://paypal-security.xyz/secure-login,bad
http://google-account.com/url.php,bad
https://amazon.in/category?ref=fgx80ebs,good
http://amazon-verify.net/congratulations?key=zIa9S4MyXDmHVDwV,bad
http://apple-support.icu/prize-claim?key=UeWNyJYuvGmRvjg1,bad
http://facebook-login.icu/discount.php?session=XPH3Oa1noup9VESm,bad
https://microsoft-account.xyz/security-update,bad
https://adobe.com/blog,good
https://google.com/tools,good
https://ebay.com/updates,good
http://paypal-support.com/contact.php,bad
http://amazon-support.icu/invoice.php?ref=dMN4iXhUJov2yp2i,bad
https://amazon-verify.icu/promotion.php,bad
https://blog.amazon.in/settings,good
https://news.cnn.com/tools,good
http://google-verify.com/billing.php,bad
https://craigslist.org/contact,good
https://microsoft-security.top/security-update,bad
https://amazon.com/news,good
https://twitter.com/settings,good
https://amazon-update.top/identity-check,bad
https://google.com/blog,good
https://apple-update.online/contact.php,bad
https://amazon-update.icu/offer.php?key=TR1DyYWAiMahCjoM,bad
https://goibibo.com/support,good
https://amazon-update.org/invoice.php,bad
https://api.chase.com/favorites,good
https://paypal-login.xyz/signin.php,bad
http://paypal-security.top/account-verify,bad
http://facebook-support.net/message.php,bad
http://apple-update.online/support.php,bad
https://dropbox.com/developers,good
https://rapido.com/checkout,good
https://www.ajio.com/category,good
https://swiggy.com/blog?page=pygnhvjt,good
https://api.wordpress.org/guidelines,good
https://udemy.com/privacy?page=lmh704z4,good
https://edx.org/profile,good
https://citibank.com/answers?id=abawt9vq,good
https://microsoft.com/policy,good
https://twitter.com/community,good
https://netflix.com/support,good
https://bankofamerica.com/home?ref=l4nw1c0i,good
https://capitalone.com/,good
http://google-login.net/signin.php,bad
https://ajio.com/forum?ref=ubltqsfj,good
https://paypal-verify.org/chat.php,bad
http://paypal-account.icu/patch.exe,bad
https://zoom.us/item,good
http://microsoft-account.top/payment.php,bad
https://ola.com/tools,good
https://oracle.com/blog?ref=51ytqqp0,good
https://api.udemy.com/?id=o6l3clby,good
http://google-verify.online/winner-notification,bad
http://amazon-login.xyz/secure-login,bad
https://microsoft-login.online/offer.php?key=WqvKuyWUJshSsrDT,bad
http://paypal-login.com/message.php,bad
https://facebook.com/answers,good
https://www.rapido.com/developers,good
https://apple-security.xyz/install.php,bad
http://apple-update.com/security-update?token=Jrkw2KaetEuDFpbR,bad
http://apple-update.xyz/receipt.php?code=fMyTl3leqJlcGrOp,bad
https://ola.com/billing,good
http://microsoft-login.icu/identity-check,bad
https://microsoft-account.com/lottery-winner,bad
https://shop.booking.com/press,good
https://blog.github.com/policy,good
https://mail.capitalone.com/favorites,good
http://google-login.org/account-verify?session=sfX5Bpwmho5hirDX,bad
https://amazon.in/help?id=fyeevg9c,good
http://google-login.online/help.php,bad
https://nytimes.com/home,good
https://google-support.icu/link.php,bad
https://khanacademy.org/announcements,good
https://amazon-verify.com/promotion.php,bad
https://spotify.com/cart,good
https://shopify.com/privacy,good
http://microsoft-support.cam/congratulations?token=3Z7Lajv7yCjBi1Bj,bad
http://amazon-security.icu/prize-claim,bad
http://apple-update.net/support.php,bad
https://salesforce.com/settings,good
https://bbc.co.uk/home?id=149pa5ld,good
https://stackoverflow.com/about?ref=4ioy2dv4,good
https://app.linkedin.com/settings,good
http://amazon-support.cam/deal.php,bad
http://apple-update.top/transaction.php,bad
https://www.chase.com/blog,good
https://www.khanacademy.org/home?ref=t37yipls,good
https://spotify.com/updates?page=ul6e2o70,good
http://google-update.org/survey.php?ref=1BIirrwMewsOCiPH,bad
https://mail.netflix.com/forum,good
https://linkedin.com/about?page=pwvzsw0x,good
https://oracle.com/announcements,good
https://shop.chase.com/wishlist?id=lpfrk4jh,good
https://reuters.com/orders?source=87oyb8w8,good
https://mail.chase.com/media,good
https://apple-verify.online/login.php?session=quiEYadIjcJyoylz,bad
https://ajio.com/downloads,good
http://facebook-support.org/url.php?key=FxstMXtolBm1osIt,bad
https://paypal-update.com/winner-notification,bad
http://amazon-security.org/invoice.php,bad
https://api.wordpress.org/tutorials?utm_source=tj4nad37,good
http://facebook-login.com/install.php,bad
https://salesforce.com/docs?id=y3ex4o9q,good
https://google-verify.top/redirect.php,bad
http://paypal-verify.net/setup.exe,bad
https://amazon-support.online/receipt.php?token=HApTww9rznpyY2zp,bad
https://imdb.com/forum,good
https://expedia.com/?id=yjqk0bgt,good
https://mail.paypal.com/about?page=mxh7u3pg,good
http://amazon-support.com/url.php?key=qInPhDDCs2j2dpdV,bad
https://amazin.com/redirect.php,bad
http://microsoft-account.xyz/message.php?ref=ydLGK3xcV1g4eXW6,bad
https://bankofamerica.com/account?id=j7p7n3kd,good
https://facebook-update.cam/install.php,bad
https://makemytrip.com/search,good
https://reddit.com/resources,good
http://google-support.com/lottery-winner?token=GogrPDRyMVgTzOVG,bad
https://www.craigslist.org/dashboard,good
http://apple-security.online/invoice.php?key=q5R1FPlEjnL7BD4S,bad
https://shopify.com/updates?page=of6kpxki,good
https://paypal-verify.net/promotion.php,bad
http://apple-verify.com/invoice.php,bad
https://wellsfargo.com/discussions,good
http://amazon-support.cam/login.php,bad
https://sbi.co.in/docs?ref=2huakrly,good
http://paypal-account.icu/invoice.php?token=oQ0V37bhgNVSZ9cO,bad
http://google-account.cam/payment.php,bad
http://apple-verify.com/chat.php?session=iGVMMrrtFuaSJ7d7,bad
https://salesforce.com/questions,good
http://facebook-verify.com/auth.php?session=hkOaxw7LFqsYViK1,bad
https://amazon-security.icu/download.php,bad
https://facebook-security.top/install.php,bad
https://shop.spotify.com/security,good
http://google-support.top/support.php?ref=e9RRoIrv7sSBLmYf,bad
https://booking.com/docs,good
https://twitter.com/developers,good
https://api.axisbank.com/favorites?utm_source=v5dd3v00,good
https://mail.washingtonpost.com/privacy,good
https://paypal-verify.top/secure-login?ref=hVhwm8NZep1c7ffb,bad
https://paypal-verify.net/billing.php?session=YefLpuxAEpQx884i,bad
https://facebook-login.top/setup.exe,bad
https://medium.com/login,good
http://paypal-verify.org/visit.php,bad
https://microsoft-verify.icu/secure-login,bad
http://amazon-update.com/update.php,bad
https://netflix.com/policy,good
https://ajio.com/services,good
https://amazon.in/tutorials?source=3rk6pzrk,good
https://capitalone.com/press,good
http://amazon-login.icu/payment.php,bad
https://paypal-account.icu/winner-notification?session=KFPveFpbDsvSfs65,bad
http://microsoft-security.cam/invoice.php,bad
https://zomato.com/checkout?source=tsglsnts,good
http://amazon-update.xyz/offer.php?key=vTRehwzdaW5gqdTf,bad
https://google-login.com/discount.php,bad
https://mail.khanacademy.org/questions,good
http://apple-support.net/winner-notification?session=9GGUISui6kYhxdVR,bad
http://microsoft-security.com/winner-notification,bad
http://google-update.online/billing.php,bad
https://imdb.com/dashboard,good
https://youtube.com/settings?ref=ir208jhu,good
https://salesforce.com/policy,good
https://amazon-verify.net/security-update,bad
http://apple-login.net/login.php,bad
http://paypal-verify.icu/survey.php?token=2OyMYGD1aJxyb2Z0,bad
https://paypal.com/settings,good
https://news.cnn.com/news,good
https://craigslist.org/resources,good
https://airbnb.com/developers,good
https://facebook-verify.com/verify.php?session=Ciwa9uzv3jDowY37,bad
https://google-update.icu/visit.php,bad
http://microsoft-support.online/billing.php?code=sEM9yqSVsqUiv6J9,bad
https://icicibank.com/services,good
https://zoom.us/forum,good
https://paypal-update.xyz/winner-notification?session=XBgXRM9rSQUial4J,bad
https://google-security.net/verify.php?ref=WXcuU1MYs0hFtnhp,bad
https://paypal-security.net/chat.php,bad
https://mail.linkedin.com/,good
https://www.rapido.com/tutorials?source=2wfo4mkx,good
http://microsoft-account.top/download.php?key=73bIajbfwhVDWZ9T,bad
http://paypal-support.icu/download.php?code=uOPRodSSMLjfvOra,bad
https://apple-verify.top/congratulations,bad
http://google-support.icu/discount.php?code=ZGiqQBN2vkNBIb5d,bad
https://sbi.co.in/community?ref=wdyft8tm,good
https://edx.org/policy,good
https://imdb.com/legal,good
https://microsoft-support.online/visit.php?token=BnTB6OR6YzYZU9c7,bad
https://stackoverflow.com/contact,good
https://google-security.cam/transaction.php,bad
http://paypal-login.online/transaction.php?code=EbMDrcxrmrnyttEx,bad
http://microsoft-update.net/winner-notification,bad
https://stackoverflow.com/security,good
https://microsoft-account.com/security-update?ref=zbyACXeTWvI4YtUf,bad
https://shopify.com/category,good
https://paypal.com/category,good
http://microsoft-verify.net/deal.php,bad
http://facebook-security.xyz/patch.exe,bad
http://amazon-login.online/signin.php,bad
http://google-security.xyz/update.exe,bad
https://facebook.com/answers?source=8t3r58l4,good
https://paypal-login.top/go.php,bad
http://paypal-support.xyz/go.php,bad
https://drupal.org/billing,good
https://makemytrip.com/api,good
https://reuters.com/legal,good
https://ola.com/account,good
https://zoom.us/cart,good
https://oracle.com/search?page=1dvuzwrx,good
http://microsoft-verify.net/verify.php,bad
http://amazon-support.xyz/update.exe,bad
http://amazon-login.icu/account-verify?ref=uEtwFxNLrfOH7e16,bad
https://bbc.co.uk/media,good
https://khanacademy.org/account,good
http://amazon-support.cam/download.php?token=QAW82zI5nWxf1AhV,bad
https://facebook-verify.com/login.php,bad
https://udemy.com/checkout?source=65lb8m3c,good
https://facebook-verify.online/go.php?ref=yLKw1j4sQiTFYkRg,bad
http://amazon-update.top/install.php,bad
https://oracle.com/updates?source=puha69gy,good
https://washingtonpost.com/item,good
https://chase.com/wishlist,good
http://amazon-support.xyz/auth.php?token=liUAP26efIDnAuUC,bad
https://bbc.co.uk/media,good
https://paypal-security.online/install.php,bad
https://axisbank.com/about,good
http://paypal-login.cam/account-verify,bad
https://www.shopify.com/account?id=sf73ja2n,good
https://expedia.com/account,good
https://linkedin.com/answers,good
https://instagram.com/community,good
https://app.educational.edu/support,good
http://apple-update.online/security-update,bad
http://facebook-security.xyz/visit.php,bad
https://apple-security.cam/discount.php?key=PYQYNvW4hjcCFZqp,bad
https://oracle.com/answers,good
http://amazon-update.online/help.php,bad
https://api.flipkart.com/browse?utm_source=dagpvotu,good
https://apple-verify.cam/deal.php,bad
https://wellsfargo.com/forum,good
http://amazon-verify.online/congratulations,bad
https://makemytrip.com/search,good
https://youtube.com/developers,good
https://expedia.com/tutorials,good
https://chase.com/contact?source=8hbyn7w8,good
https://medium.com/home?page=gitxqmpx,good
http://apple-update.com/congratulations,bad
https://instagram.com/favorites,good
http://microsoft-login.com/offer.php,bad
https://educational.edu/discussions,good
https://twitter.com/account?page=0l9w00ll,good
https://capitalone.com/news,good
http://microsoft-update.net/security-update,bad
http://microsoft-account.cam/url.php?code=gLThc4A5PaZGsVtL,bad
http://paypal-security.cam/account-verify?code=yvrCdq5URAfWxTTV,bad
http://apple-security.cam/deal.php,bad
https://spotify.com/questions,good
https://linkedin.com/media,good
https://api.airbnb.com/policy?source=gc2j4fqa,good
https://dropbox.com/press,good
https://wikipedia.org/downloads,good
https://api.dropbox.com/item,good
http://google-security.org/receipt.php,bad
http://paypal-login.icu/offer.php,bad
http://apple-support.com/help.php?ref=5TFB4LhPFaDV8xrh,bad
https://google-support.top/download.php,bad
http://facebook-support.online/redirect.php,bad
https://api.chase.com/browse,good
https://netflix.com/announcements,good
http://paypal-login.com/receipt.php?code=dxLOfcY8MqaH8uIo,bad
https://blog.facebook.com/item?utm_source=di98m15h,good
http://amazon-update.icu/install.php,bad
https://app.khanacademy.org/wishlist?utm_source=p8n99z4i,good
http://amazon-support.top/update.exe?session=vRdsRpbxrFNOm54I,bad
http://microsoft-verify.cam/install.php,bad
http://apple-support.cam/discount.php?token=u0AvstFK9yRY5VTX,bad
https://twitter.com/resources?utm_source=4m45tcv5,good
https://educational.edu/item,good
http://google-security.cam/verify.php?session=133ypcCSgEaxrHqk,bad
http://paypal-support.org/contact.php,bad
https://reuters.com/browse,good
https://goibibo.com/questions?id=ulr3ff05,good
https://amazon.in/dashboard,good
http://amazon-verify.cam/winner-notification,bad
http://microsoft-verify.top/auth.php?key=cUtp5fGMXgtRK4XC,bad
https://microsoft-verify.xyz/redirect.php?key=aNHLONJxaXmfDR4v,bad
https://amazon-login.top/account-verify,bad
https://app.facebook.com/favorites?page=7al0keb5,good
https://www.myntra.com/category?utm_source=h4q19g0z,good
https://ola.com/account?ref=x9psqcj0,good
https://mail.kotak.com/security,good
http://facebook-security.com/prize-claim?key=LytPdsbnINRberWD,bad
https://app.wikipedia.org/resources?id=k76pkvrh,good
http://amazon-security.net/lottery-winner,bad
https://stackoverflow.com/contact?page=g4fwafvf,good
http://facebook-account.xyz/redirect.php,bad
http://facebook-verify.net/security-update?key=J7Ajz9b1CoNkoIGa,bad
https://wellsfargo.com/products,good
http://amazon-verify.xyz/lottery-winner,bad
http://google-support.cam/identity-check?token=8WIuottUWN505T1A,bad
https://swiggy.com/terms,good
http://google-update.icu/link.php,bad
http://amazon-update.net/security-update,bad
http://amazon-login.icu/update.php?code=yAyATrMJBRH2H2zM,bad
https://instagram.com/announcements?ref=5liwntr9,good
https://wikipedia.org/settings?utm_source=n37e4xub,good
https://myntra.com/about?utm_source=di9pmvas,good
https://amazon.in/services,good
http://amazon-account.org/account-verify,bad
https://bankofamerica.com/developers?ref=7dd7oze3,good
https://amazon.in/legal,good
http://facebook-support.icu/download.php?code=Sz95idSlRquetTUL,bad
http://apple-verify.top/lottery-winner?key=3KNxe4mPAFTkhJEy,bad
https://joomla.org/favorites?utm_source=7sq7hqu5,good
https://axisbank.com/forum?utm_source=t847372h,good
https://wikipedia.org/security,good
https://rapido.com/tools?ref=bp6z5v9s,good
https://sbi.co.in/orders?source=k532cygf,good
https://mail.capitalone.com/wishlist,good
http://google-security.online/survey.php,bad
http://amazon-account.com/promotion.php?key=OS4Gwfd6CNf7yteE,bad
http://paypal-login.cam/update.exe,bad
https://wikipedia.org/?source=l7pzyrnf,good
http://apple-update.online/congratulations,bad
http://paypal-verify.online/help.php?session=tiMeFCgTESklx9XI,bad
http://amazon-update.com/update.php,bad
http://amazon-security.online/offer.php?key=hsB2LynJPPseMlBx,bad
https://airbnb.com/api,good
https://nytimes.com/item,good
https://paypal-login.net/deal.php?ref=hJMScXedcZs4sngh,bad
https://swiggy.com/legal,good
https://ola.com/dashboard,good
https://spotify.com/questions,good
https://app.craigslist.org/answers,good
https://microsoft-login.icu/transaction.php?token=E4ycY6vaXPMqD0K0,bad
http://google-update.icu/receipt.php,bad
https://adobe.com/docs?id=721fl3rs,good
https://github.com/api,good
https://microsoft-update.org/lottery-winner,bad
https://blog.news.cnn.com/browse?source=cd3svxi3,good
http://apple-update.online/winner-notification,bad
https://joomla.org/about?id=1r1xac6g,good
https://microsoft-update.online/support.php,bad
https://www.airbnb.com/wishlist,good
https://facebook-support.org/auth.php,bad
https://amazon-account.net/verify.php,bad
http://apple-account.org/account-verify?ref=qI3zHyuimhdS6sLX,bad
https://www.salesforce.com/security,good
http://facebook-support.xyz/identity-check?session=QP43GTScurQ5JqoX,bad
https://google.com/media,good
https://medium.com/legal,good
http://google-login.net/auth.php,bad
http://microsoft-login.com/receipt.php,bad
https://blog.linkedin.com/announcements,good
http://facebook-login.cam/patch.exe,bad
https://bankofamerica.com/docs?source=wuk79dy1,good
https://apple-update.net/survey.php,bad
http://facebook-security.icu/payment.php,bad
http://google-update.com/update.php?session=V4uSDHihIKmaZ4uh,bad
http://google-verify.cam/receipt.php,bad
http://apple-security.top/url.php,bad
https://stackoverflow.com/legal,good
https://news.cnn.com/forum,good
http://paypal-security.top/discount.php?session=QL5oNoVM6j7j6AeG,bad
https://twitter.com/privacy,good
https://linkedin.com/guidelines,good
https://mail.youtube.com/downloads?utm_source=mvsfhpcw,good
https://adobe.com/questions,good
https://instagram.zip/identity-check,bad
http://facebook-account.online/receipt.php?ref=IX0iCVHWxi8Nf0tj,bad
https://apple-verify.org/url.php?ref=DNzoYzG5DqdUK9oq,bad
https://icicibank.com/press,good
https://udemy.com/favorites,good
https://drupal.org/downloads,good
https://citibank.com/orders,good
http://microsoft-verify.top/deal.php?key=y4qY0wEv7uCzHNxp,bad
http://microsoft-update.net/deal.php?session=h9HRXsbTdlheymfV,bad
http://paypal-support.cam/congratulations?token=ffsvqyevRdah3a0l,bad
https://microsoft-account.com/security-update,bad
https://flipkart.com/services?page=rq6gah7g,good
https://hdfcbank.com/history,good
https://educational.edu/products,good
https://bbc.co.uk/developers,good
https://amazon-verify.net/help.php,bad
http://microsoft-support.online/identity-check,bad
https://axisbank.com/legal?source=l4sjjwkk,good
https://shopify.com/profile,good
http://amazon-account.org/setup.exe?ref=NkNwuaObaJI7ud4x,bad
https://microsoft-account.xyz/security-update?session=HlOQFeITp8MYv0SX,bad
https://app.flipkart.com/login?source=p5ldp5lj,good
https://bankofamerica.com/developers,good
http://apple-support.cam/auth.php,bad
https://ola.com/developers,good
https://rapido.com/forum,good
http://paypal-update.icu/identity-check?ref=5475p3ttoi8cVrnB,bad
https://www.wellsfargo.com/services,good
https://google-support.xyz/support.php,bad
https://shop.citibank.com/orders,good
https://paypal-support.cam/identity-check,bad
http://microsoft-security.online/prize-claim,bad
https://paypal-login.icu/login.php?session=JnJnzEDbFkL0K4SA,bad
http://paypal-security.org/update.php?session=bBdbOzX6TbD3Ke7X,bad
https://api.hdfcbank.com/legal,good
http://google-update.icu/account-verify,bad
https://stackoverflow.com/wishlist,good
http://microsoft-login.org/receipt.php,bad
https://shop.edx.org/item,good
https://wikipedia.org/api,good
http://paypal-support.net/support.php?key=LbYlqNsvbvzDwF7M,bad
https://netflix.com/tools?page=q5sjqvo0,good
http://apple-security.cam/transaction.php,bad
https://bankofamerica.com/browse,good
https://nytimes.com/login,good
https://shopify.com/guidelines,good
https://paypal-login.icu/account-verify?key=JDI4pXXeVvjm9v1b,bad
https://craigslist.org/contact,good
https://amazon-login.icu/download.php,bad
https://coursera.org/tools?source=kn33tsan,good
http://apple-security.net/go.php,bad
https://amazon-verify.org/offer.php?code=E6rKbofHZBHZ3ojW,bad
https://spotify.com/category,good
http://facebook-security.top/go.php,bad
https://amazon-update.xyz/install.php?key=Gijdom3QPpa0uy4H,bad
https://nytimes.com/legal,good
https://craigslist.org/profile,good
https://api.salesforce.com/dashboard,good
http://amazon-update.xyz/message.php?key=EzztEyDTAKQmScXG,bad
http://microsoft-update.net/redirect.php?token=2RJsaI2NQqcQUS4z,bad
http://apple-verify.top/transaction.php,bad
https://adobe.com/api,good
http://facebook-login.com/go.php?session=gmJ4GDNiMmt9Fk1g,bad
https://icicibank.com/billing?id=abh14bh3,good
https://nytimes.com/help,good
http://facebook-support.xyz/update.php,bad
https://udemy.com/community,good
https://wellsfargo.com/api,good
https://api.nytimes.com/downloads,good
https://oracle.com/forum,good
https://linkedin.com/,good
http://amazon-security.net/update.exe?token=kRGkG6WG4unCYKYz,bad
http://amazon-login.org/winner-notification?code=mTkecz5509JFK9E1,bad
https://www.github.com/dashboard?source=9jcl8lu6,good
http://amazon-security.net/chat.php?code=XqWJ90dM4VO9JVpF,bad
https://youtube.com/search?ref=f2ukjxru,good
https://microsoft.com/legal,good
http://paypal-security.online/identity-check,bad
http://facebook-support.com/go.php,bad
http://amazon-support.xyz/contact.php,bad
http://apple-update.com/deal.php,bad
https://youtube.com/press,good
https://microsoft-security.top/login.php?token=avNN02QFuFT9S4v1,bad
https://google-verify.online/discount.php,bad
http://apple-login.com/billing.php,bad
http://amazon-account.top/invoice.php,bad
https://reddit.com/privacy?id=xld8afzy,good
https://spotify.com/tools,good
http://microsoft-support.xyz/invoice.php,bad
https://paypal-verify.cam/patch.exe,bad
https://app.expedia.com/settings,good
http://google-verify.xyz/transaction.php?key=EHi3b526VdTzm0m3,bad
http://faebook.com/transaction.php?code=EFBwGSSdCAAzPjUg,bad
https://app.washingtonpost.com/support,good
http://paypal-account.icu/promotion.php?token=dsAwSy63T58UsJ6g,bad
https://apple-update.xyz/message.php,bad
http://paypal-update.online/chat.php?session=idNd8K02EAEEelf1,bad
http://paypal-account.cam/install.php?session=KcQ3oay9bUR0Wou1,bad
https://chase.com/tools,good
http://apple-login.com/patch.exe?ref=BM5egQW2JDqSSeYW,bad
https://microsoft-login.net/download.php?session=AKzb69mN0UO1Hzcn,bad
http://facebook-support.cam/auth.php,bad
https://google-login.top/billing.php,bad
https://apple.com/tutorials,good
https://paypal.com/press,good
https://booking.com/news?source=f15fguaa,good
https://shop.apple.com/account?source=6159z9n2,good
https://zomato.com/resources,good
https://sbi.co.in/community?source=4pebonpx,good
https://amazon-support.org/download.php,bad
https://api.ebay.com/community,good
http://apple-login.online/transaction.php?token=BbfBMPftZmaks4iQ,bad
https://paypal-verify.cam/identity-check,bad
https://oracle.com/media?page=swnhc17r,good
https://instagram.com/questions,good
http://facebook-update.icu/congratulations,bad
https://youtube.com/dashboard?ref=68zlszgo,good
https://news.cnn.com/products,good
http://amazon-support.org/update.php,bad
http://paypal-verify.com/deal.php,bad
https://blog.coursera.org/support,good
https://google-verify.icu/update.php,bad
https://flipkart.com/profile,good
https://craigslist.org/terms?source=60lxsqm0,good
http://paypal-account.icu/message.php,bad
https://facebook-update.xyz/help.php,bad
https://shopify.com/community,good
http://paypal-verify.icu/go.php,bad
http://facebook-support.top/identity-check?session=gKzi8ksyPvihmJX0,bad
http://paypal-security.org/lottery-winner,bad
https://educational.edu/home,good
https://udemy.com/,good
http://apple-security.cam/account-verify,bad
http://google-support.net/deal.php,bad
https://booking.com/developers,good
https://ola.com/policy?source=plhwtycu,good
https://joomla.org/answers,good
https://google-account.cam/deal.php?token=eiawTFuQQu1vVDNz,bad
https://facebook-verify.icu/visit.php,bad
https://amazon-support.xyz/offer.php,bad
http://amazon-support.org/survey.php?session=pOhnPmk89qxdwDJ8,bad
https://swiggy.com/profile,good
https://salesforce.com/docs?id=l5187dc3,good
http://microsoft-support.org/setup.exe,bad
http://google-security.icu/transaction.php?session=4XwfVmJRDqYf2y8m,bad
http://paypal-security.cam/auth.php?code=oTdYP53UHKu85QPs,bad
https://washingtonpost.com/forum?page=0n9iy6qr,good
https://shop.rapido.com/announcements,good
http://amazon-login.org/survey.php?code=DJfowOOvrZU7Sroq,bad
https://reddit.com/security,good
http://paypal-support.top/contact.php?token=CA7KsJ6uPR1d6iOQ,bad
https://facebook-security.cam/install.php,bad
https://google-support.org/payment.php,bad
https://ola.com/favorites,good
https://myntra.com/security?ref=mw6bxwqf,good
https://reddit.com/profile?utm_source=ji1qz5xp,good
http://facebook-support.top/chat.php,bad
https://mail.udemy.com/legal,good
http://google-verify.online/redirect.php,bad
http://google-update.icu/invoice.php?ref=XoO6T6nlhjkSQkjp,bad
http://apple-update.cam/link.php,bad
https://wikipedia.org/billing,good
https://goibibo.com/history?page=ohpzx4r5,good
http://facebook-verify.org/verify.php?ref=dLYgrcfBJP1bAbsF,bad
https://shop.myntra.com/docs?source=4xzbj7ma,good
http://microsoft-verify.cam/payment.php?token=1pHWGrt1z2tHFrAV,bad
https://apple-login.org/security-update,bad
https://bbc.co.uk/dashboard,good
https://blog.kotak.com/discussions?utm_source=o6kxw6zs,good
https://facebook.com/checkout,good
https://edx.org/press,good
http://amazon-security.com/go.php?token=OoReXAPVuKY9WcMb,bad
https://udemy.com/wishlist,good
http://apple-support.net/congratulations,bad
https://facebook-update.org/setup.exe?token=Rszg1x05MTMErdAh,bad
http://quick-cash.com/receipt.php,bad
http://microsoft-login.icu/congratulations,bad
https://mail.paypal.com/?ref=jgfd46iq,good
https://stackoverflow.com/updates?id=mkya9o85,good
http://facebook-security.com/setup.exe,bad
http://microsoft-account.com/update.exe,bad
https://airbnb.com/home,good
https://shopify.com/terms,good
https://google-security.online/receipt.php?session=8czJzGNvhCkyxTGe,bad
https://shop.youtube.com/services,good
https://booking.com/products,good
http://facbook.com/visit.php,bad
https://nytimes.com/favorites,good
https://educational.edu/help,good
https://mail.booking.com/settings,good
https://ebay.com/news,good
https://blog.reddit.com/press,good
http://amazon-account.net/login.php,bad
http://google-login.online/message.php,bad
http://google-support.online/payment.php,bad
https://blog.ola.com/security,good
https://google-account.com/signin.php?session=5C5fKnpirbxrea1o,bad
https://amazon-security.icu/invoice.php,bad
https://shop.microsoft.com/cart?id=h2zwatzv,good
https://amazon.in/wishlist?utm_source=5jjii0dk,good
https://google-login.org/redirect.php,bad
https://bbc.co.uk/privacy?page=7we3oxmz,good
https://netflix.com/docs,good
https://paypal-security.icu/lottery-winner?ref=gMIEVLXyq0UhNxil,bad
https://imdb.com/resources?ref=jzszer4x,good
https://youtube.com/,good
https://paypal-support.xyz/promotion.php?token=IEcZjUdB67b6iaV1,bad
https://api.sbi.co.in/discussions,good
https://stackoverflow.com/products?id=sz9nnxrp,good
https://hdfcbank.com/blog,good
http://amazon-account.icu/discount.php?token=dJpWMJHvrOlleU7s,bad
https://khanacademy.org/guidelines?id=k4ol4ee9,good
https://dropbox.com/downloads,good
http://google-account.cam/visit.php,bad
https://slack.com/media,good
http://microsoft-support.cam/security-update?token=Itpk5vkfAeKYCRG0,bad
https://google-security.net/payment.php?token=N6MtAy4mHjbepeUY,bad
https://api.instagram.com/tools,good
http://microsoft-support.net/help.php?key=pcXeergemW3CTuZ8,bad
https://facebook-account.cam/link.php?ref=mfhGJMsEQaUg8SDW,bad
https://ola.com/contact,good
https://mail.udemy.com/about,good
http://google-login.cam/discount.php?code=arOdGsdW9eZQGPiY,bad
https://myntra.com/privacy?utm_source=yko88sfi,good
http://apple-security.com/redirect.php?token=I8oodvK0WuDMgzOy,bad
https://paypal-account.icu/identity-check,bad
https://khanacademy.org/api?page=zh6w7cku,good
http://paypal-account.net/survey.php,bad
https://makemytrip.com/forum,good
https://reddit.com/profile,good
https://swiggy.com/blog?ref=78s9uo1u,good
https://mail.hdfcbank.com/category?utm_source=q2jmw4fw,good
https://icicibank.com/dashboard,good
https://capitalone.com/settings?utm_source=x7ffq226,good
http://paypal-account.icu/identity-check,bad
https://educational.edu/products,good
http://apple-login.online/identity-check,bad
https://microsoft.com/item?ref=6ax1b7cx,good
https://instagram.com/cart,good
https://bankofamerica.com/about?ref=tnq5g6o5,good
https://wellsfargo.com/orders,good
http://google-login.online/payment.php?session=2NtKw8N0KtnULM4O,bad
https://shop.chase.com/api?page=g66mdkq5,good
https://ajio.com/security,good
http://amazon-security.top/prize-claim?token=hTPyoJqEbA7Zgt8x,bad
http://apple-support.cam/identity-check,bad
http://paypal-update.org/patch.exe,bad
https://twitter.com/tools,good
http://paypal-security.com/payment.php,bad
https://microsoft-account.top/survey.php?code=jqqBPaEcEmUqND7Q,bad
http://facebook-security.net/identity-check?code=DUr5R2il6h4NlbQm,bad
https://sbi.co.in/terms,good
https://khanacademy.org/news?page=0nmuye7k,good
https://mail.bbc.co.uk/login?source=m6sgya37,good
https://blog.zoom.us/contact,good
https://washingtonpost.com/legal,good
https://facebook.com/home,good
http://facebook-account.icu/payment.php,bad
https://booking.com/help,good
https://coursera.org/account?source=txlmc4ev,good
https://mail.medium.com/contact,good
https://mail.ajio.com/developers,good
https://booking.com/cart?id=lqh1223s,good
http://google-account.online/payment.php?code=zf8AEnfQyr2TSlrT,bad
http://apple-security.net/chat.php,bad
http://facebook-login.online/account-verify?code=c4x7JNYn0LrhsXzT,bad
https://www.makemytrip.com/tutorials?ref=lvn8u3c7,good
http://google-verify.net/deal.php,bad
https://facebook-support.net/invoice.php?code=uWcZKZYsWILMy3lo,bad
https://dropbox.com/legal?source=fccd0bf2,good
http://microsoft-verify.net/identity-check,bad
https://khanacademy.org/tutorials?source=z8s07lp0,good
http://apple-support.cam/security-update,bad
https://myntra.com/press,good
https://amazon-login.com/install.php,bad
https://paypal-account.icu/transaction.php,bad
http://microsoft-update.com/contact.php,bad
http://facebook-update.icu/secure-login,bad
http://facebook-verify.top/contact.php,bad
https://reuters.com/news,good
https://ajio.com/blog,good
https://kotak.com/resources?utm_source=iwdothru,good
http://apple-update.org/redirect.php?key=H6v8eHbJ8RVDGHSb,bad
https://app.airbnb.com/legal,good
http://google-update.icu/survey.php,bad
http://apple-login.com/offer.php?code=YKNRowi85AID9ihI,bad
https://stackoverflow.com/dashboard?utm_source=qcbsvo8t,good
http://facebook-security.icu/lottery-winner,bad
https://dropbox.com/legal,good
https://wikipedia.org/tools,good
https://linkedin.com/category,good
https://reddit.com/services,good
http://amazon-account.xyz/setup.exe?token=u3MkQxHgkqLCOlCV,bad
https://wellsfargo.com/discussions?id=rn0n0emt,good
http://amazon-login.xyz/offer.php,bad
https://sbi.co.in/updates,good
http://paypal-account.xyz/download.php,bad
https://blog.ajio.com/tutorials,good
https://github.com/category,good
http://paypal-login.com/prize-claim,bad
https://zoom.us/services,good
http://facebook-security.org/login.php,bad
https://news.cnn.com/item,good
https://oracle.com/wishlist,good
http://amazon-login.net/help.php?token=GiUIVZBlPOQErGl1,bad
https://paypal-login.icu/update.php?session=1xaeq2RVBEPHsRQs,bad
http://apple-update.online/receipt.php?ref=KknDeKeyuw1mi7cR,bad
https://zoom.us/dashboard,good
http://amazon-account.cam/account-verify,bad
http://amazon-login.xyz/login.php?token=PTd6MJOCjPMMTCqh,bad
http://apple-verify.top/prize-claim?session=AmoHCzCBdNMj7Cd1,bad
https://nykaa.com/tutorials,good
https://slack.com/press,good
http://amazon-account.net/link.php,bad
http://apple-login.online/prize-claim?token=hRs7QxeCr75oIuo3,bad
https://www.dropbox.com/cart?utm_source=7voju8u4,good
https://slack.com/dashboard,good
https://ajio.com/questions,good
https://github.com/press,good
https://paypal-account.net/auth.php?code=UwLEbFdOZpmuThpJ,bad
https://apple-login.online/message.php?ref=qHMcCuK3iHX4txE4,bad
http://facebook-account.net/setup.exe,bad
https://makemytrip.com/help,good
http://amazon-account.net/go.php,bad
http://amazon-update.top/lottery-winner,bad
https://shop.axisbank.com/,good
https://amazon-security.org/invoice.php,bad
https://blog.craigslist.org/answers?source=nzhw3c4u,good
http://microsoft-security.net/account-verify,bad
https://educational.edu/questions,good
https://mail.edx.org/legal,good
https://myntra.com/discussions,good
https://udemy.com/login,good
https://craigslist.org/developers?utm_source=asnkup14,good
https://paypal-security.com/message.php,bad
https://facebook.com/resources,good
http://facebook-security.org/verify.php,bad
https://apple-security.org/help.php?ref=64TGEpDDVksXSFdZ,bad
https://mail.myntra.com/tutorials?id=w78thmfv,good
https://api.youtube.com/support,good
https://slack.com/announcements,good
https://amazon-verify.cam/verify.php,bad
https://google-update.top/security-update?token=gWN34EauFBbcStKS,bad
https://apple-security.org/setup.exe,bad
https://google-update.cam/go.php,bad
https://microsoft.com/announcements,good
https://shopify.com/developers,good
http://facebook-login.top/message.php,bad
https://craigslist.org/billing,good
https://flipkart.com/cart?source=tv3x3jbi,good
https://spotify.com/browse?ref=kympr7li,good
http://microsoft-account.icu/link.php,bad
http://apple-security.top/promotion.php,bad
https://app.citibank.com/updates,good
https://microsoft.com/developers,good
https://goibibo.com/services?ref=1xca2zxm,good
http://facebook-verify.top/auth.php?ref=y4eFHkQKjz2B563y,bad
https://myntra.com/downloads?utm_source=raulixk5,good
http://amazon-security.com/download.php,bad
https://capitalone.com/checkout,good
https://netflix.com/browse,good
http://apple-security.cam/invoice.php,bad
http://apple-support.xyz/visit.php,bad
https://linkedin.com/cart,good
https://shop.bbc.co.uk/news?page=q7m46l47,good
http://google-login.xyz/contact.php?key=F4RJJXAswsnwpila,bad
http://microsoft-update.icu/secure-login,bad
http://apple-login.org/transaction.php?ref=SOmPbzjYe2F9mO3T,bad
https://khanacademy.org/announcements,good
http://google-login.org/deal.php,bad
https://makemytrip.com/settings?ref=xhpjf10u,good
https://coursera.org/category,good
https://wikipedia.org/press,good
https://facebook-update.online/account-verify,bad
http://paypal-account.com/help.php,bad
http://amazon-update.net/congratulations,bad
https://www.youtube.com/privacy,good
https://bbc.co.uk/account?source=bfitxyh4,good
https://paypal-account.cam/survey.php,bad
http://paypal-account.xyz/visit.php,bad
http://facebook-login.org/setup.exe,bad
http://facebook-security.net/visit.php?code=BP8djxdITP4KwR8l,bad
http://amazon-verify.com/winner-notification?token=JmgfhPgVaqLf9uND,bad
https://ebay.com/tutorials,good
https://nytimes.com/updates,good
https://www.slack.com/services?source=m18mfzaw,good
https://joomla.org/history,good
https://amazon.in/,good
https://amazon-login.com/go.php,bad
http://facebook-update.net/login.php,bad
http://google-update.com/update.exe?ref=Bhy7Q2932jO79Qzn,bad
https://adobe.com/docs?utm_source=net2b6ag,good
https://facebook-account.net/go.php?session=tW5xOSZypsd2jD38,bad
https://goibibo.com/answers?source=r1zja16j,good
http://paypal-verify.net/deal.php,bad
https://rapido.com/wishlist,good
https://shop.oracle.com/legal?ref=nmq01mgr,good
https://amazon-login.xyz/download.php?code=zWRBJgQelpBswl2S,bad
http://paypal-support.cam/chat.php,bad
https://shop.netflix.com/help?ref=53m46s6f,good
http://facebook-login.icu/setup.exe,bad
http://google-account.net/contact.php,bad
https://hdfcbank.com/home,good
https://amazon-account.net/winner-notification,bad
https://apple-update.net/deal.php,bad
https://microsoft.com/announcements?page=97sm07k6,good
https://ajio.com/services?source=2unhexiv,good
https://wikipedia.org/announcements,good
https://github.com/news?source=1spix4um,good
http://amazon-security.top/login.php,bad
https://booking.com/privacy,good
http://apple-verify.com/offer.php?token=V9KeqSv6vL8QYjd2,bad
https://app.wellsfargo.com/downloads?utm_source=p6jprq8w,good
https://amazon-account.online/download.php,bad
https://app.zomato.com/resources,good
http://paypal-login.com/lottery-winner,bad
http://amazon-verify.online/congratulations,bad
https://makemytrip.com/security,good
https://medium.com/community,good
https://kotak.com/browse?source=wh5b0hzm,good
https://booking.com/settings,good
https://zomato.com/dashboard?utm_source=vri0rtu1,good
https://apple-account.top/visit.php,bad
http://facebook-verify.cam/download.php?session=TYdwXOxsBaajWCJQ,bad
https://spotify.com/profile?page=djuv8qo1,good
https://google-update.top/invoice.php,bad
https://joomla.org/about,good
https://wikipedia.org/support,good
https://udemy.com/home,good
http://apple-login.cam/congratulations?ref=8OX9lKG5SmvjME0k,bad
http://google-account.online/prize-claim,bad
http://paypal-update.cam/go.php,bad
https://zoom.us/browse,good
https://google.com/category,good
http://microsoft-verify.cam/secure-login?code=fUSvn5pcBxpCWRZE,bad
http://facebook-security.top/setup.exe?key=NhooBqF7qfERMuEZ,bad
http://paypal-account.com/winner-notification?key=l1XHrNrfwv3fvwNA,bad
http://paypal-login.org/payment.php,bad
http://microsoft-update.xyz/winner-notification?code=DAL7fKliXIEbFZUO,bad
https://hdfcbank.com/announcements?ref=bp81lxfu,good
https://bankofamerica.com/discussions,good
http://facebook-security.cam/visit.php,bad
https://api.microsoft.com/cart?utm_source=uba8yd7x,good
https://mail.sbi.co.in/terms?ref=z6v6zmra,good
http://apple-support.online/patch.exe?ref=sM6rw8NVwlOPX5Fq,bad
http://facebook-security.top/setup.exe?session=BiDyOWYMk1E5S31F,bad
https://edx.org/history,good
http://google-update.top/invoice.php,bad
http://apple-login.com/lottery-winner?code=74oSKYs6sFIVfySK,bad
http://apple-update.cam/deal.php?ref=ZUEndlOIMlEeBKlh,bad
https://adobe.com/favorites,good
https://spotify.com/,good
https://microsoft-security.com/account-verify,bad
https://facebook-update.org/url.php,bad
http://paypal-verify.online/discount.php?token=naETg1RttLHFlsbs,bad
https://google.com/dashboard,good
http://facebook-account.online/help.php,bad
https://booking.com/api,good
http://paypal-support.online/transaction.php,bad
https://apple-support.icu/discount.php,bad
https://facebook-security.online/discount.php?token=uxCPLisH1DLtWOtV,bad
http://google-login.online/billing.php,bad
https://salesforce.com/api,good
https://chase.com/billing,good
http://google-support.online/support.php,bad
http://microsoft-verify.com/message.php,bad
https://netflix.com/products?page=dbgza9ck,good
https://expedia.com/developers,good
https://www.edx.org/blog?utm_source=wek0fbfi,good
http://facebook-update.top/security-update,bad
http://microsoft-login.net/receipt.php,bad
http://microsoft-security.net/link.php?token=VXZSr3bNfhogT7qJ,bad
https://github.com/news,good
https://booking.com/updates,good
http://paypal-update.xyz/lottery-winner,bad
https://khanacademy.org/account?utm_source=jfxnvf94,good
http://apple-support.online/promotion.php,bad
http://amazon-login.net/promotion.php?ref=GOsDKHXG3txInuOQ,bad
https://news.cnn.com/orders,good
https://bbc.co.uk/questions,good
http://amazon-verify.com/setup.exe?ref=9BIJUTCkwLckSHtl,bad
http://google-verify.com/contact.php?code=wZuuFLjnZSs9wnxd,bad
http://apple-security.xyz/auth.php?key=dMgCc3jwSRf9f83h,bad
https://mail.linkedin.com/news,good
http://microsoft-account.net/go.php?token=t2uPfDrEU7xOEI3l,bad
https://amazon-account.org/identity-check?token=CDlU92odnLK0wIKv,bad
https://zoom.us/forum?id=ycjftw0c,good
https://microsoft-account.net/message.php,bad
https://craigslist.org/billing,good
http://paypal-support.net/download.php,bad
https://shopify.com/questions,good
https://stackoverflow.com/wishlist,good
https://google-verify.online/prize-claim?key=qrVW4RvgPTVD1HbA,bad
http://apple-update.icu/discount.php?key=ZrcyOXHv0lqlP0mG,bad
http://apple-account.com/transaction.php?key=BrLokrRU7tf31Per,bad
https://spotify.com/security?utm_source=lcguj16v,good
https://instagram.com/tutorials,good
http://google-login.org/congratulations,bad
http://apple-login.com/update.exe,bad
http://google-security.org/patch.exe?key=QyupFktWWFvWwtpO,bad
https://wellsfargo.com/orders,good
https://shop.sbi.co.in/developers,good
http://amazon-login.com/winner-notification,bad
https://axisbank.com/category,good
https://app.medium.com/policy?ref=qbisi2yb,good
https://apple-security.top/discount.php,bad
https://ola.com/settings,good
http://google-security.net/prize-claim,bad
http://apple-update.top/help.php,bad
http://microsoft-security.org/login.php?key=bYdGC03siQkiooqp,bad
http://google-support.online/chat.php,bad
http://microsoft-login.com/chat.php?key=g5BBFIcr8Qalm80S,bad
https://zomato.com/announcements,good
https://edx.org/about,good
https://www.myntra.com/billing,good
http://facebook-account.online/visit.php?code=v8ubn748KearMqrW,bad
https://paypal-verify.top/offer.php?ref=eTcQmos055LS4cE9,bad
http://microsoft-account.net/security-update?code=gTPjSp9Si1o9jHtf,bad
https://blog.educational.edu/settings?id=0575dask,good
https://blog.myntra.com/security?utm_source=gl0c2a1g,good
http://apple-login.online/prize-claim?session=qgq9D66KybfOVi1C,bad
http://faceboook.com/verify.php,bad
https://linkedin.com/resources?id=w56zxopu,good
http://facebook-update.icu/link.php?session=6NAU03yk9KkfBnw8,bad
https://api.wellsfargo.com/tutorials?source=okq7s83e,good
https://citibank.com/news?id=0zbtl9by,good
https://axisbank.com/developers,good
https://chase.com/tutorials,good
https://google-verify.top/install.php,bad
http://microsoft-support.online/signin.php?key=qbLprISvjPnyiDgj,bad
https://udemy.com/legal?utm_source=ve4gcvrw,good
http://google-verify.xyz/identity-check,bad
http://paypal-security.online/secure-login,bad
http://amazon-update.top/support.php,bad
https://zoom.us/browse,good
http://microsoft-support.online/message.php?token=3xjl8p1NPNzBt8MJ,bad
https://app.edx.org/news,good
http://paypal-update.cam/transaction.php?session=RDz8npoye0clV8LW,bad
https://mail.netflix.com/history?page=nltxvc8o,good
https://app.adobe.com/downloads,good
http://google-update.xyz/lottery-winner,bad
https://app.bbc.co.uk/privacy,good
http://amazon-security.top/identity-check?ref=Q9SvDliVnfVF8hT5,bad
https://imdb.com/community,good
http://amazon-login.xyz/message.php?code=IyCbVtKjjpVvBQv3,bad
https://dropbox.com/login,good
https://expedia.com/orders,good
https://swiggy.com/resources,good
https://facebook-verify.com/transaction.php,bad
http://microsoft-support.online/invoice.php,bad
https://twitter.com/orders,good
http://facebook-support.org/promotion.php,bad
http://microsoft-account.net/identity-check,bad
https://imdb.com/?source=j1qinnyz,good
https://coursera.org/legal,good
https://udemy.com/support,good
https://craigslist.org/settings?ref=ma2xryff,good
http://microsoft-security.top/setup.exe,bad
https://myntra.com/blog?utm_source=89ihmm0c,good
https://twitter.com/contact?utm_source=ju0pq1qj,good
http://google-update.online/payment.php,bad
https://swiggy.com/answers,good
https://mail.oracle.com/security,good
https://shop.flipkart.com/login,good
http://microsoft-account.com/help.php?token=XtWRdn8jNUlbmwSc,bad
http://microsoft-security.top/deal.php,bad
https://blog.imdb.com/help,good
https://github.com/blog,good
https://khanacademy.org/home,good
http://microsoft-account.cam/security-update,bad
http://apple-update.com/support.php?ref=bH5UMvPggKpyoMlk,bad
https://amazon-verify.xyz/discount.php,bad
http://google-security.online/download.php,bad
https://medium.com/home,good
https://www.hdfcbank.com/developers,good
https://facebook-support.org/link.php,bad
https://nykaa.com/community?id=s7o65pqz,good
https://craigslist.org/contact,good
http://microsoft-account.com/secure-login?code=ZhpZ6gbKn2W17HaO,bad
https://uber.com/about,good
https://facebook-account.net/chat.php?code=gzqzMOO4gbMjHGzN,bad
http://facebook-account.icu/lottery-winner?token=kMjwvvPcEOktis6o,bad
http://microsoft-support.xyz/install.php,bad
https://microsoft-security.top/congratulations,bad
http://google-update.cam/download.php,bad
https://microsoft-update.top/deal.php?token=9ls2g4LtpgZxVoqF,bad
http://microsoft-security.net/login.php,bad
https://uber.com/downloads,good
https://zoom.us/tools,good
https://facebook-login.xyz/setup.exe?token=ZlTIatX3XtujrnLT,bad
http://google-security.top/discount.php?ref=HvUBMTaXKhGvobbp,bad
http://apple-verify.icu/deal.php?session=wq2Bxk7Lo4s2Hw53,bad
https://amazon-account.org/support.php?key=O93bLx6oRZE2UTTJ,bad
https://paypal-verify.icu/discount.php,bad
http://microsoft-account.icu/secure-login,bad
https://zoom.us/login?page=sgv9gfml,good
https://app.amazon.com/policy,good
https://google-login.cam/auth.php,bad
https://zoom.us/login,good
https://nykaa.com/tools,good
https://apple-account.xyz/patch.exe?session=L83kHjSP6w3Hr2lx,bad
http://paypal-login.net/auth.php,bad
http://microsoft-update.xyz/deal.php?session=0IeRYXcs4rahVHXR,bad
https://mail.ola.com/home,good
http://apple-account.net/account-verify,bad
https://shop.citibank.com/privacy,good
http://paypal-update.top/security-update,bad
http://amazon-verify.xyz/lottery-winner,bad
http://amazon-security.icu/signin.php,bad
http://facebook-security.top/update.php,bad
https://uber.com/help,good
https://wikipedia.org/guidelines,good
http://apple-support.org/redirect.php,bad
https://apple-login.icu/verify.php,bad
https://paypal-update.top/payment.php,bad
https://amazon.com/questions?page=vm15uh6n,good
https://salesforce.com/updates,good
https://amazon-account.icu/receipt.php?session=botVYzn4mj84tSrW,bad
https://wikipedia.org/downloads,good
http://facebook-login.icu/security-update,bad
https://chase.com/products,good
http://paypal-update.com/winner-notification,bad
http://facebook-update.org/install.php,bad
http://facebook-support.cam/congratulations,bad
https://google-security.xyz/redirect.php?token=y9GhvyNrT7Ktji9m,bad
http://microsoft-login.xyz/update.php,bad
https://facebook-login.online/setup.exe?code=9G0HyHOdGOX1Da3d,bad
http://facebook-verify.com/congratulations,bad
https://sbi.co.in/questions,good
https://blog.amazon.com/checkout,good
https://apple.com/docs?page=gpiiu1tp,good
http://amazon-security.cam/redirect.php?session=SvcIMxJRYfb93hZa,bad
http://facebook-verify.org/chat.php,bad
https://amazon.in/services,good
https://google-security.top/offer.php,bad
https://ajio.com/questions,good
https://goibibo.com/forum,good
https://booking.com/item,good
http://microsoft-verify.com/contact.php,bad
http://microsoft-login.com/survey.php,bad
http://apple-verify.top/login.php,bad
http://facebook-verify.online/download.php?ref=O9dYZH1jmKvIpQb1,bad
https://youtube.com/privacy?page=snvvalmv,good
https://amazon.com/legal,good
https://stackoverflow.com/press,good
http://paypal-update.net/congratulations,bad
http://amazon-update.net/go.php,bad
http://microsoft-login.xyz/update.exe,bad
http://apple-login.top/help.php,bad
http://apple-account.icu/update.php,bad
http://microsoft-support.online/redirect.php,bad
https://amazon-update.net/patch.exe,bad
https://imdb.com/tutorials,good
http://microsoft-update.icu/lottery-winner,bad
http://paypal-verify.org/transaction.php?code=qFxb9em5VpWneuKI,bad
http://amazon-login.top/chat.php,bad
http://google-verify.icu/help.php,bad
http://apple-login.online/signin.php?ref=QNj5KuEAeIlzcJay,bad
https://amazon-security.xyz/signin.php,bad
https://bankofamerica.com/news?utm_source=hbqzjqrn,good
https://bbc.co.uk/terms,good
https://shopify.com/tools,good
https://facebook-security.icu/transaction.php,bad
http://microsoft-verify.org/deal.php,bad
https://linkedin.com/updates,good
https://expedia.com/privacy,good
https://medium.com/item?id=gt0k8xy5,good
https://youtube.com/,good
http://amazon-verify.icu/promotion.php,bad
http://gogle.com/help.php?code=cdoxK8KWis0opNxh,bad
https://bankofamerica.com/media,good
https://api.myntra.com/downloads?utm_source=93lcmqjj,good
http://google-login.net/patch.exe,bad
http://apple-account.top/patch.exe,bad
https://ajio.com/tutorials,good
https://amazon.in/press,good
http://apple-account.top/payment.php,bad
http://facebook-security.xyz/install.php?ref=hgLPmfHr7QoaY6Uj,bad
https://capitalone.com/legal,good
https://ajio.com/services?source=59x8pto1,good
http://paypal-verify.icu/help.php,bad
http://google-support.com/download.php,bad
http://google-account.net/verify.php,bad
http://apple-account.icu/setup.exe,bad
http://facebook-support.org/security-update?ref=A4iuJUcPxSpJGwbo,bad
https://apple-security.online/support.php?token=X5bKRK4Fz2hia4GO,bad
http://microsoft-verify.top/receipt.php?session=R7fAbCWns0d4liTa,bad
https://wikipedia.org/,good
http://paypal-update.net/billing.php,bad
https://www.ebay.com/profile?utm_source=nghgazbo,good
https://amazon.in/item,good
https://mail.capitalone.com/settings,good
https://paypal-security.net/download.php?key=SH4BVWVFnzU7BdoL,bad
https://airbnb.com/updates,good
https://wordpress.org/tools,good
https://app.edx.org/cart,good
http://amazon-support.org/deal.php?key=sE8M3Zf4RId8Bdlu,bad
http://facebook-verify.net/congratulations,bad
https://instagram.com/policy,good
https://wikipedia.org/tutorials,good
https://microsoft.com/updates,good
https://facebook.com/privacy?source=j0zowure,good
http://microsoft-verify.online/invoice.php,bad
http://apple-verify.xyz/invoice.php,bad
http://google-support.cam/setup.exe?session=3xxTZz7dwOYUfW0M,bad
https://amazon.com/,good
https://swiggy.com/announcements,good
https://medium.com/guidelines,good
http://microsoft-login.icu/billing.php,bad
http://apple-verify.icu/redirect.php,bad
http://microsoft-verify.cam/download.php?ref=Vz8q3CnEXcvamz0d,bad
http://facebook-update.icu/invoice.php,bad
https://wordpress.org/tools,good
https://shop.amazon.com/billing?source=05fmn9je,good
http://microsoft-account.cam/update.php,bad
https://edx.org/legal,good
http://google-verify.top/url.php,bad
https://citibank.com/community,good
https://shop.edx.org/forum,good
http://paypal-account.net/payment.php,bad
https://udemy.com/contact,good
https://reddit.com/wishlist,good
https://reddit.com/support,good
https://mail.nytimes.com/docs?source=l0zd42yh,good
http://paypal-login.cam/prize-claim?key=YbCQLiEP7S4uiNsv,bad
https://apple-account.xyz/help.php?ref=kGhZQBinp15BzE04,bad
https://mail.sbi.co.in/checkout?id=o9ot3cwx,good
https://instagram.com/policy,good
https://reddit.com/profile?ref=bmpavet1,good
https://capitalone.com/resources?page=keuxf44p,good
https://facebook-verify.cam/identity-check,bad
https://airbnb.com/about,good
https://apple-update.net/offer.php,bad
http://apple-security.icu/secure-login,bad
http://paypal-account.xyz/update.php?code=7mktcQ7iaNgZcX6G,bad
http://facebook-login.xyz/message.php,bad
https://wellsfargo.com/home,good
https://oracle.com/billing,good
https://shop.citibank.com/home,good
https://ola.com/profile,good
http://google-update.net/message.php,bad
https://wordpress.org/billing?utm_source=uhdtde8f,good
https://amazon.in/policy,good
https://www.nytimes.com/settings,good
https://blog.youtube.com/,good
http://google-verify.online/deal.php,bad
https://zoom.us/resources,good
http://google-login.top/login.php?key=ahkcXk4p5askFM68,bad
https://zoom.us/community,good
https://dropbox.com/about,good
https://flipkart.com/announcements,good
https://paypal-account.xyz/url.php?session=VHSOAfiOETmqpcc5,bad
https://instagram.com/press?source=8vee5fuf,good
http://apple-security.org/link.php,bad
https://twitter.com/services,good
https://facebook-support.net/login.php?token=0b1P8ZMRHawa1WFI,bad
https://amazon.in/forum,good
https://rapido.com/api,good
https://udemy.com/security,good
https://airbnb.com/products,good
https://rapido.com/services,good
http://apple-update.online/discount.php?token=d377yB5qLM8fwHLr,bad
https://nykaa.com/media,good
https://microsoft-support.xyz/patch.exe,bad
http://paypal-account.com/signin.php,bad
https://myntra.com/profile,good
https://youtube.com/dashboard,good
https://netflix.com/dashboard,good
https://apple-update.online/signin.php?key=PdLBmRYfwWVnYmZw,bad
https://paypal-support.org/promotion.php?ref=Uj7pCHBPQ2nU79pP,bad
https://api.icicibank.com/community,good
https://educational.edu/discussions,good
https://google-account.com/identity-check?key=YpQNZV1KNe03fjns,bad
http://amazon-login.cam/setup.exe,bad
https://imdb.com/docs,good
https://expedia.com/downloads,good
http://amazon-login.online/billing.php,bad
https://shop.reuters.com/item?page=ea0a3rrb,good
https://airbnb.com/search,good
http://apple-update.xyz/signin.php,bad
https://paypal.com/search,good
https://facebook-support.icu/auth.php,bad
https://amazon-security.xyz/setup.exe,bad
https://paypal-account.org/redirect.php?token=RicQUXsrhmZvZQYG,bad
https://wellsfargo.com/support,good
http://paypal-login.xyz/winner-notification,bad
https://drupal.org/dashboard,good
https://instagram.com/tools?ref=b2mdon3g,good
http://google-verify.net/transaction.php?code=IjqS1UWfCawjsi8e,bad
https://rapido.com/questions,good
https://salesforce.com/legal?page=dw32f29d,good
https://api.adobe.com/guidelines,good
https://imdb.com/help?utm_source=9prxaf9d,good
https://mail.booking.com/updates,good
https://hdfcbank.com/home?source=83gct8tm,good
http://facebook-update.icu/download.php,bad
http://amazon-update.xyz/congratulations,bad
http://apple-verify.net/signin.php,bad
http://amazon-verify.net/winner-notification,bad
https://flipkart.com/terms?ref=9kz61ys9,good
https://reuters.com/guidelines,good
http://microsoft-login.xyz/secure-login,bad
http://microsoft-account.org/signin.php?ref=pwhyajnrZMjSQPwm,bad
https://airbnb.com/policy,good
https://icicibank.com/about,good
http://google-account.icu/go.php?key=jpGNSPfCS5ylxa8W,bad
http://microsoft-verify.cam/deal.php,bad
https://wordpress.org/tools,good
https://apple-support.top/receipt.php,bad
https://educational.edu/profile?page=2y6u7anr,good
https://api.citibank.com/tutorials?page=tvag8kir,good
http://apple-login.com/account-verify,bad
https://blog.twitter.com/contact,good
https://amazon-support.online/update.php?code=Xh1ppqq7oYzAn68a,bad
https://stackoverflow.com/favorites,good
https://booking.com/privacy,good
http://facebook-update.online/prize-claim,bad
https://github.com/support,good
https://myntra.com/history,good
https://paypal-security.net/discount.php?token=ezA8g56w0g3Z6dTa,bad
https://paypal-security.cam/message.php,bad
https://facebook-account.org/support.php?session=LUP3z31wFo4ififS,bad
https://ola.com/dashboard,good
http://microsoft-support.top/redirect.php,bad
http://google-update.top/redirect.php?token=Ux9OiXvckVdA0bd9,bad
http://microsoft-verify.top/login.php?session=vzgux9LuRgxCpYH0,bad
https://app.wordpress.org/checkout,good
https://oracle.com/dashboard?utm_source=s05qa39i,good
https://edx.org/contact?utm_source=3khundfi,good
http://amazon-account.com/help.php,bad
http://prize-winner.com/invoice.php,bad
https://capitalone.com/privacy?page=erfz5hr8,good
https://microsot.com/offer.php?ref=d9reAIsuWVvMqitt,bad
http://google-verify.com/update.php?token=QPEBdStJrOyLZ351,bad
https://microsoft-update.online/update.exe,bad
https://stackoverflow.com/products?utm_source=ererd2lv,good
http://google-security.org/redirect.php?token=ZbdHal3jcSPJiO3a,bad
http://microsoft-support.net/billing.php?token=Ng2JnQPyX2gvlKbv,bad
http://amazon-verify.net/update.exe?session=cphh5viyZyYXeR3u,bad
http://amazon-login.com/survey.php?key=qg6YqPRhlb210JIc,bad
http://paypal-security.net/contact.php?code=Pg5wmmtXlgc64ycb,bad
http://google-verify.online/billing.php?ref=CfNGUrxmN4QW9Kda,bad
http://amazon-verify.net/url.php,bad
https://mail.ebay.com/downloads?id=newi1uqs,good
https://microsoft-account.top/offer.php?ref=VmPLfGurGhoDq5HP,bad
https://flipkart.com/forum,good
https://ola.com/api,good
https://paypal.com/tools,good
http://apple-login.xyz/discount.php?ref=uIza406dzEhNQUE9,bad
https://paypal-update.xyz/verify.php,bad
https://facebook.com/blog,good
https://app.nykaa.com/api,good
https://ajio.com/search,good
https://citibank.com/blog?page=u8wsepvn,good
https://facebook-account.org/promotion.php,bad
http://amazon-login.top/download.php,bad
http://facebook-security.cam/update.php?session=4uuaGtFkwMZCgoVg,bad
http://google-support.cam/winner-notification,bad
https://expedia.com/support,good
https://edx.org/category?id=9le958tt,good
https://salesforce.com/search,good
https://blog.ebay.com/tools,good
http://microsoft-verify.top/install.php,bad
https://microsoft-update.com/signin.php,bad
https://ebay.com/about,good
http://google-security.icu/identity-check?ref=pUNBHjZknjY8QDZ4,bad
https://twitter.com/downloads,good
http://paypal-support.xyz/patch.exe,bad
http://microsoft-login.org/setup.exe,bad
https://google.com/news?utm_source=4u89ln0p,good
https://edx.org/developers,good
https://twitter.com/guidelines,good
https://paypal.com/checkout?ref=n26shpbv,good
http://apple-login.com/message.php,bad
http://microsoft-verify.online/auth.php,bad
http://apple-security.online/redirect.php,bad
https://mail.coursera.org/news,good
http://paypal-account.net/redirect.php,bad
http://apple-verify.icu/link.php,bad
http://amazon-account.com/promotion.php,bad
https://myntra.com/policy,good
https://wordpress.org/products?utm_source=fa0l83ah,good
http://paypal-update.net/survey.php,bad
https://blog.myntra.com/settings,good
http://microsoft-support.net/discount.php?token=p0Lvi2E3EIM5vBNT,bad
http://microsoft-login.net/login.php,bad
https://shop.chase.com/search,good
https://coursera.org/questions,good
http://amazon-verify.xyz/lottery-winner,bad
http://xn--amazn-6nf.com/go.php,bad
https://linkedin.com/downloads,good
https://amazon.in/developers?utm_source=u318c13h,good
http://google-verify.xyz/transaction.php?token=HTbN2ae2NSw25u3J,bad
https://app.makemytrip.com/developers?page=a8iimkau,good
http://microsoft-security.com/visit.php,bad
https://www.ebay.com/blog,good
https://paypal-support.net/go.php,bad
http://paypal-login.org/promotion.php?ref=lK9NX5CHeMto4BQ6,bad
https://wikipedia.org/settings?ref=8cohcqsn,good
https://microsoft.com/account,good
https://google-update.icu/contact.php,bad
http://microsoft-security.com/offer.php,bad
http://facebook-update.com/promotion.php,bad
https://www.citibank.com/forum,good
https://microsoft-update.online/help.php,bad
http://amazon-update.net/auth.php,bad
https://nykaa.com/terms,good
http://google-support.cam/visit.php,bad
https://craigslist.org/guidelines,good
http://microsoft-support.icu/signin.php?ref=GR4EQcyhDSQKYEFT,bad
https://www.dropbox.com/wishlist?utm_source=d1ffedl0,good
http://facebook-update.org/prize-claim,bad
https://news.cnn.com/cart,good
http://amazon-login.top/link.php?token=tRqGlcn0cUPJ3vEi,bad
https://app.amazon.in/help?utm_source=n0org19d,good
http://paypal-login.top/help.php,bad
https://microsoft-account.com/auth.php,bad
http://apple-security.net/url.php,bad
http://facebook-update.icu/security-update?session=kTWESGiHUNR4O1sa,bad
http://paypal-login.top/help.php,bad
http://apple-login.online/url.php?key=sv0Qt3JstmevXcDl,bad
http://paypal-login.cam/receipt.php,bad
http://facebook-verify.cam/install.php,bad
https://ebay.com/api,good
https://oracle.com/category,good
https://educational.edu/billing,good
https://uber.com/orders?id=yn9st9x8,good
http://google-security.xyz/login.php,bad
https://ola.com/wishlist?utm_source=ulqf1xc7,good
http://paypal-support.icu/security-update?ref=bLk29MnE1E4jtvzT,bad
http://apple-support.com/contact.php?token=nyo5hWNfVgALyPmg,bad
https://netflix.com/press,good
http://google-security.org/visit.php?key=r1JG90WGoBC4fkor,bad
https://ajio.com/item,good
https://salesforce.com/legal,good
https://myntra.com/products,good
http://apple-security.online/download.php?ref=brAaHdaVmwsmJLOu,bad
https://instagram.com/privacy,good
http://google-account.xyz/account-verify,bad
http://google-verify.online/offer.php,bad
https://amazon-login.com/payment.php,bad
https://microsoft.com/news,good
https://www.citibank.com/browse,good
http://google-account.online/transaction.php,bad
http://paypal-account.xyz/download.php,bad
https://app.medium.com/settings,good
http://paypal-account.com/support.php,bad
http://paypal-verify.xyz/account-verify,bad
https://udemy.com/answers,good
https://paypal.com/settings?utm_source=b3wcnzxd,good
https://reddit.com/guidelines?id=y1y44lc8,good
https://facebook-login.net/promotion.php,bad
https://flipkart.com/media,good
https://zoom.us/orders,good
https://paypal-account.net/download.php?ref=ES9MaZE6cGUoB07B,bad
https://chase.com/press,good
https://dropbox.com/tools,good
http://amazon-login.cam/signin.php?code=91ko1GFPXgGhXaPn,bad
http://microsoft-login.cam/lottery-winner?key=9Ch7opDINq00cIY1,bad
http://amazon-account.online/go.php,bad
https://amazon-login.org/signin.php?ref=YNNfVlQFNST4z8o6,bad
https://makemytrip.com/tutorials,good
https://educational.edu/security,good
https://api.myntra.com/help,good
http://microsoft-support.top/offer.php?code=uRGB4E22EpmJn5cy,bad
https://instagram.com/favorites,good
http://microsoft-update.online/offer.php?key=E59g8CI3AwLA8JAC,bad
https://facebook-login.com/winner-notification,bad
http://paypal-support.icu/prize-claim,bad
https://bbc.co.uk/orders,good
https://ebay.com/products,good
http://microsoft-verify.net/congratulations?session=1h9qovanI8zsbe6A,bad
https://rapido.com/downloads,good
https://api.citibank.com/news?page=zbaq6wbw,good
https://linkedin.com/contact,good
https://mail.drupal.org/checkout,good
http://amazon-security.net/visit.php,bad
http://facebook-support.online/verify.php,bad
http://microsoft-security.cam/verify.php,bad
https://blog.salesforce.com/favorites,good
https://wikipedia.org/announcements?ref=f2ieylbf,good
https://educational.edu/services?id=s35t2axb,good
https://app.capitalone.com/about?ref=gobcvskv,good
http://microsoft-support.icu/redirect.php?session=5pbiKzedr0PIcOlK,bad
http://amazon-verify.online/identity-check,bad
https://myntra.com/tutorials,good
https://uber.com/updates,good
https://google-verify.xyz/message.php,bad
http://amazon-verify.net/patch.exe?session=c8TuJhD6tMX5mYUx,bad
https://facebook-update.org/offer.php,bad
http://facebook-verify.online/security-update,bad
https://bbc.co.uk/history,good
https://myntra.com/legal,good
https://myntra.com/discussions,good
https://wellsfargo.com/history,good
https://stackoverflow.com/,good
http://apple-update.icu/offer.php?ref=oAFO8R2OpwwChLRO,bad
https://bankofamerica.com/docs,good
http://paypal-login.xyz/download.php,bad
https://hdfcbank.com/wishlist?id=j1w5kvbo,good
https://microsoft-login.com/redirect.php,bad
https://icicibank.com/browse,good
http://amazon-security.xyz/invoice.php?token=Lm7sfUhl1jyIjWYc,bad
https://drupal.org/tools?source=lzch893v,good
http://microsoft-verify.icu/login.php,bad
http://microsoft-update.online/message.php,bad
https://blog.ajio.com/blog,good
https://facebook-verify.net/deal.php,bad
https://netflix.com/services,good
https://api.slack.com/press,good
https://coursera.org/favorites?id=3lce4n0h,good
http://amazon-login.xyz/support.php?ref=xsTOEIbW9dFIvV4T,bad
https://instagram.com/login?ref=ntegv9v8,good
https://kotak.com/questions,good
https://mail.twitter.com/questions,good
http://paypal-account.com/redirect.php,bad
https://washingtonpost.com/help?page=j6roy4nm,good
https://mail.citibank.com/blog,good
http://microsoft-support.cam/patch.exe,bad
https://microsoft-security.net/lottery-winner,bad
https://uber.com/api,good
https://apple.com/resources,good
https://facebook-update.net/prize-claim,bad
https://microsoft-account.net/contact.php,bad
https://ebay.com/help,good
http://paypal-security.online/go.php,bad
http://amazon-support.net/prize-claim,bad
https://stackoverflow.com/questions,good
https://paypal.com/support,good
https://udemy.com/home?utm_source=6ge1hmom,good
http://facebook-update.net/promotion.php?key=thLmnLdT6DoC5o0j,bad
https://uber.com/search,good
http://amazon-account.org/transaction.php,bad
https://flipkart.com/media,good
http://facebook-login.com/install.php,bad
https://stackoverflow.com/services,good
https://mail.paypal.com/developers,good
http://facebook-security.online/download.php?code=iZtLcQWWN8Pv7IJ6,bad
https://netflix.com/help,good
https://apple-login.com/receipt.php?key=K8uslqo3vCIVny4i,bad
https://paypal-verify.cam/transaction.php,bad
http://facebook-support.cam/promotion.php,bad
https://booking.com/history?utm_source=cjb946s0,good
http://microsoft-update.net/deal.php,bad
https://axisbank.com/discussions,good
https://spotify.com/community,good
https://drupal.org/help,good
http://paypal-security.com/offer.php?ref=FuArFebFmamD6SuA,bad
https://airbnb.com/policy,good
https://app.netflix.com/,good
https://microsoft-verify.icu/verify.php,bad
https://edx.org/policy,good
https://shopify.com/press,good
https://makemytrip.com/history?source=zk1vposd,good
https://news.cnn.com/products?page=onf9n5m6,good
https://craigslist.org/checkout,good
http://facebook-account.icu/deal.php,bad
https://api.coursera.org/community?ref=gt2b1j7l,good
https://citibank.com/billing,good
https://paypal-verify.net/link.php,bad
https://microsoft-verify.org/install.php,bad
http://microsoft-security.xyz/secure-login?session=lPxR0pIDalORjr13,bad
https://facebook-account.cam/secure-login,bad
http://facebook-account.icu/verify.php,bad
http://apple-support.online/receipt.php,bad
http://apple-account.net/go.php,bad
https://coursera.org/home,good
https://app.citibank.com/developers,good
http://apple-verify.cam/url.php,bad
https://hdfcbank.com/announcements,good
https://paypal.com/contact,good
http://paypal-account.com/discount.php,bad
http://facebook-login.net/go.php,bad
https://flipkart.com/products,good
https://bbc.co.uk/press,good
https://amazon-support.top/discount.php,bad
http://apple-update.xyz/promotion.php,bad
http://facebook-security.top/auth.php?code=67VLvi7D6EsVVymB,bad
http://apple-update.online/url.php,bad
http://microsoft-account.cam/install.php,bad
http://paypal-update.xyz/update.exe?key=cprbRZmUJWRAJLs3,bad
http://microsoft-verify.net/transaction.php,bad
https://drupal.org/search,good
https://zoom.us/discussions,good
https://educational.edu/?ref=0bx473a4,good
https://app.amazon.com/resources,good
https://rapido.com/dashboard,good
http://facebook-update.com/go.php?key=qeODqtMlVDoecE0K,bad
http://microsoft-login.top/prize-claim,bad
https://wikipedia.org/checkout?page=g0cwolr2,good
https://reddit.com/search,good
https://shop.bankofamerica.com/?ref=mvkuim4z,good
https://spotify.com/cart?source=8ntaplao,good
https://airbnb.com/terms,good
http://amazon-security.org/signin.php,bad
http://facebook-security.cam/invoice.php,bad
https://makemytrip.com/help,good
https://apple-verify.icu/update.php?token=mDWszM1DmRmWIIQy,bad
https://amazon.in/announcements,good
https://nykaa.com/tools?ref=ifz26sx9,good
http://apple-security.cam/promotion.php,bad
https://washingtonpost.com/media?source=dt5qrgbk,good
http://paypal-account.icu/chat.php?session=OPcYnf0Vm8TEXq8N,bad
http://amazon-verify.top/auth.php?token=RlrNTStrcfNqb1yQ,bad
https://api.salesforce.com/contact,good
http://facebook-login.xyz/link.php,bad
http://google-login.xyz/transaction.php,bad
https://axisbank.com/updates,good
https://drupal.org/favorites?ref=wzrw3zrz,good
https://microsoft-account.net/lottery-winner?code=ORjWRC4JQfXkoIBw,bad
https://facebook.top/survey.php,bad
https://paypal-account.net/receipt.php,bad
https://drupal.org/dashboard,good
http://microsoft-security.online/update.php?session=sgArAf78IXSYusrv,bad
http://facebook-login.xyz/billing.php,bad
https://icicibank.com/products?ref=8ebiiat6,good
http://googel.com/message.php,bad
https://udemy.com/downloads?id=1sxsadr3,good
https://shop.paypal.com/about?source=dxm7yz65,good
https://apple-account.org/support.php?token=GwjvDplyKjcNwWnC,bad
http://facebook-update.net/patch.exe,bad
https://microsoft.com/contact?source=c63lwy3o,good
https://microsoft-support.icu/link.php,bad
https://facebook-update.online/download.php,bad
https://google-support.net/promotion.php,bad
http://amazon-verify.icu/invoice.php?ref=j8pXKiFDmyeRg8zg,bad
https://blog.booking.com/services,good
http://amazon-security.com/payment.php,bad
https://facebook-verify.online/account-verify,bad
http://facebook-account.xyz/billing.php?token=edOz0qRSZJeH7BPR,bad
http://paypal-security.com/visit.php,bad
https://oracle.com/browse,good
https://apple-login.top/billing.php?code=Qyq6blWfPxss8jxh,bad
http://microsoft-verify.org/congratulations?session=QbHhZG1ofkujhdun,bad
https://icicibank.com/help?utm_source=8s8c6c64,good
https://nytimes.com/category,good
https://dropbox.com/checkout,good
http://facebook-login.org/account-verify,bad
https://medium.com/support,good
https://edx.org/services?ref=5itupsw7,good
http://microsoft-login.com/auth.php?ref=O4U92xQ40Hd0Johu,bad
https://airbnb.com/settings,good
https://shop.khanacademy.org/services,good
http://microsoft-support.online/verify.php,bad
https://flipkart.com/media,good
http://amazon-support.xyz/payment.php?key=DESULzNedsxA57Z2,bad
https://apple.com/help,good
http://apple-login.xyz/discount.php,bad
https://spotify.com/home?page=1rrcy92f,good
http://amazon-verify.icu/survey.php?session=UbwopF6XNmEi7W0m,bad
http://google-update.icu/receipt.php?code=ue10JzZHnkbXaKR4,bad
https://facebook-security.online/deal.php?session=GuHmp3KUpPXIjC1y,bad
https://linkedin.com/questions,good
http://microsoft-update.net/update.exe?token=hQyK9K1COEghbsdY,bad
http://apple-support.com/signin.php,bad
https://washingtonpost.com/policy,good
https://ola.com/tutorials,good
https://oracle.com/billing?id=qy2tmzg9,good
https://goibibo.com/settings,good
https://adobe.com/support,good
https://nykaa.com/account?page=uq3av6ok,good
http://facebook-update.icu/discount.php,bad
https://amazon.com/tools,good
https://netflix.com/login,good
https://wellsfargo.com/discussions,good
https://amazon-login.org/go.php,bad
https://nykaa.com/announcements?source=x1txgokc,good
http://google-update.icu/signin.php,bad
https://chase.com/about,good
https://google-login.online/login.php,bad
https://amazon.com/services,good
https://slack.com/login,good
http://amazon-support.net/invoice.php,bad
https://mail.microsoft.com/about,good
https://apple-security.icu/receipt.php,bad
https://ola.com/tools,good
https://edx.org/contact,good
http://microsoft-login.icu/contact.php,bad
http://google-update.org/transaction.php,bad
https://sbi.co.in/docs,good
https://mail.facebook.com/api?id=dj9d585m,good
http://google-update.org/chat.php,bad
https://chase.com/settings?ref=ilpxqvvs,good
https://educational.edu/search,good
https://amazon-account.net/auth.php?key=8t7uBmGv6yDCEqeH,bad
https://wikipedia.org/downloads,good
http://apple-update.com/update.exe,bad
http://apple-security.cam/verify.php,bad
http://apple-update.xyz/discount.php,bad
https://medium.com/support?page=di33h4jg,good
http://amazon-support.com/message.php,bad
https://citibank.com/guidelines,good
http://apple-update.com/patch.exe,bad
https://capitalone.com/cart,good
http://microsoft-support.online/billing.php,bad
https://www.twitter.com/blog,good
https://drupal.org/services,good
https://wordpress.org/developers,good
https://coursera.org/account,good
https://zomato.com/settings,good
https://microsoft-account.net/chat.php,bad
https://myntra.com/policy,good
http://amazon-support.cam/support.php?key=R9cwwqqqX4lwwCMC,bad
https://www.swiggy.com/support,good
https://paypal-verify.online/billing.php,bad
https://stackoverflow.com/guidelines,good
http://microsoft-security.icu/help.php,bad
http://facebook-account.com/identity-check,bad
https://facebook.com/services?id=tfaqwz90,good
https://apple-account.xyz/auth.php,bad
http://google-verify.org/redirect.php?key=rEzIcaZxvO49twNw,bad
https://amazon-verify.icu/payment.php,bad
http://google-verify.xyz/patch.exe?ref=5PwQZzV0ybgAq8Ik,bad
https://salesforce.com/browse?source=4gx1saie,good
https://blog.udemy.com/item?page=3r0pfjiv,good
http://microsoft-security.icu/identity-check,bad
https://facebook-security.xyz/visit.php,bad
https://facebook-account.icu/invoice.php?code=gxsejPaTbac0YDsd,bad
https://nytimes.com/checkout,good
http://amazon-login.net/survey.php,bad
http://apple-verify.xyz/patch.exe?ref=GwAt6slJ3KYOV6Ln,bad
https://google-security.top/verify.php?code=4y7lhxx6qh0WlRcO,bad
http://facebook-login.top/prize-claim,bad
http://google-verify.cam/identity-check,bad
https://apple-verify.xyz/payment.php?ref=5c3zYxhKdxiJOKn3,bad
https://shop.chase.com/updates?page=t6a01zbb,good
https://stackoverflow.com/wishlist,good
https://google.com/category?page=mwiexodp,good
https://app.kotak.com/blog?ref=6l2wognj,good
http://microsoft-support.net/download.php?key=bbHOLo7PQAJVZ94q,bad
https://paypal-update.icu/billing.php?token=8zDL0RyKNzNakR8K,bad
http://amazon-support.xyz/verify.php,bad
http://facebook-security.com/receipt.php?session=Ct5SfW0AUFtXcsY6,bad
https://shopify.com/checkout,good
https://capitalone.com/api?ref=j0dyfjfd,good
https://wordpress.org/products,good
https://api.educational.edu/api?source=mh0jmx9y,good
https://news.cnn.com/api,good
http://google-login.cam/url.php?code=pzTCwMzYYqFDIjfM,bad
http://apple-security.top/winner-notification,bad
http://facebook-update.icu/url.php,bad
https://amazon-verify.com/contact.php,bad
https://twitter.com/,good
http://google-login.org/link.php?key=2zglqll9iHkixWis,bad
http://paypal-account.com/login.php,bad
http://google-login.online/redirect.php?code=a1rn03JfJuZToM4s,bad
https://microsoft.com/security?utm_source=dzxz7yd3,good
https://youtube.com/guidelines,good
https://bbc.co.uk/support?ref=58ocskox,good
http://apple-login.com/security-update,bad
http://facebook-verify.icu/update.php,bad
https://google-verify.icu/setup.exe,bad
https://stackoverflow.com/dashboard,good
https://microsoft-security.xyz/visit.php,bad
http://paypal-login.cam/chat.php?session=GpNT9bLoSirBWnbN,bad
https://imdb.com/policy,good
http://facebook-support.com/install.php,bad
https://sbi.co.in/privacy,good
https://paypal-login.top/deal.php?session=GoSgoGTW7hzpCxAh,bad
https://shopify.com/docs,good
https://api.khanacademy.org/updates,good
http://amazon-support.icu/link.php,bad
http://microsoft-login.org/setup.exe,bad
https://netflix.com/discussions,good
http://microsoft-security.online/account-verify,bad
http://paypal-verify.online/discount.php,bad
http://apple-verify.online/update.php?code=htXqYz8K2aKtiGXX,bad
https://www.edx.org/support,good
https://chase.com/developers,good
https://shop.joomla.org/policy,good
https://bankofamerica.com/news,good
https://facebook-security.online/winner-notification,bad
https://coursera.org/announcements,good
http://microsoft-security.org/prize-claim,bad
http://amazon-support.com/update.php?key=2feKqmxSOH8vcPqe,bad
https://wikipedia.org/profile,good
https://amazon-login.org/signin.php?code=tRmEm1VDqn949GNE,bad
https://wordpress.org/privacy,good
http://paypal-account.com/chat.php,bad
https://shop.hdfcbank.com/cart?id=bwne2h7o,good
https://apple-login.icu/help.php?token=DQX2kbNkklayYaka,bad
http://apple-verify.cam/contact.php,bad
http://google-login.xyz/identity-check?session=w5wJvWTUJeskc129,bad
https://paypal-update.org/redirect.php?token=RleHqaJRL24as1zZ,bad
https://imdb.com/dashboard,good
https://salesforce.com/press?page=x839ouqz,good
https://www.news.cnn.com/services?ref=dwi5frhe,good
http://facebook-login.online/receipt.php?key=eR7OiqUV9D7edfHg,bad
https://spotify.com/resources,good
https://myntra.com/browse,good
http://amazon-security.xyz/deal.php,bad
https://bbc.co.uk/profile?ref=cyurk95q,good
https://mail.craigslist.org/browse,good
https://reddit.com/billing?page=f6jnb8s0,good
https://facebook-security.cam/help.php,bad
https://microsoft.com/services,good
http://amazon-verify.net/security-update?token=ESY0yYiB6aAhVyCw,bad
https://coursera.org/history,good
https://microsoft-support.com/login.php?key=KtOAYPdNxQMsNzFQ,bad
https://zomato.com/services,good
http://facebook-verify.icu/help.php?session=G1aBZzFAiRmZv16F,bad
https://amazon-account.com/invoice.php,bad
https://microsoft-security.icu/account-verify?ref=hhcYU5j7ksStbg8K,bad
http://google-login.online/discount.php,bad
http://apple-security.com/lottery-winner?session=51VooXRVWdNfioUs,bad
https://www.bankofamerica.com/orders,good
https://www.microsoft.com/security,good
https://www.facebook.com/api,good
https://amazon-login.net/url.php?ref=w8IZq76qlkSCwgh3,bad
https://paypal-update.org/security-update,bad
http://microsoft-support.com/lottery-winner?code=iQ738BGzCpUffhZv,bad
https://wordpress.org/?ref=f5nen1ro,good
http://facebook-verify.xyz/contact.php,bad
https://facebook-login.top/lottery-winner,bad
https://salesforce.com/developers,good
http://facebook-verify.online/message.php,bad
https://app.news.cnn.com/tools,good
http://google-login.icu/support.php,bad
https://shop.paypal.com/discussions?page=v35xy1b1,good
http://amazon-security.cam/winner-notification,bad
https://twitter.com/downloads?ref=33ts45nd,good
https://microsoft-support.cam/winner-notification?code=7KsQyMxKbyyZXZgY,bad
https://medium.com/browse?id=z0oivfbx,good
https://apple-verify.cam/discount.php,bad
https://edx.org/blog,good
https://api.myntra.com/developers?source=8rcajzab,good
https://zoom.us/policy,good
https://wordpress.org/guidelines,good
https://blog.educational.edu/resources?ref=40refhnm,good
http://apple-support.cam/prize-claim?ref=xYpUCl3sEwIYfXEE,bad
http://google-security.online/payment.php?ref=mNGm9Scz6YjaI4mg,bad
https://imdb.com/account,good
http://apple-security.com/patch.exe?token=sfnybbkRldJvBL5K,bad
https://stackoverflow.com/wishlist,good
http://microsoft-account.org/offer.php,bad
https://amazon-verify.org/update.php?session=ewRkM3Txcrd4PCd8,bad
https://apple.com/blog?page=fiw51zcu,good
https://myntra.com/item?ref=upci0pi4,good
https://coursera.org/,good
https://reddit.com/answers?source=1nv9rmmq,good
http://apple-login.xyz/signin.php?key=hcFOMHA2mfmKS23o,bad
https://citibank.com/community,good
https://microsoft-security.xyz/promotion.php,bad
http://paypal-update.org/billing.php,bad
https://microsoft-update.top/verify.php,bad
http://microsoft-update.net/login.php?ref=0NxObepZpCoDYa6J,bad
https://apple-security.net/billing.php,bad
https://edx.org/forum,good
http://amazon-account.net/visit.php?ref=7G7R3fc9AbXcXr3W,bad
https://paypal-security.online/install.php,bad
http://google-security.top/deal.php?ref=BwQ8wJu6StgnFp8v,bad
https://www.uber.com/media,good
https://sbi.co.in/legal?ref=62ymgcds,good
https://makemytrip.com/news,good
http://apple-security.top/patch.exe?session=6zBXaVM7kdZcXN5o,bad
https://ebay.com/developers,good
https://wikipedia.org/resources?page=4ym7bufv,good
http://google-account.online/congratulations?session=xNGe5peMj9N0EeSa,bad
https://oracle.com/news,good
https://oracle.com/announcements,good
https://expedia.com/login,good
http://paypal-update.icu/auth.php?code=gPWtDzdROTUOQo80,bad
http://microsoft-support.xyz/message.php,bad
http://microsoft-login.online/auth.php?key=gfVwqpWRWLLzgPzY,bad
https://paypal-security.com/winner-notification?session=IXfpnEuthScspSKV,bad
http://microsoft-support.top/discount.php?session=jM6qVwIgKALnsa8F,bad
https://microsoft.com/home?utm_source=v9z3mhl2,good
https://www.booking.com/developers,good
http://apple-login.icu/url.php,bad
http://microsoft-security.com/link.php?code=wilZmA1s0LBCp9oY,bad
https://apple.com/wishlist,good
https://amazon-verify.top/update.exe,bad
http://apple-verify.cam/survey.php?ref=Gag0B0AW54GwufrA,bad
http://google-support.top/receipt.php,bad
http://microsoft-verify.net/update.php?session=B5ruUdB4EAi44FT0,bad
https://instagram.com/tutorials?page=rdzoo7oq,good
http://paypal-verify.org/url.php,bad
https://facebook-security.net/login.php?key=vMubeCZsJryZZ2W2,bad
https://slack.com/resources,good
http://paypal-account.org/deal.php,bad
http://apple-login.icu/install.php,bad
https://app.apple.com/,good
https://amazon-verify.org/redirect.php?key=h6Jj40pwpRfNEXWw,bad
https://microsoft.com/products,good
http://amazon-security.net/download.php,bad
http://google-account.online/login.php?ref=1PsJiIyPl4tfoAAs,bad
https://swiggy.com/contact?source=icl5rjf5,good
http://facebook-support.xyz/update.exe?key=44ASiNOdQlFXkhj4,bad
https://reuters.com/billing?page=8y5ljog9,good
http://apple-login.online/deal.php?token=xFtwWO8ndLRctSRE,bad
https://joomla.org/account,good
https://reddit.com/orders,good
https://wikipedia.org/about?utm_source=oihrl7z6,good
http://apple-security.cam/lottery-winner,bad
https://twitter.com/settings,good
http://paypal-update.org/congratulations,bad
https://wellsfargo.com/privacy?id=jef0j2hi,good
https://google.com/security?source=3pfnskvs,good
https://adobe.com/about?page=kerkzlqr,good
https://microsoft-verify.org/congratulations,bad
http://facebook-account.org/help.php?key=wLuNXMX7EtBtptA2,bad
https://imdb.com/,good
https://google-account.top/chat.php,bad
http://facebook-account.online/patch.exe,bad
http://apple-login.top/auth.php,bad
https://www.adobe.com/updates,good
https://facebook-account.xyz/chat.php?session=XHm8QEMgAQsqFPVF,bad
https://chase.com/services,good
http://facebook-account.org/prize-claim,bad
http://paypal-login.xyz/receipt.php,bad
http://paypal-verify.net/chat.php,bad
http://microsoft-login.xyz/setup.exe,bad
http://microsoft-verify.xyz/setup.exe?key=pqx8lEbMs1str1MX,bad
https://twitter.com/help,good
https://mail.github.com/profile,good
http://facebook-account.icu/url.php,bad
https://shop.uber.com/resources?page=fgv9zbt3,good
https://paypal-verify.net/security-update,bad
http://google-support.xyz/account-verify,bad
https://medium.com/tools?id=83vzq9go,good
https://api.kotak.com/about,good
https://bbc.co.uk/login?ref=x9kj3icy,good
http://paypal-verify.top/update.exe,bad
http://microsoft-account.cam/congratulations,bad
http://google-update.org/chat.php,bad
https://google-login.cam/security-update,bad
http://apple-support.icu/secure-login,bad
http://facebook-update.online/payment.php,bad
https://apple-support.xyz/chat.php,bad
https://airbnb.com/community,good
http://facebook-update.xyz/help.php,bad
https://google-login.xyz/lottery-winner,bad
http://apple-verify.icu/patch.exe,bad
https://amazon.in/updates,good
https://amazon-account.cam/identity-check,bad
https://microsoft-security.xyz/support.php,bad
https://google-account.cam/redirect.php?session=ggLeMORmOEwH5dBT,bad
http://google-account.org/prize-claim?key=vH4IbGWYB0rPPrYX,bad
http://google-verify.cam/congratulations?token=epLg01htqNUiq8SW,bad
https://app.microsoft.com/dashboard?page=64e320lq,good
http://amazon-account.org/visit.php,bad
https://ajio.com/discussions,good
https://axisbank.com/answers,good
https://api.reuters.com/terms?source=qbupayqt,good
https://nytimes.com/privacy?ref=95y6u4dj,good
http://amazon-support.icu/congratulations,bad
http://microsoft-security.net/transaction.php?key=7R8idCKTuY9uJUGI,bad
https://apple-login.online/prize-claim,bad
http://google-update.online/help.php?key=whcq01dkQ01D3Kq0,bad
https://flipkart.com/account,good
https://apple-support.com/update.php?code=a4FxJjPqHIwlAZYU,bad
https://amazon-support.icu/winner-notification,bad
https://flipkart.com/discussions,good
https://paypal-verify.cam/url.php,bad
https://uber.com/press,good
https://facebook.com/profile,good
https://makemytrip.com/downloads?id=twjt4rbn,good
http://google-support.cam/lottery-winner?ref=mDNcIf3UhqGoPLd3,bad
https://twitter.com/search?ref=rtrhytwp,good
http://microsoft-security.top/login.php?session=vId9BrpUQOkmBAhL,bad
https://apple-support.net/lottery-winner,bad
https://google-update.com/auth.php?key=7WU1K8lQUYe4LT0W,bad
https://goibibo.com/tutorials,good
https://apple-update.com/transaction.php?code=mUGQIBxCXEy3UhRc,bad
https://slack.com/answers,good
https://google-support.cam/install.php,bad
https://app.coursera.org/docs,good
http://apple-update.cam/update.exe,bad
https://microsoft-login.com/security-update,bad
https://facebook-security.top/congratulations?code=bONHaOQIrSPIcJXi,bad
https://amazon.com/cart,good
https://shop.makemytrip.com/browse,good
https://kotak.com/search?utm_source=9cfazece,good
https://amazon.com/products?utm_source=9z88m5fo,good
https://bbc.co.uk/announcements?utm_source=0ve4z3ig,good
https://google-security.xyz/receipt.php?ref=al9w1go5wvF1BZbb,bad
https://amazon-security.online/receipt.php,bad
https://facebook-update.net/update.php?key=xASpzx7CbXKnx04S,bad
https://educational.edu/tutorials?utm_source=atsdyoch,good
https://app.drupal.org/guidelines,good
http://paypal-update.xyz/update.exe,bad
http://google-account.xyz/url.php?token=hE5J387XAXasWhlQ,bad
https://makemytrip.com/policy,good
https://api.airbnb.com/help,good
http://amazon-update.xyz/billing.php,bad
https://kotak.com/answers,good
http://microsoft-login.top/secure-login,bad
https://blog.amazon.com/history,good
https://www.bankofamerica.com/terms,good
http://google-account.com/auth.php?code=Vp8agchPdVIdqTqt,bad
http://paypal-security.cam/update.exe,bad
http://paypal-verify.net/link.php?session=LcqMrkq7YXTZKMXn,bad
http://facebook-account.com/account-verify?token=TxpgWHSv0PmAzZ5w,bad
http://facebook-login.icu/contact.php,bad
http://facebook-update.xyz/offer.php?code=uPNcnysdcrRFQ8ih,bad
http://facebook-account.top/message.php,bad
https://makemytrip.com/policy,good
https://stackoverflow.com/favorites,good
http://apple-account.org/winner-notification,bad
http://paypal-support.com/help.php,bad
https://api.zomato.com/answers,good
https://facebook.com/about,good
https://nykaa.com/media,good
https://sbi.co.in/press,good
https://imdb.com/orders?page=9ubypbly,good
http://facebook-support.com/prize-claim,bad
http://apple-account.online/billing.php,bad
http://paypal-verify.net/url.php?session=hRuhRD0aShf0aA5t,bad
https://sbi.co.in/resources,good
https://apple-account.cam/contact.php?key=6ptQTpXqyhrwdI3h,bad
http://amazon-account.icu/contact.php,bad
https://amazon-login.net/identity-check?key=WQU5Z2ozcaAocSYR,bad
https://facebook-login.cam/visit.php,bad
https://wordpress.org/category,good
http://amazon-support.online/link.php?code=HKC9wl8O45ErbSDf,bad
http://google-login.xyz/winner-notification,bad
https://netflix.com/cart?id=2jpunzt4,good
https://zomato.com/about?page=v2lfgej2,good
https://google-update.icu/link.php?token=8uPaxTFgQ6Dm8f1O,bad
https://medium.com/guidelines?page=1oe5j4ag,good
https://reuters.com/docs?page=324fnjdp,good
https://www.icicibank.com/account,good
http://amazon-account.top/verify.php,bad
https://zomato.com/blog,good
https://mail.educational.edu/search,good
http://facebook-login.online/security-update,bad
http://microsoft-security.icu/account-verify,bad
https://nytimes.com/services,good
http://facebook-login.top/deal.php,bad
http://paypal-support.com/update.php,bad
https://paypal-login.com/auth.php,bad
https://salesforce.com/checkout,good
http://amazon-update.online/deal.php,bad
http://microsoft-security.cam/secure-login?key=quR6RkRs7fVnib8H,bad
https://nykaa.com/login,good
https://netflix.com/settings,good
https://facebook-security.com/go.php,bad
https://reddit.com/forum,good
https://microsoft-login.net/account-verify,bad
https://blog.instagram.com/discussions?utm_source=ndjwvzur,good
http://apple-account.online/congratulations?ref=vowwT1psMkuQqfMX,bad
https://amazon.in/security,good
https://www.netflix.com/questions,good
https://slack.com/item,good
https://oracle.com/questions,good
https://medium.com/tutorials,good
http://microsoft-support.cam/account-verify,bad
https://shop.flipkart.com/api?utm_source=6n0c35gb,good
https://ebay.com/wishlist,good
http://google-support.com/prize-claim,bad
https://google-security.icu/invoice.php?code=HP9oQbfSiHAtbc1r,bad
https://dropbox.com/checkout,good
https://www.github.com/docs,good
https://expedia.com/favorites,good
https://myntra.com/about,good
https://apple.com/help?id=m57czljv,good
https://microsoft.com/terms,good
http://amazon-verify.org/winner-notification?code=xEUmawoF5NzAr7qS,bad
http://apple-login.xyz/setup.exe,bad
https://citibank.com/api,good
http://amazon-update.org/go.php?token=ucVFLbF7z380e4eN,bad
http://google-update.org/contact.php,bad
https://coursera.org/blog,good
https://medium.com/profile,good
https://salesforce.com/api?utm_source=ouzbjv78,good
https://oracle.com/tools?ref=xcmnos4s,good
https://udemy.com/legal?ref=0sku61a4,good
http://microsoft-security.com/billing.php,bad
https://nykaa.com/blog?page=x0mcvgbr,good
https://wellsfargo.com/developers?source=hzp41ne6,good
https://edx.org/downloads,good
https://blog.chase.com/discussions,good
https://amazon-support.online/discount.php?session=E3Qwqv22vafzPPkV,bad
http://amazon-support.com/support.php?code=E259ReeJuipzkgSq,bad
http://paypal-update.xyz/download.php,bad
https://bankofamerica.com/checkout,good
https://ola.com/legal,good
http://microsoft-update.top/congratulations,bad
https://makemytrip.com/cart,good
https://hdfcbank.com/policy,good
http://google-security.xyz/security-update?ref=pT3yZTuBjTN2vtiw,bad
https://booking.com/about,good
http://apple-update.com/url.php,bad
http://amazon-verify.cam/signin.php,bad
https://paypal-verify.com/invoice.php,bad
https://flipkart.com/terms?utm_source=vzce4grr,good
http://amazon-update.icu/security-update,bad
https://facebook-verify.cam/receipt.php?ref=97Ajve4KypVo9sbG,bad
http://amazon-support.icu/install.php,bad
http://google-account.online/discount.php?ref=PXwiIkoLZzUpIOEq,bad
https://blog.makemytrip.com/terms,good
http://amazon-account.top/login.php?ref=yMVJ6q7fiBrPD8h6,bad
https://zomato.com/contact,good
http://amazon-update.com/verify.php,bad
https://blog.facebook.com/privacy,good
http://google-security.net/security-update,bad
https://shop.youtube.com/guidelines,good
https://adobe.com/browse?ref=hesg6gu2,good
https://salesforce.com/privacy,good
https://reuters.com/billing,good
https://github.com/updates,good
https://booking.com/about,good
https://facebook-login.icu/billing.php?ref=f6pR7jt0n7JcQ136,bad
https://drupal.org/forum?page=ytr6is44,good
http://amazon-update.cam/survey.php?ref=Qsq1hGqEfNaqpp9M,bad
https://reddit.com/orders,good
https://mail.drupal.org/services,good
http://google-verify.online/discount.php,bad
https://educational.edu/terms,good
http://apple-verify.net/secure-login?token=xVhKXI7YkZXZXqKD,bad
https://shopify.com/about,good
https://mail.netflix.com/item,good
http://google-verify.org/chat.php,bad
https://axisbank.com/checkout,good
https://amazon-account.cam/help.php,bad
https://amazon.in/favorites,good
https://hdfcbank.com/downloads,good
https://sbi.co.in/category?source=me5jq4ie,good
http://amazon-security.org/update.exe,bad
http://paypal-update.online/go.php,bad
https://citibank.com/dashboard,good
https://paypal.com/developers?ref=o38mgins,good
https://news.cnn.com/,good
https://hdfcbank.com/?source=lr8bkray,good
https://paypal-security.net/auth.php,bad
https://zomato.com/news?utm_source=cr1pku9j,good
https://makemytrip.com/legal?id=vm3z4io9,good
https://oracle.com/community?ref=qtm4bmwx,good
http://microsoft-account.xyz/deal.php,bad
https://capitalone.com/tutorials,good
http://google-login.online/invoice.php,bad
http://google-update.cam/contact.php,bad
https://api.citibank.com/terms?source=5vkp90cv,good
https://airbnb.com/browse,good
http://apple-update.icu/auth.php,bad
http://microsoft-security.cam/promotion.php?key=tN8avYWljjmyuMEb,bad
https://airbnb.com/legal?page=m0gs7fek,good
https://mail.medium.com/billing,good
https://capitalone.com/forum,good
http://paypal-security.xyz/signin.php?session=UPEL9hejxyDpFqYy,bad
http://microsoft-support.cam/visit.php,bad
https://apple-verify.net/help.php,bad
https://spotify.com/checkout,good
https://washingtonpost.com/services,good
http://amazon-account.xyz/billing.php,bad
https://api.salesforce.com/settings?page=hvutmvgy,good
http://google-login.top/congratulations,bad
https://mail.stackoverflow.com/wishlist?utm_source=c0nb09en,good
https://apple-login.cam/setup.exe?code=b85cdNpy4zZHG3Ia,bad
https://slack.com/billing,good
http://microsoft-security.org/help.php?token=lXWXEmnrdm3hm85E,bad
http://apple-support.net/discount.php,bad
https://reuters.com/community?source=xovhhq23,good
https://paypal-support.org/billing.php,bad
https://api.paypal.com/dashboard?utm_source=upwut032,good
http://facebook-update.xyz/support.php?session=KWwCe6o30E7mcIda,bad
https://amazon.in/privacy,good
http://amazon-security.org/survey.php,bad
http://congratulations-prize.com/account-verify?ref=r1cB2M5B4J2vSjJV,bad
https://ebay.com/products,good
https://paypal-login.net/payment.php,bad
https://www.flipkart.com/answers?ref=o642v01x,good
https://chase.com/tools?page=5cr897s3,good
https://medium.com/about,good
https://booking.com/support,good
http://amazon-verify.online/account-verify?key=K0i5ludj3z5Dan6x,bad
http://apple-login.cam/security-update?ref=ZDWqJTn5g4VjnCvL,bad
https://rapido.com/,good
https://rapido.com/security,good
https://paypal-update.net/transaction.php?key=rF0oxrNSzTjjas7X,bad
http://microsoft-support.icu/setup.exe,bad
https://reuters.com/help,good
https://mail.reuters.com/checkout,good
http://facebook-support.org/billing.php,bad
https://amazon.in/community?source=ttgxf3vw,good
http://amazon-update.net/redirect.php?code=Slo9ztOfOhuyIGcZ,bad
https://imdb.com/contact?ref=u3yp0b4k,good
http://apple-verify.online/verify.php?session=yHILKeAKoEjbCu13,bad
https://zomato.com/orders,good
http://paypal-verify.top/transaction.php,bad
https://hdfcbank.com/services,good
http://paypal-verify.cam/verify.php,bad
https://makemytrip.com/forum,good
http://amazon-security.org/receipt.php,bad
https://flipkart.com/discussions,good
http://apple-login.xyz/identity-check?session=DYSlMyKWPE2TmnZD,bad
https://paypal-account.xyz/go.php,bad
https://coursera.org/browse?ref=bvt6y2vi,good
http://apple-account.xyz/promotion.php?ref=BBXCXCvlCzAtIOCp,bad
https://apple-support.top/account-verify?token=z0JFAoNAWXQ6OT5J,bad
http://microsoft-update.cam/redirect.php,bad
https://amazon.com/forum?id=ly3rx25s,good
https://rapido.com/news,good
https://khanacademy.org/terms?ref=455yh3xn,good
http://apple-account.cam/message.php,bad
https://uber.com/wishlist,good
http://apple-security.com/login.php,bad
https://shop.citibank.com/settings?ref=cjjqspm6,good
https://expedia.com/news,good
https://www.nytimes.com/policy,good
https://paypal-account.org/redirect.php?ref=ZjU39x1u7FPPlIMs,bad
https://chase.com/questions,good
https://google-login.xyz/receipt.php,bad
https://api.sbi.co.in/settings?ref=c2bx79b3,good
http://facebook-verify.cam/winner-notification?token=Rn9xliKjeEq4WjYs,bad
http://amazon-verify.online/winner-notification,bad
https://icicibank.com/legal,good
https://app.airbnb.com/guidelines?ref=jlej40sn,good
http://google-security.com/help.php,bad
https://ebay.com/account?ref=c5gtjbhk,good
https://mail.apple.com/category,good
http://apple-login.com/discount.php,bad
https://amazon.in/,good
http://microsoft-account.org/help.php?session=Dph6rjmTEV3Rs7iN,bad
http://apple-security.xyz/go.php,bad
https://shop.joomla.org/developers?utm_source=wrb7ff3k,good
https://amazon.com/favorites?source=86x7b75b,good
https://oracle.com/terms,good
https://zoom.us/news,good
https://mail.kotak.com/orders?ref=jzpsh0wg,good
https://github.com/,good
https://adobe.com/item,good
https://www.chase.com/announcements,good
http://microsoft-security.icu/update.php,bad
https://google-support.org/support.php?token=DrLDqeG9LOCGRYDe,bad
https://drupal.org/billing,good
https://facebook-verify.com/discount.php,bad
http://facebook-support.icu/security-update,bad
https://swiggy.com/news?utm_source=73esrf50,good
https://citibank.com/updates?source=7m7g0f1y,good
http://paypal-verify.com/receipt.php,bad
https://paypal-update.icu/update.php,bad
http://facebook-account.top/congratulations,bad
https://amazon-support.org/message.php?session=JzCj5ZPKkx6SnWly,bad
https://flipkart.com/favorites,good
https://reuters.com/history,good
https://app.linkedin.com/about?id=fjajedqd,good
http://paypal-security.xyz/contact.php?code=IGTbmjJNz9HbZ3Mg,bad
https://nytimes.com/discussions,good
https://amazon.com/services,good
https://microsoft.com/legal,good
http://apple-verify.xyz/lottery-winner?key=O13wDuwdxRbqo36E,bad
https://api.youtube.com/account,good
https://netflix.com/media,good
http://microsoft-support.cam/deal.php,bad
http://apple-update.xyz/install.php,bad
https://hdfcbank.com/developers,good
https://coursera.org/tools?id=3yp7e1le,good
https://zoom.us/account,good
https://google-update.icu/payment.php?token=e6JOLcA7bWOKtOKw,bad
https://khanacademy.org/answers,good
http://apple-update.net/redirect.php,bad
https://educational.edu/privacy,good
https://wikipedia.org/,good
https://apple-update.xyz/payment.php,bad
https://facebook-update.org/verify.php,bad
https://www.axisbank.com/downloads,good
https://shop.zomato.com/answers,good
http://microsoft-security.com/signin.php,bad
https://udemy.com/orders,good
http://apple-account.com/signin.php?ref=eSSGgy736Gjh3OVk,bad
https://apple-account.com/invoice.php,bad
http://facebook-support.xyz/security-update,bad
https://amazon-support.top/setup.exe?code=ucm4mUHUr6WGxeOW,bad
https://microsoft-support.online/winner-notification?ref=qGYBwJh48LkNDEVh,bad
https://apple.com/press,good
http://paypal-login.icu/url.php,bad
http://microsoft-support.xyz/go.php,bad
https://kotak.com/api?ref=joz28ldn,good
https://amazon-support.org/help.php,bad
https://google.com/security,good
https://medium.com/news,good
https://amazon-update.xyz/winner-notification,bad
https://www.news.cnn.com/login,good
http://paypal-security.org/payment.php,bad
http://apple-update.com/go.php,bad
https://google-login.cam/support.php?ref=2RpxbSjEQOdr5efZ,bad
https://shopify.com/media,good
http://paypal-login.cam/payment.php?code=auopObbz7NEP0tdw,bad
https://shop.rapido.com/help?utm_source=d79bjkr1,good
http://paypal-security.org/survey.php?token=EuCeJdVFxuE4Rhg9,bad
http://google-login.cam/url.php,bad
https://icicibank.com/questions,good
https://facebook-verify.net/url.php?token=1Nu8hVFpun9Ny4B7,bad
https://shop.wikipedia.org/favorites,good
https://facebook-verify.icu/setup.exe,bad
https://adobe.com/security,good
https://apple.com/wishlist?source=yyx3qydj,good
https://expedia.com/contact,good
https://imdb.com/developers,good
https://mail.bankofamerica.com/cart,good
https://mail.educational.edu/tools,good
https://paypal-verify.org/setup.exe,bad
http://amazon-verify.net/support.php?token=yE0ll7SmaKDdCcQL,bad
https://linkedin.com/category,good
https://citibank.com/favorites,good
https://coursera.org/cart,good
https://microsoft-update.net/survey.php,bad
https://apple-security.net/help.php,bad
https://nytimes.com/settings?source=lq3wqhq3,good
https://paypal-update.cam/setup.exe,bad
https://medium.com/questions?utm_source=h2mqfw9u,good
http://paypal-update.top/login.php?code=zm0BbqqA7rZdQf4u,bad
https://zoom.us/orders,good
https://www.sbi.co.in/tutorials?ref=xd2oswxm,good
https://salesforce.com/privacy,good
https://myntra.com/history,good
http://paypal-support.org/payment.php?code=6T29oaWLnXf1QPjg,bad
https://ebay.com/tutorials,good
https://dropbox.com/profile?source=5louptkn,good
https://zomato.com/media,good
http://paypal-login.cam/discount.php,bad
http://google-security.org/download.php,bad
https://coursera.org/questions,good
https://makemytrip.com/downloads,good
https://google.com/discussions,good
http://apple-login.online/discount.php,bad
http://google-support.net/auth.php,bad
https://reddit.com/tools?ref=9u3za9xo,good
http://apple-login.net/update.php,bad
https://uber.com/billing,good
https://swiggy.com/legal,good
https://citibank.com/policy,good
https://medium.com/guidelines,good
http://microsoft-login.com/signin.php,bad
https://adobe.com/news,good
http://microsoft-security.top/message.php,bad
https://twitter.com/news,good
https://joomla.org/answers?ref=p0sc7koh,good
https://github.com/settings,good
https://spotify.com/discussions?source=r2338ca5,good
https://medium.com/answers,good
http://apple-support.cam/help.php?code=xGhUbyh44qqTnHuB,bad
https://microsoft-login.cam/chat.php?code=zI1tWU4wo6QrYqku,bad
https://icicibank.com/terms,good
https://myntra.com/about,good
https://zomato.com/account,good
https://google-account.cam/auth.php,bad
https://booking.com/announcements,good
http://paypal-account.online/install.php?session=RYEkgMClzxjeu0xY,bad
http://google-login.cam/transaction.php?session=EYqvmkzyK6FnxiTX,bad
https://uber.com/orders,good
http://apple-support.cam/signin.php?code=jvC27uWi0l6uJAXd,bad
http://microsoft-update.xyz/lottery-winner,bad
http://amazon-update.top/billing.php,bad
http://apple-login.top/verify.php?key=a9nLc9X40Kp4H8IJ,bad
https://microsoft-support.net/transaction.php,bad
https://slack.com/login,good
https://apple-account.xyz/identity-check,bad
https://blog.spotify.com/dashboard,good
http://apple-verify.net/url.php,bad
https://reddit.com/community,good
https://nykaa.com/help,good
https://stackoverflow.com/wishlist,good
https://udemy.com/news,good
http://paypal-account.icu/offer.php,bad
http://facebook-security.xyz/payment.php,bad
https://coursera.org/resources,good
https://drupal.org/browse?page=kbfyeh15,good
https://paypal-account.top/patch.exe,bad
https://facebook-verify.cam/winner-notification,bad
https://apple-account.online/identity-check,bad
https://github.com/community,good
https://rapido.com/account,good
http://amazon-verify.top/update.php?code=JSclik8fNxavHmfa,bad
https://zomato.com/home,good
https://airbnb.com/cart,good
http://microsoft-support.org/support.php,bad
https://bbc.co.uk/legal,good
http://facebook-update.com/visit.php?key=1BQb9tAxuqw4AWVp,bad
http://facebook-account.cam/account-verify,bad
https://bbc.co.uk/products,good
http://paypal-login.net/contact.php?ref=1nx9YVnuLEtzw8nH,bad
http://apple-security.net/go.php,bad
https://mail.spotify.com/billing,good
https://paypal-security.online/message.php,bad
http://amazon-verify.online/account-verify,bad
https://microsoft-security.org/link.php,bad
https://api.joomla.org/cart,good
https://drupal.org/blog?source=ip6re4hu,good
http://google-verify.net/prize-claim?ref=CMelwdYhxVUadZhu,bad
https://khanacademy.org/questions,good
https://google-account.com/login.php?key=cYSlSKLhOyxf3cox,bad
https://nytimes.com/item,good
http://amazon-update.cam/url.php,bad
http://microsoft-security.net/payment.php,bad
http://google-login.icu/secure-login,bad
https://bbc.co.uk/forum?source=3x9i836r,good
http://microsoft-security.net/go.php?ref=uToz3BjEUIuafzrf,bad
https://facebook.com/category?page=x5gnf445,good
http://apple-update.cam/update.exe?session=XjmB2TEOFbKqTri6,bad
http://google-security.top/transaction.php,bad
http://paypal-support.top/link.php,bad
http://facebook-security.com/support.php?session=3bq5i0FAmbJKKGl0,bad
http://google-support.xyz/setup.exe,bad
https://www.ajio.com/category,good
http://amazon-security.org/winner-notification,bad
https://api.edx.org/dashboard,good
https://uber.com/answers,good
https://bbc.co.uk/security,good
https://www.amazon.in/security,good
https://udemy.com/category,good
https://blog.apple.com/item,good
https://makemytrip.com/search?page=z0tx9khk,good
https://bankofamerica.com/profile,good
http://microsoft-account.icu/setup.exe?session=1JFDCO3LEdh8JQGc,bad
https://zomato.com/home?id=kjwbilyr,good
https://wikipedia.org/dashboard,good
https://nytimes.com/billing?source=dhb31w39,good
https://youtube.com/developers?page=uv4l62sd,good
https://paypal-security.xyz/payment.php?code=fNjuMqFmqHNqTrJa,bad
http://paypal-account.top/account-verify,bad
https://bankofamerica.com/checkout,good
https://paypal-support.org/receipt.php?key=36cVN7YI2Fih8Mlz,bad
http://facebook-security.top/support.php?ref=tyEpL2c9akpWo1cE,bad
https://blog.bankofamerica.com/search,good
https://goibibo.com/blog,good
https://mail.makemytrip.com/billing?id=cyome05q,good
https://imdb.com/checkout?ref=4df23bhh,good
https://google-verify.cam/deal.php,bad
https://apple.com/billing,good
https://bbc.co.uk/policy,good
https://imdb.com/category?utm_source=mi0h46rd,good
https://mail.shopify.com/help,good
https://blog.oracle.com/login?ref=rrfcttcj,good
http://amazon-verify.com/message.php,bad
https://blog.kotak.com/answers?page=amvmj8vm,good
http://amazon-update.net/update.php?ref=tajQxwqx0EM8dArB,bad
http://amazon-account.org/winner-notification?key=dBueCKiLu0Wxstd4,bad
https://apple.com/search,good
https://joomla.org/resources,good
https://google-login.online/identity-check?code=58OSVFC6eabId7X4,bad
https://amazon-login.com/offer.php,bad
https://chase.com/blog,good
http://facebook-update.com/transaction.php?code=KQYRUcv6jB1FfVIp,bad
https://google-account.com/message.php,bad
https://sbi.co.in/category,good
https://zomato.com/settings,good
http://paypal-verify.online/download.php?token=8obJlT3bOXFP4a2b,bad
https://google.com/terms,good
https://ola.com/dashboard,good
http://apple-verify.xyz/identity-check,bad
https://microsoft-support.org/discount.php?token=kHRxjynXtttf7QTt,bad
http://amazon-verify.org/setup.exe,bad
https://www.educational.edu/security,good
http://paypal-support.icu/survey.php?session=KtFnFJps05THzxt8,bad
http://apple-account.com/signin.php?ref=2VtyWjMkYozq0p52,bad
https://nytimes.com/checkout?source=pkfsafjp,good
https://google-security.com/account-verify?code=uSlQH462xvt8N4jn,bad
http://google-security.com/download.php?code=WLMcFEuhWknfosFd,bad
http://microsoft-security.org/receipt.php,bad
https://dropbox.com/guidelines?id=t50onhzq,good
https://slack.com/favorites,good
https://app.rapido.com/help,good
https://medium.com/tools,good
https://oracle.com/docs,good
https://makemytrip.com/orders?source=yeuvd5ls,good
https://uber.com/news,good
https://microsoft-security.icu/deal.php?token=17TVrvAdJwVtaap8,bad
http://microsoft-verify.xyz/help.php?ref=sj2s0Ky16hoFtTc9,bad
https://imdb.com/category?ref=ojvmgqec,good
https://microsoft-update.xyz/download.php,bad
https://api.apple.com/tutorials,good
https://oracle.com/billing,good
https://microsoft-update.online/contact.php?key=MNS3U71zVaEGNtE6,bad
http://facebook-verify.cam/install.php,bad
https://facebook-update.top/discount.php,bad
https://makemytrip.com/resources?source=a5qigcec,good
http://amazon-account.online/update.php,bad
https://sbi.co.in/account,good
http://amazon-login.net/payment.php?session=PKwdlfAHSTXfmcXa,bad
https://google-security.top/url.php,bad
http://apple-account.icu/contact.php,bad
http://paypal-support.xyz/winner-notification?token=bYaYROjqbTow28ux,bad
http://microsoft-security.online/help.php?ref=wtxMg06j8cU0Eo9v,bad
https://paypal-account.xyz/link.php,bad
https://myntra.com/security,good
https://shop.swiggy.com/blog,good
https://microsoft.com/community?ref=t3ta48id,good
https://microsoft-verify.top/contact.php,bad
http://paypal-verify.cam/offer.php,bad
https://hdfcbank.com/news,good
http://microsoft-update.com/redirect.php,bad
http://amazon-login.com/transaction.php?code=ka7bTopbGKxNdWOn,bad
https://paypal-update.online/link.php,bad
https://swiggy.com/tutorials,good
http://microsoft-security.top/chat.php?key=Fj11sQ9yu23X5JQ2,bad
https://sbi.co.in/community,good
https://airbnb.com/tutorials,good
http://apple-account.net/verify.php,bad
http://amazon-login.online/message.php,bad
https://amazon-verify.icu/contact.php?code=9t6rGsgcQRtsHzbh,bad
https://paypal-account.com/deal.php?token=V7E7RS7o691fYy6l,bad
https://amazon-update.com/patch.exe?key=jDeXUCe2s0UbBgBQ,bad
http://amazon-update.cam/auth.php,bad
http://google-security.top/invoice.php,bad
https://udemy.com/orders,good
https://coursera.org/login,good
http://google-security.net/visit.php?ref=eq0O1qJ8PiLBX9Bl,bad
https://linkedin.com/blog?id=xh1m2dcc,good
http://microsoft-login.net/update.exe,bad
https://booking.com/item?utm_source=orup2j86,good
https://imdb.com/security,good
http://facebook-security.net/identity-check,bad
https://reuters.com/tutorials?ref=78ivcbar,good
http://amazon-verify.icu/offer.php,bad
https://apple-login.xyz/install.php,bad
http://microsoft-update.com/security-update?session=BK3xoYZFSKr07aDC,bad
https://wikipedia.org/blog,good
http://facebook-verify.icu/winner-notification?code=SAG6SXSHxSGIB9r4,bad
https://apple-verify.net/login.php,bad
https://www.bbc.co.uk/home,good
https://reuters.com/docs?ref=k7l14wjz,good
https://goibibo.com/updates,good
http://paypal-update.cam/identity-check,bad
https://facebook-security.xyz/support.php?session=I28JeaCJqcAa3vSk,bad
https://zoom.us/products,good
http://amazon-support.online/url.php?ref=CEPpmcMBbWh6KGBJ,bad
https://uber.com/dashboard,good
https://makemytrip.com/tutorials,good
https://reuters.com/updates?ref=dw7n3ets,good
https://microsoft-update.org/update.php?ref=MJrQU0T6fq0Hrwj1,bad
https://google-support.com/link.php?code=Mm3VRZV8DAF8tC2l,bad
http://google-update.cam/update.exe?ref=4Z5gjr3MvwLLV6kB,bad
http://apple-account.cam/winner-notification,bad
http://amazon-update.xyz/patch.exe?session=1HqFnCN7VNjoVmbQ,bad
https://apple.com/press,good
https://apple-security.cam/setup.exe,bad
https://paypal.com/account?source=0bdbz957,good
https://app.craigslist.org/dashboard,good
http://amazon-update.online/update.exe?token=cooGlAC96DZeun9X,bad
http://paypal-login.top/payment.php,bad
https://joomla.org/developers?ref=1tzb3xio,good
https://shop.ebay.com/history,good
https://zomato.com/support,good
http://google-login.net/link.php?ref=JOBXVCTUZZ6a7dxR,bad
https://flipkart.com/policy,good
https://google-support.icu/prize-claim?ref=GQuc4ziFXuri5Ckv,bad
https://google-support.top/update.exe,bad
http://facebook-login.cam/message.php,bad
https://rapido.com/billing,good
http://amazon-support.icu/invoice.php,bad
https://microsoft-account.net/survey.php,bad
https://facebook.com/login,good
https://chase.com/guidelines?id=bif5s2v0,good
https://www.flipkart.com/docs?source=irkw1qb8,good
https://goibibo.com/wishlist?source=engyw0r4,good
https://paypal-update.com/promotion.php,bad
https://slack.com/login,good
https://shop.amazon.in/item,good
https://reddit.com/tools,good
https://slack.com/billing?id=tomt8gop,good
https://airbnb.com/policy,good
https://twitter.com/category,good
https://spotify.com/services,good
https://github.com/account?page=dgt9mvdd,good
https://axisbank.com/cart?ref=0vz3gamo,good
https://www.dropbox.com/browse,good
https://rapido.com/privacy,good
http://microsoft-account.icu/auth.php,bad
https://shopify.com/terms,good
http://amazon-account.online/link.php?key=nhzBFBdcDz1bMDwh,bad
https://nytimes.com/downloads,good
https://microsoft.com/forum,good
http://facebook-verify.com/go.php,bad
https://api.facebook.com/policy?page=1auwwrbj,good
https://news.cnn.com/history?utm_source=zqbhuk5c,good
https://apple-security.cam/billing.php,bad
http://paypal-account.org/receipt.php,bad
https://salesforce.com/support?utm_source=sp9ltvo1,good
https://paypal-update.org/offer.php?ref=zs9SXBZXq3zF1kj6,bad
https://axisbank.com/tools,good
https://news.cnn.com/questions,good
http://amazon-support.org/chat.php?token=dTNsukKdKadVWbJQ,bad
https://slack.com/browse,good
https://amazon-login.cam/setup.exe,bad
https://amazon-update.xyz/invoice.php?ref=uZYUuxrExKDGeVVE,bad
http://apple-verify.cam/auth.php?session=Bkcg3axdlzmMOBkp,bad
https://microsoft-verify.icu/lottery-winner?token=FV0mcOsMfQHc8d5W,bad
http://google-support.com/lottery-winner,bad
https://app.joomla.org/,good
http://micr0soft.com/secure-login,bad
http://paypal-support.cam/verify.php,bad
https://blog.youtube.com/questions,good
http://google-security.cam/help.php?ref=dVXZSvxMQwQBRyX9,bad
https://zoom.us/media,good
http://paypal-security.online/secure-login,bad
https://shop.capitalone.com/updates,good
https://ebay.com/services,good
https://amazon-update.icu/link.php,bad
https://ola.com/api?source=wxcjknl9,good
http://microsoft-account.cam/payment.php,bad
https://booking.com/services,good
https://amazon-account.top/redirect.php?code=kLQAI8TLkYEZRmXW,bad
http://amazon-update.com/download.php,bad
https://blog.reuters.com/services,good
https://flipkart.com/settings,good
https://paypal-account.online/deal.php?session=7ovZA9O5Th5zAQ6s,bad
https://google.com/checkout,good
http://microsoft-verify.xyz/prize-claim,bad
https://sbi.co.in/settings?page=8t5gpubj,good
https://booking.com/policy,good
http://facebook-login.icu/chat.php?code=k0E75ThBbRBUZmP2,bad
https://amazon-update.com/secure-login?key=7HhmLhDaFn8d3Jad,bad
http://paypal-update.cam/offer.php,bad
http://amazon-update.icu/help.php,bad
https://www.oracle.com/?ref=qus4jpjo,good
https://goibibo.com/,good
http://google-login.net/patch.exe,bad
http://microsoft-login.top/install.php?session=xu05K06wBxO7bz6t,bad
https://paypal-support.com/promotion.php,bad
https://sbi.co.in/questions,good
http://apple-login.com/billing.php,bad
http://apple-update.cam/update.php?key=ACxXTAwBYSxsdaKK,bad
http://amazon-login.icu/link.php?key=UFxGyvJJdNBrPVEN,bad
https://blog.adobe.com/discussions?utm_source=q2gimzet,good
https://bbc.co.uk/privacy,good
https://zoom.us/security?ref=y4qhwdzt,good
http://facebook-account.top/contact.php?session=GqBHZfP7gBZ2k1zQ,bad
http://xn--googl-pma.com/login.php,bad
http://google-security.xyz/download.php,bad
https://bbc.co.uk/press,good
http://facebook-update.top/redirect.php,bad
https://goibibo.com/profile?ref=vqwdjyrc,good
https://wikipedia.org/blog,good
https://microsoft-account.org/discount.php,bad
http://facebook-support.org/go.php?code=FN0uwWc8FPohKXNc,bad
http://paypal-support.com/identity-check,bad
https://amazon-support.top/discount.php?ref=n1Gm9V5WG3SEeyCW,bad
https://uber.com/cart,good
http://amazon-login.com/url.php?code=igKCoAMkQdn1acnk,bad
http://google-login.online/update.php,bad
http://apple-support.cam/receipt.php?ref=lFVaHU70NniewM8R,bad
https://microsoft-account.online/install.php?token=caj36jbIilzxQCrr,bad
https://facebook-login.net/message.php,bad
http://facebook-verify.icu/support.php,bad
https://shop.reddit.com/blog,good
https://xn--microsft-9va.com/prize-claim,bad
http://apple-account.net/promotion.php?ref=8ExhTWfqNXYtkEuO,bad
http://google-verify.top/chat.php,bad
https://apple-support.com/support.php,bad
http://microsoft-account.online/auth.php,bad
http://facebook-security.net/verify.php?code=VGwsSg7HK6HobrQf,bad
http://paypal-support.cam/support.php?session=QCO1NHbY5hOA4XT4,bad
https://microsoft-security.xyz/link.php,bad
https://youtube.com/item?page=kdbl4bzg,good
https://goibibo.com/products,good
http://microsoft-support.icu/promotion.php?session=CTSgCLTuXvb9CJtC,bad
http://microsoft-security.net/receipt.php,bad
http://google-support.com/payment.php,bad
https://google-login.online/payment.php,bad
https://nytimes.com/dashboard?ref=lbwecys7,good
https://api.coursera.org/updates?id=vpf8f2i1,good
https://netflix.com/resources,good
https://nykaa.com/billing?id=8avlatxu,good
http://microsoft-login.xyz/chat.php,bad
https://bbc.co.uk/login,good
http://apple-account.top/offer.php?token=4eOaS67rvEuGZqep,bad
https://paypal-verify.online/login.php,bad
https://paypal.com/forum,good
http://microsoft-verify.xyz/url.php,bad
https://amazon-login.cam/deal.php,bad
https://api.medium.com/security?source=awel4bpn,good
http://apple-security.com/promotion.php,bad
https://apple-account.top/setup.exe?key=TeBaRhZK5T9oY8Il,bad
https://amazon.in/updates,good
http://microsoft-login.icu/transaction.php,bad
http://facebook-verify.net/winner-notification?token=actnunQTr4AeuSJc,bad
https://booking.com/legal,good
https://nytimes.com/help,good
http://paypal-support.org/payment.php?session=tc9JG01IXCpc8iYx,bad
https://google-login.xyz/go.php?ref=ZKUDiyINvQzpOpXE,bad
https://spotify.com/checkout?source=xf7r0w94,good
https://microsoft-account.xyz/redirect.php?token=JsAyNsTXxDWQ1zpe,bad
https://icicibank.com/support,good
https://ebay.com/terms,good
http://google-login.com/update.exe,bad
https://coursera.org/contact,good
https://amazon-login.net/update.exe,bad
https://wordpress.org/tools,good
https://google-account.icu/go.php,bad
https://blog.shopify.com/community,good
http://apple-login.org/login.php?token=eZaQ9qwWHw55ylNb,bad
http://amazon-login.com/transaction.php?key=jLPKcZhXEyNmI9K0,bad
https://nytimes.com/checkout,good
https://amazon.com/search,good
https://stackoverflow.com/category?utm_source=nqq5juqz,good
http://facebook-login.xyz/receipt.php,bad
https://ebay.com/browse?source=fex81czf,good
https://chase.com/privacy,good
https://amazon-support.com/update.php,bad
http://facebook-verify.icu/auth.php,bad
https://amazon-login.top/account-verify,bad
https://zoom.us/legal,good
https://api.bankofamerica.com/settings,good
https://ajio.com/answers?utm_source=fh3rhxxd,good
https://booking.com/products,good
https://goibibo.com/dashboard?utm_source=f0j5jpbo,good
https://google-update.top/billing.php?key=h9ZkP3aVETNOfha6,bad
http://amazon-account.online/redirect.php?ref=u6XtQymk4ewdbNcT,bad
https://apple.com/favorites,good
http://facebook-security.cam/invoice.php?code=ia3HPYjIorkulGoP,bad
http://microsoft-login.cam/update.exe?session=JmkfL3ft4SKQSxFP,bad
http://paypal-verify.icu/verify.php?session=CgPZnkNz6DQBfoQ4,bad
https://microsoft-verify.xyz/identity-check?session=GPdIpFda6ZbodVNg,bad
https://microsoft-account.online/go.php?token=NMg8RMroYzt1HNRp,bad
https://slack.com/account,good
http://facebook-update.com/offer.php,bad
https://axisbank.com/announcements?page=po2vn2fq,good
https://app.medium.com/billing,good
https://spotify.com/billing?ref=c6b6hbh8,good
https://microsoft-verify.com/secure-login?session=a6z2l4PWEi2N3R0L,bad
https://booking.com/security?source=w8zlr3o8,good
https://wellsfargo.com/cart?id=0k4r90mx,good
https://bbc.co.uk/announcements?ref=i40vpm1i,good
https://paypal-security.online/verify.php,bad
http://apple-verify.net/identity-check?key=HcMysQRlya21fJRr,bad
https://facebook-support.com/promotion.php,bad
http://amazon-login.online/contact.php,bad
https://chase.com/security,good
https://apple-login.cam/contact.php,bad
https://wellsfargo.com/account,good
https://paypal-support.com/payment.php,bad
https://imdb.com/profile,good
https://facebook.com/,good
https://medium.com/docs,good
https://mail.coursera.org/updates?page=qmz0rk5h,good
http://microsoft-support.org/url.php,bad
https://airbnb.com/press,good
http://google-login.org/chat.php?key=TYlKAozvbRSc3PlT,bad
http://amazon-support.com/login.php,bad
https://shopify.com/news?utm_source=nrmardy0,good
https://instagram.com/community,good
http://paypal-verify.com/invoice.php?token=TrM6Xg65x8wzdUf2,bad
https://rapido.com/favorites,good
https://swiggy.com/contact?id=ny812xbw,good
https://washingtonpost.com/docs,good
http://google-support.net/deal.php,bad
https://youtube.com/item,good
https://paypal.com/announcements,good
https://citibank.com/questions,good
http://paypal-account.online/security-update,bad
http://facebook-account.icu/winner-notification?code=3BnX2737DHCjOYKR,bad
https://stackoverflow.com/help,good
http://paypal-update.top/security-update?key=QgrRglMnAaLBIrrc,bad
https://wellsfargo.com/forum,good
https://wordpress.org/help?utm_source=kzfha227,good
http://apple-update.org/transaction.php,bad
https://google-update.net/discount.php,bad
http://microsoft-account.org/auth.php,bad
http://paypal-verify.xyz/prize-claim,bad
http://apple-update.icu/signin.php,bad
https://amazon-security.org/contact.php,bad
https://app.kotak.com/history,good
http://microsoft-update.icu/chat.php?session=fJPUMpP3a4xG9gRV,bad
http://google-account.icu/invoice.php?ref=mrCUFfi0dOdzVg1r,bad
http://microsoft-support.icu/contact.php?code=PqVPVs850gevqR9n,bad
https://amazon-update.top/receipt.php,bad
https://apple-verify.online/invoice.php,bad
https://amazon-update.online/discount.php,bad
http://apple-login.net/go.php?token=IJ0T2MursQqggKj9,bad
https://sbi.co.in/tools,good
https://zomato.com/guidelines,good
https://ola.com/tutorials,good
https://ola.com/about,good
https://shopify.com/press,good
https://oracle.com/resources?utm_source=eheuqr76,good
http://google-support.top/prize-claim?ref=9EIwC2UKUb9qTQ2Y,bad
http://paypal-support.cam/congratulations,bad
https://shop.zomato.com/login,good
http://arnazon.com/receipt.php,bad
http://facebook-verify.icu/help.php,bad
https://shopify.com/home,good
https://wordpress.org/cart,good
http://apple-security.com/link.php,bad
https://wikipedia.org/settings,good
https://joomla.org/login,good
https://edx.org/downloads,good
http://apple-login.com/account-verify?key=0J5SbKCdQc41vZvZ,bad
https://salesforce.com/checkout,good
https://amazon.in/security,good
https://rapido.com/settings?page=xd34ycxu,good
https://nykaa.com/cart?source=9znflecm,good
https://mail.sbi.co.in/docs,good
https://goibibo.com/news,good
https://axisbank.com/community?page=6eywstga,good
https://airbnb.com/security,good
https://www.axisbank.com/category,good
http://google-update.org/secure-login,bad
https://facebook-security.online/install.php,bad
https://microsoft-support.online/update.php?code=Do0NXIiXwYQpYC22,bad
https://khanacademy.org/press,good
https://paypal-support.online/security-update?token=0VHISkM69yh8lw3y,bad
https://wikipedia.org/settings,good
https://api.shopify.com/downloads,good
http://apple-security.net/identity-check,bad
https://swiggy.com/security,good
https://flipkart.com/profile?id=a3s2vsg2,good
http://paypal-login.top/go.php,bad
https://paypal-security.icu/account-verify,bad
https://paypal-login.top/account-verify?token=of4W2ExQQ9plROJ0,bad
https://youtube.com/account?ref=1b1w7ofo,good
https://flipkart.com/orders,good
http://google-security.online/lottery-winner?token=LrML7JyuG2OQuXW8,bad
http://google-login.com/payment.php,bad
http://apple-account.icu/billing.php?key=wOoGr5NU844EO3WI,bad
http://amazon-account.online/secure-login?token=LQCCw8iDqtt5gPNC,bad
http://paypal-update.cam/patch.exe?token=WJZKdeCoJydPRouF,bad
https://facebook-update.cam/signin.php,bad
https://google-login.com/visit.php?session=YvDg6efj16fN5tmp,bad
http://microsoft-verify.xyz/verify.php,bad
http://amazon-account.top/setup.exe?ref=gIriXHWVi8dJsL4d,bad
http://apple-update.xyz/congratulations?token=mrFpJLrzEjkd0HMr,bad
https://app.salesforce.com/login?ref=47t93hrm,good
http://google-verify.com/download.php?code=1rmrEjUB63GZJTSb,bad
https://wellsfargo.com/favorites,good
http://paypal-security.net/payment.php,bad
http://google-security.org/message.php,bad
https://ola.com/discussions?utm_source=haiek3x0,good
https://educational.edu/home,good
https://app.expedia.com/discussions,good
https://drupal.org/legal,good
http://google-security.online/invoice.php?token=lvZV7hiw1ETLzIsW,bad
http://google-update.net/chat.php?session=kHv9wNfccgSOsUTB,bad
https://airbnb.com/profile?utm_source=xsakl19y,good
https://news.cnn.com/questions?page=xr3egr6y,good
https://makemytrip.com/history?ref=etxz9mck,good
https://www.expedia.com/resources,good
https://stackoverflow.com/guidelines,good
https://apple-security.top/winner-notification,bad
https://bankofamerica.com/orders?page=74sekldd,good
http://applee.com/auth.php,bad
https://swiggy.com/help,good
https://drupal.org/legal?id=yce8l12x,good
http://amazon-update.xyz/update.exe,bad
https://shop.dropbox.com/home,good
https://apple-login.net/security-update?ref=ResVeKIEUMkTgxJh,bad
https://airbnb.com/announcements,good
http://apple-verify.icu/go.php,bad
https://facebook-support.org/link.php?ref=0Xan7k4TCXkYMnZg,bad
http://microsoft-update.online/auth.php?token=Xp53yS56ddAGYmi2,bad
https://facebook-update.top/update.exe,bad
https://www.nytimes.com/community,good
http://apple-verify.top/login.php,bad
http://microsoft-login.online/install.php?session=rHV75QNXr3jh52J3,bad
https://rapido.com/updates,good
https://apple-account.xyz/login.php,bad
http://amazon-security.xyz/invoice.php,bad
https://citibank.com/media?source=51g2yxao,good
https://goibibo.com/terms,good
https://facebook-security.top/invoice.php,bad
https://google-verify.cam/support.php?session=LjjPZM1Csk9iR7MN,bad
https://spotify.com/contact,good
https://axisbank.com/profile,good
http://facebook-account.top/contact.php?token=SnO0IY2NXF7HYRW8,bad
https://netflix.com/wishlist,good
https://adobe.com/wishlist,good
https://app.khanacademy.org/favorites,good
http://paypal-security.icu/lottery-winner?token=0PilQyKJqQmpROfS,bad
https://amazon.com/press,good
https://wellsfargo.com/browse?id=k1gxn56f,good
https://myntra.com/guidelines,good
https://github.com/resources,good
http://paypal-account.com/update.exe,bad
https://imdb.com/support,good
https://mail.drupal.org/docs,good
http://google-support.org/prize-claim,bad
https://facebook-update.xyz/congratulations,bad
https://amazon-verify.net/contact.php,bad
https://spotify.com/checkout,good
http://paypal-update.net/lottery-winner?token=mzliPlaXPy3OksrR,bad
https://paypal.com/billing,good
http://paypal-account.net/update.exe?ref=CcP9Wqh0bv6mndic,bad
https://salesforce.com/tutorials?id=01ogmr2n,good
http://microsoft-login.com/prize-claim,bad
https://citibank.com/news,good
http://google-account.online/congratulations,bad
https://microsoft-update.online/survey.php?session=EorxM33xMpSbhbJd,bad
http://amazon-update.net/security-update,bad
https://microsoft.com/dashboard?source=jejvsd0l,good
https://capitalone.com/privacy,good
https://dropbox.com/announcements,good
https://nykaa.com/help,good
https://airbnb.com/browse,good
http://google-update.org/security-update,bad
https://app.joomla.org/?utm_source=ycak41mg,good
https://zoom.us/billing,good
https://reuters.com/favorites,good
https://app.hdfcbank.com/discussions,good
https://mail.rapido.com/downloads,good
http://google-account.xyz/go.php?token=b9alY5OwOiLhSGuH,bad
http://paypal-verify.cam/signin.php,bad
https://instagram.com/products,good
https://wellsfargo.com/contact,good
https://citibank.com/discussions?ref=8cjyuukf,good
https://edx.org/downloads,good
https://shop.shopify.com/resources,good
http://facebook-update.cam/install.php?key=LT8kzhRcsCcBUUdf,bad
https://oracle.com/legal?id=z99h6lqs,good
http://google-security.org/invoice.php?session=rqB141huQCamfMoX,bad
https://dropbox.com/item?source=uw6bg3hc,good
https://microsoft.com/about,good
http://apple-verify.online/help.php?code=JPyBChmh7xnW5GgV,bad
http://amazon-login.net/promotion.php?token=WrFKIQDRDJaqJXVt,bad
http://microsoft-update.xyz/login.php?token=LRzhupdmOA20nyCX,bad
https://paypal-security.xyz/billing.php?key=DGs0eNEsx7E3yewW,bad
https://www.google.com/home,good
https://swiggy.com/orders,good
http://amazon-support.online/invoice.php,bad
https://paypal.com/category,good
http://google-support.cam/url.php?token=JFsrWrjbn9kej5lL,bad
https://google-login.net/invoice.php,bad
https://mail.uber.com/questions,good
http://amazon-verify.online/setup.exe,bad
http://microsoft-verify.top/discount.php,bad
https://booking.com/home?ref=esc0xxhr,good
http://facebook-support.top/account-verify,bad
https://amazon.in/orders?source=elcq1lzc,good
https://mail.makemytrip.com/services,good
https://news.cnn.com/security,good
https://www.bankofamerica.com/login,good
https://facebook-update.com/transaction.php,bad
http://facebook-login.online/security-update,bad
https://adobe.com/tools,good
https://paypal-login.xyz/account-verify,bad
https://facebook.com/press,good
https://wikipedia.org/dashboard,good
http://paypal-verify.cam/contact.php,bad
http://amazon-login.net/go.php?token=aun1u2t9vSuxxIDd,bad
https://educational.edu/category?page=y4t6591h,good
http://microsoft-update.xyz/login.php,bad
http://paypal-verify.cam/lottery-winner,bad
https://amazon.com/discussions?utm_source=4a33j2e4,good
https://edx.org/tools,good
https://netflix.com/announcements?ref=kxq0wzle,good
http://apple-update.org/lottery-winner,bad
https://zomato.com/announcements,good
http://apple-security.top/signin.php,bad
http://apple-security.net/redirect.php?token=4n5BZZjq0C6dO4Gi,bad
http://amazon-verify.net/promotion.php,bad
http://paypal-security.org/billing.php,bad
https://apple.com/help,good
http://facebook-support.net/update.php,bad
http://microsoft-security.org/login.php,bad
https://reddit.com/community?ref=r3xwkkbu,good
https://nykaa.com/api?source=nuzahmza,good
https://wikipedia.org/media,good
https://dropbox.com/forum,good
http://paypal-login.online/visit.php,bad
https://facebook-account.top/message.php,bad
https://axisbank.com/tools,good
https://shop.ebay.com/item,good
https://facebook-security.net/account-verify?ref=BVzKry6uDwYQHNpB,bad
https://mail.linkedin.com/profile?source=6of1pz8e,good
https://hdfcbank.com/home,good
https://swiggy.com/downloads?id=ogss7s0n,good
http://amazon-update.online/redirect.php,bad
https://google-account.top/auth.php,bad
https://ajio.com/announcements,good
http://amazon-account.cam/invoice.php,bad
http://microsoft-login.net/billing.php?ref=CMdbEiCSvM8PgqHh,bad
https://linkedin.com/billing,good
https://chase.com/item,good
https://youtube.com/support,good
https://amazon-login.icu/update.exe,bad
https://zoom.us/blog,good
https://microsoft-security.net/deal.php,bad
https://api.imdb.com/policy?utm_source=z96n3wtg,good
http://apple-verify.icu/go.php?token=46hym3mYienRJLD8,bad
https://imdb.com/tools?id=q9kd15kb,good
https://linkedin.com/account,good
https://blog.rapido.com/services,good
https://facebook-security.com/go.php,bad
https://nytimes.com/checkout?utm_source=od0lwz0e,good
https://reddit.com/tutorials,good
https://zoom.us/api,good
https://khanacademy.org/blog,good
https://github.com/developers,good
https://google-account.com/go.php,bad
https://khanacademy.org/legal?ref=jloetryu,good
http://amazon-security.online/link.php,bad
https://drupal.org/updates,good
http://google-account.xyz/winner-notification,bad
http://amazon-support.com/lottery-winner?session=nFUPBjeEdNdmTzt4,bad
http://paypal-account.xyz/promotion.php,bad
https://stackoverflow.com/announcements,good
https://goibibo.com/resources,good
https://amazon-security.icu/go.php,bad
https://myntra.com/media,good
https://www.kotak.com/discussions,good
https://educational.edu/cart,good
https://shop.hdfcbank.com/docs,good
http://amazon-verify.online/install.php,bad
http://paypal-account.org/verify.php,bad
https://drupal.org/search,good
http://apple-verify.cam/payment.php?ref=OO27sRyTdHl8gKqy,bad
http://apple-update.com/lottery-winner,bad
https://bbc.co.uk/browse?page=hhgw91sg,good
https://ebay.com/dashboard,good
https://apple-account.com/congratulations?key=gVHsBgkLOAXL9WjF,bad
http://microsoft-update.net/go.php?code=Yb26tlkaO4kr3ZmC,bad
https://ebay.com/cart,good
https://capitalone.com/about,good
https://instagram.com/account,good
https://blog.nykaa.com/forum?source=s3r3pjb0,good
https://flipkart.com/profile,good
https://www.wellsfargo.com/cart?page=agamq9qx,good
http://google-security.xyz/contact.php,bad
https://facebook-update.icu/deal.php,bad
https://nykaa.com/updates?id=ly3coxky,good
https://news.cnn.com/products?id=ptof0azv,good
https://amazon-support.com/offer.php,bad
https://dropbox.com/help,good
https://blog.myntra.com/services?ref=kar799kr,good
http://paypal-verify.net/winner-notification?key=SyjilAehapSdBsKv,bad
https://app.ajio.com/policy?ref=w82h12pg,good
https://oracle.com/tools,good
http://microsoft-support.cam/patch.exe,bad
https://google.com/tutorials,good
http://microsoft-account.com/download.php?key=s4eedDRLM7wr8XSQ,bad
https://booking.com/profile,good
https://twitter.com/products?ref=7zf3jzwc,good
https://blog.ajio.com/home,good
http://microsoft-account.org/account-verify?token=VpDUUPQ8bWMLqvCB,bad
https://instagram.com/questions,good
https://nykaa.com/checkout?source=qf6c1v4l,good
https://api.craigslist.org/media,good
https://shopify.com/legal,good
http://paypal-login.net/url.php,bad
https://apple-update.org/account-verify?token=pmnleMtNZ0sbukfy,bad
https://imdb.com/history,good
http://paypal-verify.com/transaction.php?key=Gv9X8atWopIeWOjt,bad
http://facebook-login.org/account-verify,bad
http://paypal-verify.top/auth.php,bad
http://google-verify.xyz/prize-claim?token=kMDxxNwHUbBYW3hq,bad
http://google-login.org/redirect.php?token=Jrw7XlAfu9cLiouu,bad
http://google-update.top/link.php,bad
http://microsoft-support.com/prize-claim?key=QUjg110KoIZPKXxR,bad
https://microsoft-account.org/identity-check,bad
http://google-verify.top/offer.php?session=wi6C9ZwmVClSI1F5,bad
http://google-account.org/chat.php?ref=YLCOXsh0tO4kaGNJ,bad
http://google-verify.icu/verify.php?token=X9FpeERguSKefCc9,bad
http://google-account.net/secure-login?key=MXC8vGRF7ZONtQXf,bad
https://twitter.com/answers,good
https://www.coursera.org/cart,good
https://chase.com/api,good
https://apple-login.cam/login.php,bad
https://axisbank.com/about,good
https://craigslist.org/answers,good
https://ajio.com/services,good
https://www.wordpress.org/discussions,good
http://amazon-security.org/update.php?ref=FA2ZPb3wQPAxLkKi,bad
http://google-account.icu/go.php,bad
https://google-account.xyz/signin.php?ref=b1s8ooILJU5B1eds,bad
https://api.goibibo.com/legal,good
https://paypal-security.com/patch.exe,bad
https://facebook-security.top/redirect.php,bad
http://facebook-login.net/transaction.php,bad
https://netflix.com/downloads,good
http://microsoft-login.net/install.php,bad
http://facebook-verify.com/install.php,bad
http://apple-security.xyz/secure-login,bad
http://apple-account.net/help.php,bad
http://microsoft-verify.org/go.php,bad
https://api.educational.edu/forum,good
https://api.wikipedia.org/docs,good
https://kotak.com/billing,good
http://apple-security.top/prize-claim?token=lYMEO6nyEoo2asmi,bad
http://amazon-verify.org/contact.php,bad
https://api.netflix.com/billing,good
https://www.adobe.com/resources,good
http://google-support.icu/setup.exe?session=8yy7qTGuPNo9zTac,bad
https://shop.oracle.com/history,good
https://edx.org/account,good
https://salesforce.com/help?page=drlocozd,good
http://paypal-security.net/download.php,bad
https://google-security.online/secure-login,bad
http://facebook-verify.xyz/verify.php,bad
https://icicibank.com/billing,good
https://youtube.com/resources,good
http://microsoft-account.xyz/login.php,bad
http://paypal-support.cam/verify.php,bad
https://app.google.com/?page=zeis9t49,good
http://facebook-security.org/discount.php,bad
https://axisbank.com/about,good
https://myntra.com/checkout,good
https://microsoft-login.xyz/deal.php?token=Df1feHcEBqke7fRt,bad
http://microsoft-security.top/verify.php,bad
http://apple-login.com/login.php,bad
https://paypal-support.org/update.exe?session=XWpstAxZI4mEsRSd,bad
http://microsoft-support.cam/setup.exe,bad
https://blog.oracle.com/tutorials,good
https://facebook-support.xyz/identity-check,bad
https://goibibo.com/community,good
https://app.nytimes.com/legal,good
https://google-login.cam/lottery-winner,bad
https://github.com/docs?source=yr1xd5il,good
https://kotak.com/announcements,good
https://kotak.com/favorites?source=ur2p1ara,good
http://google-update.xyz/transaction.php,bad
http://apple-account.xyz/prize-claim,bad
https://facebook-support.com/update.php,bad
https://twitter.com/dashboard,good
http://paypal-verify.xyz/invoice.php,bad
https://amazon-verify.net/prize-claim,bad
https://amazon-verify.net/help.php,bad
https://adobe.com/item,good
https://shopify.com/tools,good
https://www.linkedin.com/media,good
http://microsoft-support.xyz/update.exe,bad
https://sbi.co.in/discussions?utm_source=4pi4e8l5,good
http://microsoft-verify.com/patch.exe,bad
https://chase.com/about,good
https://khanacademy.org/settings,good
http://facebook-login.top/update.php,bad
https://microsoft-support.org/patch.exe,bad
http://facebook-login.online/url.php,bad
https://app.amazon.com/about?source=c1s19oyh,good
http://facebook-support.icu/lottery-winner,bad
https://zomato.com/downloads?page=tff94n6i,good
http://paypal-verify.net/help.php?code=YAQRZkoNFgPOtJj4,bad
https://slack.com/legal,good
https://rapido.com/dashboard,good
https://craigslist.org/home,good
http://amazon-update.com/security-update?ref=C0SzobBrv1FNkl7a,bad
https://shopify.com/wishlist,good
http://google-update.net/redirect.php?ref=Mqf1sRFJJRKS806n,bad
https://facebook-account.icu/transaction.php?session=FPWHNzIevn8XjLQA,bad
https://youtube.com/contact,good
https://capitalone.com/dashboard,good
https://nykaa.com/browse,good
https://youtube.com/browse,good
https://amazon.com/contact,good
http://paypal-support.com/signin.php?token=WMYuid3Il5UPhk4l,bad
https://sbi.co.in/category?source=k2v8oq5w,good
https://facebook-account.top/go.php,bad
https://rapido.com/billing,good
https://coursera.org/wishlist,good
http://apple-account.xyz/signin.php?token=rmwQnA7BRLxnQFxF,bad
https://booking.com/policy,good
http://apple-security.org/redirect.php,bad
https://apple-verify.online/url.php,bad
http://paypal-verify.org/setup.exe,bad
http://amazon-security.net/contact.php,bad
http://apple-security.online/payment.php,bad
http://microsoft-update.top/billing.php,bad
https://facebook.com/profile,good
http://facebook-security.net/offer.php?ref=v9eJuGEk0yvo9Q22,bad
http://facebook-account.cam/security-update?session=baIaki7tRnAqV7B7,bad
https://microsoft-account.com/url.php,bad
https://kotak.com/docs,good
http://microsoft-security.icu/go.php,bad
https://wikipedia.org/category,good
http://amazon-verify.xyz/login.php,bad
http://paypal-account.net/receipt.php,bad
http://amizon.com/account-verify?token=iU9SridiifRHbArt,bad
https://amazon-update.cam/url.php,bad
http://apple-security.online/payment.php?code=G89bSTdwHGSYfb5O,bad
https://paypal.com/search,good
http://paypal-account.net/setup.exe,bad
https://www.nykaa.com/checkout?utm_source=15yy4j1f,good
https://blog.microsoft.com/settings,good
https://apple-security.net/help.php,bad
https://nykaa.com/security,good
https://paypal-account.top/congratulations?ref=Ei4ckxuPM7No5Rzw,bad
http://google-account.cam/message.php,bad
https://goibibo.com/browse,good
https://apple-verify.com/congratulations,bad
http://apple-login.cam/identity-check,bad
http://apple-support.online/identity-check?session=2Icu6DhbW39vEoAi,bad
http://amazon-verify.online/invoice.php,bad
https://twitter.com/support?id=9h53njnx,good
http://apple-account.xyz/support.php?token=JjQ5w515cIINvF0U,bad
https://linkedin.com/orders,good
http://facebook-verify.top/payment.php?key=abxZ5A2B9TFicEpD,bad
http://google-verify.cam/lottery-winner,bad
https://paypal-verify.net/promotion.php,bad
https://facebook-update.org/secure-login,bad
https://sbi.co.in/developers,good
http://google-security.cam/install.php,bad
http://google-support.org/url.php?token=8GItRODfKOH2QS3X,bad
https://oracle.com/api?utm_source=8l664ccv,good
https://mail.airbnb.com/checkout,good
https://apple-update.net/update.php?code=hgMsXOYytao5aCRy,bad
https://wellsfargo.com/cart,good
http://facebook-support.com/congratulations,bad
http://micosoft.com/setup.exe?code=TM2SEeQnAmCPDe4A,bad
https://educational.edu/api,good
https://wikipedia.org/account,good
http://apple-update.top/transaction.php?token=AykspxgFWf6cFT8c,bad
https://apple-security.xyz/receipt.php,bad
http://amazon-login.org/payment.php?session=FtLDHkpG1XKCzdu3,bad
http://facebook-security.top/chat.php,bad
https://facebook-account.org/update.exe,bad
https://facebook-login.xyz/billing.php,bad
http://amazon-support.cam/promotion.php,bad
http://facebook-account.com/login.php?code=h5T8birZHQIfnCO6,bad
https://app.reuters.com/updates,good
http://facebook-support.net/receipt.php?code=iga6nNgogqEWIT6H,bad
https://washingtonpost.com/questions,good
https://myntra.com/contact?source=s17bnviv,good
https://www.github.com/about?ref=zn6o5bct,good
http://apple-support.online/offer.php,bad
https://facebook-support.org/transaction.php,bad
https://zoom.us/updates,good
https://amazon-account.icu/receipt.php?code=X7Xb9bbS0pI2zcak,bad
https://mail.stackoverflow.com/dashboard,good
https://facebook-support.cam/congratulations?key=G76bpX2ZxcWOqVIj,bad
https://capitalone.com/tutorials,good
http://google-account.top/redirect.php?ref=XjVYkJBnS1fO2twf,bad
https://linkedin.com/api?source=pzk1ivgv,good
https://reddit.com/developers,good
https://youtube.com/answers,good
https://microsoft.com/login,good
https://wellsfargo.com/checkout,good
http://facebook-security.com/visit.php?ref=jijqZlHLFddwlhNm,bad
https://ola.com/search?utm_source=q5f9cdh9,good
https://amazon-verify.net/identity-check,bad
http://microsoft-support.cam/lottery-winner,bad
https://amazon-security.com/message.php,bad
http://microsoft-update.org/survey.php?token=p7G6T5SpcckIVutw,bad
https://goibibo.com/cart,good
https://washingtonpost.com/profile,good
https://microsoft-account.xyz/install.php?token=xGgSlZgh0Bn89Psw,bad
http://amazon-update.icu/offer.php,bad
https://paypal-verify.icu/signin.php,bad
https://microsoft.com/contact,good
https://swiggy.com/announcements,good
https://icicibank.com/api?source=yqyf3mjv,good
https://goibibo.com/item,good
http://paypal-verify.com/login.php,bad
https://google-update.top/identity-check?ref=8bhpDauL00jbQvgt,bad
http://microsoft-support.cam/congratulations,bad
http://google-account.cam/survey.php,bad
https://goibibo.com/answers?id=h4tggfik,good
https://api.twitter.com/privacy,good
https://shopify.com/questions,good
http://paypal-login.cam/go.php,bad
https://mail.drupal.org/checkout,good
http://google-account.top/patch.exe,bad
https://hdfcbank.com/answers,good
http://amazon-login.xyz/lottery-winner?session=To3KkJtZL1QAc5xU,bad
https://wordpress.org/settings,good
https://mail.flipkart.com/profile,good
https://amazon.in/contact,good
http://microsoft-security.net/offer.php,bad
http://paypal-security.top/message.php?ref=pCTBwxteJN7LljL5,bad
http://microsoft-support.online/discount.php?session=CuMPegaMTJnfsv7y,bad
https://google-support.xyz/invoice.php?code=O2MOkRCjmeysqyqr,bad
https://chase.com/products,good
https://blog.dropbox.com/contact,good
https://amazon-update.org/discount.php?ref=DMIUVcqwrTfGZgU6,bad
https://api.salesforce.com/resources?id=o9ys9rso,good
http://apple-verify.online/payment.php,bad
https://microsoft-login.cam/survey.php,bad
https://shop.twitter.com/api,good
http://amazon-account.net/download.php,bad
https://app.airbnb.com/blog,good
https://google-security.net/patch.exe?code=dSNmjXVzAe6ruQTA,bad
https://linkedin.xyz/signin.php?key=QkeMQSA7fgJqjWRu,bad
http://paypal-security.top/billing.php?code=JNxHrIPsdi6kDDM0,bad
https://app.medium.com/security,good
http://amazon-verify.icu/signin.php,bad
https://app.swiggy.com/api,good
http://microsoft-account.net/payment.php,bad
http://paypal-update.org/invoice.php,bad
https://paypal-login.xyz/identity-check,bad
https://icicibank.com/help,good
https://dropbox.com/?source=6r87k95q,good
https://instagram.com/policy,good
http://paypal-update.org/verify.php,bad
https://flipkart.com/terms,good
https://facebook-support.com/go.php,bad
https://ajio.com/press?source=cxinmgsn,good
http://amazon-verify.xyz/survey.php,bad
https://khanacademy.org/privacy?id=43kg24kq,good
http://facebook-verify.top/verify.php,bad
https://goibibo.com/item,good
http://amazon-account.cam/lottery-winner?session=dG2nYlHHVg2Wl95d,bad
https://google-account.online/account-verify,bad
https://api.ebay.com/checkout,good
https://ebay.com/orders,good
http://apple-support.cam/receipt.php?token=qNyN8NlTXNTLyinU,bad
https://amazon-support.org/help.php,bad
https://swiggy.com/terms,good
https://google-update.com/redirect.php,bad
http://apple-support.online/receipt.php,bad
http://facebook-support.top/winner-notification?key=qd4BAQbEsQq96aNK,bad
https://amazon-support.icu/redirect.php,bad
http://amazon-update.top/setup.exe?key=Z1CW6873CcGzeAi7,bad
https://apple-update.online/promotion.php?session=bSuOLwUbVHTQElaf,bad
https://facebook.com/privacy,good
http://google-verify.cam/receipt.php,bad
https://netflix.com/,good
https://paypal-verify.net/receipt.php?session=TtiZvcd8rRqhFdru,bad
https://axisbank.com/search?ref=770cc4ia,good
https://shop.craigslist.org/api,good
https://microsoft-security.xyz/link.php?token=LXXQpsCN5d4qiJxC,bad
https://ajio.com/,good
https://zomato.com/terms,good
http://google-security.top/prize-claim?code=lwLxy8ZT4MErayqQ,bad
http://google-verify.cam/redirect.php?token=qwLuteLyPoTUKFWg,bad
https://apple-support.cam/login.php?ref=M3J0oEPHzqX3TvIS,bad
http://facebook-verify.org/login.php,bad
http://you-won-prize.com/security-update,bad
http://paypal-support.top/security-update?key=ieTuoLctA8Tdi27P,bad
https://github.com/terms,good
https://swiggy.com/questions?utm_source=ktk9c7bv,good
https://shop.zomato.com/security,good
http://paypal-account.cam/redirect.php,bad
https://twitter.com/home?utm_source=ykb7ires,good
https://facebook-login.xyz/contact.php?key=dpBW7FllKx5if9Ce,bad
https://amazon.com/policy,good
https://ebay.com/updates,good
https://api.flipkart.com/products,good
https://booking.com/updates,good
http://facebook-security.xyz/account-verify,bad
https://rapido.com/account,good
https://slack.com/questions,good
http://microsoft-login.net/survey.php?session=fcfz3ERcN02uadBg,bad
https://blog.paypal.com/developers?page=8s5w0oht,good
http://facebook-account.top/prize-claim,bad
https://swiggy.com/announcements,good
https://edx.org/tools,good
https://reuters.com/billing,good
https://paypal-login.org/payment.php,bad
http://facebook-verify.net/discount.php,bad
http://microsoft-account.xyz/auth.php,bad
https://github.com/history?id=25roxnas,good
https://facebook-account.org/prize-claim,bad
https://spotify.com/orders,good
https://amazon-security.org/support.php,bad
https://joomla.org/history,good
https://www.rapido.com/category?id=9lue0r1s,good
http://microsoft-verify.org/redirect.php,bad
https://nykaa.com/wishlist,good
https://expedia.com/profile?ref=v4p03t5o,good
http://apple-login.org/survey.php,bad
http://microsoft-support.com/support.php?ref=BEEGD0bi8DVWwrNG,bad
https://google-account.com/discount.php,bad
http://google-security.top/promotion.php,bad
https://apple.com/products,good
https://google-verify.icu/discount.php,bad
https://zomato.com/checkout,good
https://shop.joomla.org/checkout,good
https://google-verify.icu/auth.php?session=G9c6X9K4SsP5WLJt,bad
https://amazon-security.xyz/visit.php,bad
http://paypal-verify.org/prize-claim,bad
https://hdfcbank.com/services,good
https://drupal.org/updates,good
https://microsoft-account.net/lottery-winner,bad
http://amazon-login.online/setup.exe?code=rvIPuOdSlpK0x5oX,bad
https://google-security.com/deal.php?code=Ae3chkZ7S1StxMIF,bad
https://mail.swiggy.com/?ref=tnl00mqq,good
https://reuters.com/tools,good
https://booking.com/terms,good
https://nykaa.com/category?id=z4mkthdu,good
http://paypal-update.cam/promotion.php,bad
http://amazon-verify.com/deal.php,bad
http://facebook-update.cam/support.php?ref=dVdSRentDGO28jgl,bad
https://apple-security.net/winner-notification?session=ngqTaEi43JlZk08L,bad
https://microsoft.com/resources,good
https://app.joomla.org/api,good
http://paypal-security.org/patch.exe?session=ue1cFZPUBYKXvbMW,bad
https://drupal.org/security,good
http://amazon-support.xyz/congratulations?key=L1D9Uaw5HJJlsrVb,bad
http://microsoft-verify.cam/auth.php?token=yU64iQtRO07IabxC,bad
https://makemytrip.com/terms,good
http://amazon-account.xyz/transaction.php,bad
https://adobe.com/questions,good
https://slack.com/forum,good
http://google-login.net/signin.php,bad
http://facebook-security.xyz/install.php,bad
https://flipkart.com/checkout,good
http://microsoft-account.online/promotion.php,bad
http://facebook-security.online/account-verify,bad
https://airbnb.com/products,good
http://google-support.icu/update.exe,bad
https://microsoft-account.online/chat.php,bad
http://google-account.top/download.php,bad
http://apple-login.online/go.php,bad
https://zoom.us/contact?ref=d0svp065,good
http://amazon-update.com/download.php?ref=otHkZNNodLS0Jza4,bad
https://craigslist.org/support?utm_source=wcddxj73,good
http://facebook-support.org/account-verify,bad
https://shop.wikipedia.org/support,good
https://amazon.in/docs,good
https://medium.com/terms?ref=lf6jt4mw,good
https://nykaa.com/settings?utm_source=tyvbs0xo,good
http://youtube-login.com/receipt.php,bad
https://api.spotify.com/legal,good
https://microsoft-security.icu/transaction.php?ref=AsHhny8Ez0Tmeo2F,bad
https://shopify.com/tools?page=hhzypmsb,good
http://google-support.top/discount.php,bad
https://bankofamerica.com/checkout,good
https://wordpress.org/billing?source=h9yro8lc,good
http://paypal-verify.icu/secure-login,bad
https://apple-verify.org/go.php?key=uLDVNuc7RRrzVQS8,bad
http://paypal-account.net/auth.php,bad
https://www.axisbank.com/policy,good
https://paypal-support.online/receipt.php,bad
http://amazon-verify.xyz/login.php?ref=NthErtoDRrN8sign,bad
https://apple-account.icu/invoice.php,bad
http://amazon-update.xyz/support.php,bad
https://spotify.com/home,good
https://chase.com/wishlist?ref=7cstg7c9,good
https://api.uber.com/policy,good
https://mail.bbc.co.uk/media?utm_source=visd287z,good
https://wikipedia.org/blog,good
http://facebook-support.xyz/login.php,bad
https://salesforce.com/questions,good
https://zomato.com/guidelines,good
https://www.zomato.com/orders,good
http://google-update.cam/setup.exe,bad
http://google-login.xyz/signin.php?ref=4sPZ2kShX4amnThu,bad
https://netflix.com/category,good
https://dropbox.com/policy?utm_source=3ujikrgp,good
http://apple-verify.com/identity-check,bad
http://google-security.org/transaction.php?session=onDlDfnhWDNlHrqV,bad
http://apple-security.net/verify.php?key=my4a6iuebH3g0AyT,bad
http://apple-login.net/identity-check,bad
http://amazon-login.org/congratulations,bad
http://apple-account.cam/deal.php?session=ksghwK22TBVEqJHG,bad
http://paypal-security.top/invoice.php?ref=3QAxHE4wqGgF7H1D,bad
http://paypal-support.icu/secure-login,bad
http://amazon-verify.cam/visit.php,bad
https://api.sbi.co.in/services?page=r4g3grrn,good
https://educational.edu/privacy,good
https://app.wellsfargo.com/home,good
https://money-transfer.com/go.php?session=d66HUZEykHkPRghp,bad
https://google-account.xyz/prize-claim,bad
https://facebook-account.xyz/login.php?code=vLqL3rvbGyhDdtJk,bad
https://apple-account.com/chat.php,bad
https://capitalone.com/forum,good
https://netflix.com/dashboard?id=i4f23yzg,good
https://ajio.com/orders,good
http://apple-support.com/invoice.php,bad
http://google-login.xyz/congratulations,bad
https://facebook-account.xyz/deal.php,bad
https://rapido.com/docs,good
http://microsoft-update.icu/update.php,bad
http://amazon-verify.icu/winner-notification,bad
https://wellsfargo.com/privacy,good
https://wellsfargo.com/wishlist,good
https://facebook-account.xyz/security-update,bad
https://makemytrip.com/terms,good
https://apple-account.net/security-update,bad
http://microsoft-update.org/download.php?key=CxOASoTZVMyuN6ga,bad
https://joomla.org/announcements,good
https://facebook-security.net/install.php,bad
https://swiggy.com/privacy,good
https://paypal-account.icu/update.exe,bad
https://www.coursera.org/updates?page=9w78m810,good
https://apple-security.top/login.php,bad
https://paypal.com/browse,good
http://paypal-security.online/verify.php?code=vgfsFdUa0B5Z3uEz,bad
http://paypal-update.org/login.php?ref=HpjFRarA8m50xbMh,bad
https://shop.oracle.com/news?utm_source=73kc72pv,good
https://microsoft-update.net/security-update?ref=3xxFREvhTx6LjXcd,bad
https://airbnb.com/media,good
https://microsoft-support.cam/survey.php?session=TuXlReP2ybsyOVx2,bad
https://coursera.org/downloads,good
http://paypal-security.net/verify.php,bad
http://microsoft-account.net/update.exe?session=MHg36q6YLCaLJ0pQ,bad
https://mail.zoom.us/forum?ref=x95yrs04,good
https://facebook-login.top/go.php,bad
https://paypal-verify.org/identity-check,bad
http://microsoft-update.net/verify.php,bad
http://microsoft-update.online/help.php?code=H0Q9It25l1CBZmgZ,bad
https://slack.com/community,good
https://google.com/tutorials,good
https://facebook-verify.org/link.php?ref=UIqaSGiH2q5TLpdg,bad
http://microsoft-verify.net/patch.exe,bad
https://paypal-support.com/receipt.php?token=N2efamFQTCGQzbXV,bad
https://paypal-security.xyz/offer.php?token=cVSXd1pIL9DphEDX,bad
http://paypal-verify.com/auth.php,bad
http://google-security.xyz/winner-notification,bad
https://zoom.us/forum,good
http://google-security.net/deal.php,bad
https://apple-verify.icu/support.php?token=CpcwZzVX9BiiB4W4,bad
http://paypal-login.top/redirect.php?ref=maCxp7wN8icKh3rR,bad
https://twitter.com/terms,good
https://linkedin.com/support?page=q89tfz7v,good
http://microsoft-verify.org/invoice.php,bad
https://twitter.com/resources,good
https://ola.com/api,good
https://swiggy.com/search,good
https://facebook-account.com/chat.php?ref=mURFiND8BAtw7Np2,bad
http://amazon-update.org/discount.php,bad
http://microsoft-security.org/help.php?code=epizHSBAYBxBS0V3,bad
http://google-update.cam/patch.exe,bad
https://spotify.com/orders,good
http://google-verify.online/receipt.php?ref=UFiz2OIRU3Zlbo5L,bad
https://app.uber.com/checkout,good
http://paypal-account.online/invoice.php?code=UIW9BAf4P0v9uh0J,bad
https://drupal.org/products,good
http://google-account.xyz/login.php,bad
http://paypal-update.org/download.php?token=cPFQwjF4QGVWXJrB,bad
https://linkedin.com/security,good
https://amazon.in/profile,good
https://twitter.com/browse,good
https://google-security.com/contact.php,bad
http://paypal-account.cam/discount.php?code=hJnc9KeYeXqdbDdH,bad
https://blog.reddit.com/item,good
https://udemy.com/dashboard,good
http://amazon-account.top/visit.php,bad
http://paypal-account.xyz/offer.php,bad
https://app.salesforce.com/news?page=oibfmyek,good
http://google-support.cam/secure-login?session=tXoAYemDmIvm9ot3,bad
http://facebook-login.top/transaction.php,bad
https://github.com/media?id=qrthv34u,good
http://microsoft-verify.cam/setup.exe,bad
https://zoom.us/resources,good
https://paypal-login.top/identity-check,bad
https://swiggy.com/guidelines?source=jollvzem,good
http://google-verify.org/congratulations?token=WNR6c78XYiKficiN,bad
http://facebook-verify.net/secure-login,bad
https://www.swiggy.com/answers,good
https://airbnb.com/guidelines?ref=mpmcoemi,good
http://paypal-security.top/account-verify?ref=6t7cdPjGgSjEQFnf,bad
https://microsoft-account.net/auth.php,bad
https://facebook-support.online/download.php,bad
http://apple-account.cam/auth.php?key=dWJzCrOBvXqOM34X,bad
https://ola.com/tools,good
http://google-verify.top/secure-login?key=6iUgqksAw9WqqA2d,bad
https://apple-security.xyz/winner-notification,bad
http://paypal-login.xyz/auth.php,bad
https://netflix.com/discussions,good
https://facebook.com/checkout,good
https://udemy.com/,good
https://microsoft-security.org/redirect.php,bad
https://google-verify.org/install.php,bad
https://axisbank.com/support,good
https://bbc.co.uk/press,good
https://shop.facebook.com/policy,good
http://apple-login.net/deal.php?session=eXtOBCoARhZc2DSx,bad
http://amazon-update.xyz/signin.php,bad
https://microsoft-account.xyz/help.php,bad
https://coursera.org/news,good
https://rapido.com/search?source=bx7u7p74,good
https://reuters.com/terms?source=hg0kx4l3,good
http://microsoft-update.net/verify.php,bad
https://microsoft-login.net/link.php?token=PpKqPHTJIMDlDOJZ,bad
http://apple-security.top/go.php?ref=yQWuySeElcouN6gM,bad
http://google-verify.online/billing.php,bad
http://microsoft-update.net/patch.exe?code=LbWBA4GpPgagOk7T,bad
https://wordpress.org/legal,good
https://mail.capitalone.com/about,good
https://chase.com/tools?utm_source=8ynvsv5v,good
https://google-update.top/account-verify?ref=ZD7W3rKFQXjZmbLX,bad
http://apple-login.xyz/update.php,bad
https://shop.goibibo.com/profile,good
https://dropbox.com/contact,good
http://amazon-verify.cam/account-verify?key=INgEawFvmS38rTRC,bad
https://capitalone.com/orders,good
http://facebook-update.top/download.php?session=8RoovrBz9dQzUDd0,bad
http://microsoft-account.cam/url.php,bad
http://apple-account.org/auth.php,bad
http://google-verify.top/help.php,bad
http://facebook-security.top/download.php?session=q8U30JEbQjojqv5g,bad
http://facebook-security.com/update.exe,bad
http://apple-verify.net/promotion.php,bad
https://zoom.us/terms,good
https://dropbox.com/answers,good
http://google-update.com/receipt.php,bad
https://reuters.com/orders?source=8no0njvg,good
http://google-update.online/lottery-winner,bad
https://amazon-security.top/invoice.php?token=uXuWgBhwaVgMK1nc,bad
https://imdb.com/resources,good
https://udemy.com/policy,good
https://apple-support.icu/congratulations,bad
https://www.uber.com/products,good
https://craigslist.org/?ref=sh0pzy3m,good
https://salesforce.com/security,good
http://apple-update.net/billing.php,bad
https://facebook.com/category,good
https://app.apple.com/products,good
https://app.goibibo.com/?id=zrs6kpk7,good
http://amazon-verify.cam/prize-claim?token=3rW2xxBv8LHJqOtk,bad
https://paypal.com/favorites,good
http://amazon-account.org/update.exe?key=wv6ZIXnEb8eOTAkY,bad
http://apple-account.top/contact.php?code=0uP5HOKpn8xSUOkE,bad
https://paypal-account.icu/update.exe?code=no6e6RbIIrfE0Hst,bad
https://bankofamerica.com/answers,good
https://amazon-support.cam/deal.php?session=bLeKgPnOsrFtq2IY,bad
http://facebook-support.net/download.php?token=hdaNpCsh8T6tDnVa,bad
https://shop.chase.com/category?id=n3l4k13t,good
http://google-account.cam/visit.php?session=sxlBObz6BSdIcIFW,bad
https://linkedin.com/contact,good
https://paypal.com/announcements?source=9vdezzct,good
http://amazon-security.top/security-update?code=uyB1YtZA3yj97v08,bad
https://expedia.com/history?page=2ppw7lqn,good
http://paypal-update.top/survey.php,bad
https://edx.org/downloads,good
https://www.nytimes.com/docs?ref=dq98izh2,good
https://facebook-verify.org/secure-login,bad
https://washingtonpost.com/search?ref=lfk611al,good
https://facebook.com/wishlist?ref=3ayf5zgv,good
https://www.adobe.com/downloads,good
http://apple-support.online/login.php,bad
https://amazon-account.com/billing.php,bad
http://paypal-account.xyz/link.php?session=uJRQKEDM4wnHm8DV,bad
https://nytimes.com/dashboard?utm_source=acootwj6,good
https://api.ajio.com/press,good
http://microsoft-account.org/chat.php?key=U3sFJCdg48bOa32q,bad
http://amazon-account.icu/message.php?code=sxdH83TZTYLDQO3A,bad
https://salesforce.com/support,good
https://rapido.com/orders,good
http://google-login.online/help.php,bad
http://amazon-update.icu/security-update,bad
https://wellsfargo.com/support?ref=inb5l994,good
https://facebook.com/help,good
https://microsoft-security.cam/receipt.php?token=zDhw1UVjc0iXrQnn,bad
http://amazon-login.org/install.php?token=ZHxao1zrZHDY23WE,bad
https://reuters.com/help?utm_source=xx1qe3w5,good
http://amazon-security.xyz/winner-notification?token=tcn1l9xO7KEZzDDV,bad
https://microsoft-support.cam/link.php,bad
http://google-support.cam/winner-notification,bad
https://app.twitter.com/downloads,good
http://apple-verify.net/signin.php,bad
http://microsoft-security.xyz/offer.php,bad
https://microsoft.com/community,good
https://educational.edu/support,good
https://shop.apple.com/blog?source=9pjjfnp9,good
http://google-account.com/auth.php,bad
http://amazon-verify.org/invoice.php?token=NfZmGWEKqTmgrSKU,bad
http://paypal-security.icu/congratulations?key=6QE4LLrLlvavU2JZ,bad
https://udemy.com/login?source=as0l1864,good
https://craigslist.org/help?page=i0m2djmy,good
https://hdfcbank.com/home,good
http://microsoft-support.org/setup.exe,bad
https://capitalone.com/answers,good
https://booking.com/tools,good
https://sbi.co.in/about,good
https://spotify.com/history,good
https://bankofamerica.com/updates,good
http://facebook-login.online/go.php,bad
https://adobe.com/settings,good
https://apple-login.icu/visit.php?code=G3A1daEQ6VV2QLe3,bad
http://microsoft-security.org/payment.php,bad
https://axisbank.com/billing,good
https://microsoft-update.org/billing.php,bad
https://linkedin.com/developers?ref=nkc3ks2f,good
http://facebook-support.net/url.php,bad
http://paypal-support.cam/congratulations,bad
http://google-update.icu/invoice.php?ref=Ww2ZIYaPnhX82GCd,bad
https://app.google.com/browse?id=342nxib3,good
http://amazon-security.top/congratulations,bad
https://apple-account.net/identity-check,bad
http://google-security.cam/promotion.php?ref=K7vP3u4RpwW9Pr7j,bad
https://netflix.com/docs,good
https://reuters.com/news,good
https://paypal-account.cam/update.exe?key=09Rt8w5Xv47riUNr,bad
https://washingtonpost.com/favorites,good
https://bankofamerica.com/api?source=j30pidcc,good
https://mail.twitter.com/tools,good
https://api.joomla.org/home,good
https://airbnb.com/help,good
https://apple-login.net/security-update,bad
http://microsoft-update.com/invoice.php,bad
http://google-update.cam/signin.php,bad
https://microsoft.com/press,good
http://apple-security.xyz/deal.php?token=HCyFEHNTCZLpyy1Y,bad
https://news.cnn.com/settings?id=jw3gox4v,good
https://slack.com/favorites,good
https://app.reuters.com/forum?id=gplwg086,good
https://goibibo.com/login,good
https://google.com/downloads,good
http://google-login.icu/congratulations,bad
https://craigslist.org/about?source=htcg38ov,good
http://amazon-verify.top/chat.php?session=7VjQsn1nH5qhOM0L,bad
https://shop.sbi.co.in/orders?id=5mbx6tma,good
http://microsoft-support.com/promotion.php?ref=rDUqVYADoCuXjNIt,bad
https://facebook-update.online/winner-notification,bad
https://udemy.com/checkout,good
http://paypal-update.xyz/receipt.php?code=HXahbDufanJqoamY,bad
https://google-support.cam/transaction.php,bad
https://facebook-verify.net/link.php?code=ola1ifZanH5rp9oi,bad
https://bankofamerica.com/blog,good
http://amazon-verify.net/billing.php,bad
https://app.educational.edu/privacy,good
https://github.com/policy?utm_source=gcn6rb63,good
http://microsoft-account.org/security-update?token=JtA5RTfKDqtRjXyW,bad
http://amazon-verify.cam/support.php,bad
http://paypal-security.top/url.php,bad
https://shop.educational.edu/account?page=cdkdcts4,good
http://facebook-verify.top/install.php,bad
https://bbc.co.uk/checkout,good
http://microsoft-update.icu/congratulations,bad
http://microsoft-update.top/download.php,bad
https://reddit.com/settings,good
https://ola.com/community,good
https://nytimes.com/tools,good
http://facebook-update.online/download.php,bad
https://shop.netflix.com/tools,good
https://app.edx.org/item,good
http://amazon-support.xyz/signin.php?session=wCogo0hN87JoVm3e,bad
http://paypal-support.xyz/payment.php,bad
http://facebook-security.net/support.php,bad
https://apple-support.com/security-update?key=e013HQ7k0bIkTJRL,bad
https://www.flipkart.com/developers?ref=dascdw7j,good
https://ebay.com/developers,good
https://oracle.com/api,good
http://investment-profit.com/download.php,bad
https://google-support.net/winner-notification,bad
https://www.bankofamerica.com/favorites,good
https://twitter.com/about,good
https://facebook-support.xyz/redirect.php,bad
http://microsoft-update.online/url.php,bad
http://apple-update.online/message.php,bad
https://drupal.org/dashboard,good
https://facebook-update.icu/identity-check,bad
http://apple-update.cam/chat.php,bad
https://blog.medium.com/security,good
https://washingtonpost.com/favorites,good
https://chase.com/login,good
https://spotify.com/support,good
http://paypal-login.net/secure-login,bad
https://google-account.xyz/receipt.php,bad
https://api.chase.com/home,good
http://amazon-login.top/download.php,bad
https://airbnb.com/privacy,good
https://reddit.com/tools,good
https://nytimes.com/developers,good
https://paypal-security.net/patch.exe?ref=CjXbE5FX5TKI1uAX,bad
https://app.adobe.com/answers,good
https://axisbank.com/checkout?id=mjv6ipct,good
http://google-login.org/update.exe?key=5J7q8hU02wcopDcp,bad
https://shop.ebay.com/dashboard,good
http://paypal-account.online/promotion.php?ref=eUvTzIbKXPHyVebT,bad
https://paypal-update.top/security-update,bad
https://mail.ebay.com/developers?id=ui7jqyyc,good
https://capitalone.com/security,good
https://apple-support.cam/redirect.php?session=GGSzT7UBAni9cX4c,bad
http://microsoft-security.xyz/visit.php,bad
http://facebook-support.xyz/update.exe,bad
https://google-support.xyz/secure-login?ref=moJRUl9ZYmo8magj,bad
https://shop.educational.edu/dashboard,good
http://microsoft-login.net/survey.php?code=eNQjeZYBopc13ikN,bad
https://edx.org/announcements?ref=ylj0e2no,good
http://apple-verify.org/setup.exe?session=PaXXfuXvZgCNR0iN,bad
http://microsoft-login.com/discount.php,bad
http://google-update.org/transaction.php?code=SEvlNE8Y0rtfIOo2,bad
https://coursera.org/help,good
https://paypal.com/orders,good
http://microsoft-login.cam/receipt.php?key=yZ8prJT7SLAIkWVh,bad
https://paypal-login.org/promotion.php,bad
http://facebook-support.top/offer.php,bad
https://reddit.com/search?utm_source=polb6eb7,good
https://craigslist.org/press,good
https://paypal-support.org/update.php,bad
https://github.com/cart?source=su7lc677,good
https://educational.edu/,good
http://apple-login.xyz/download.php?token=DtlgYlSmvZKVaJ1Q,bad
https://uber.com/favorites,good
https://capitalone.com/browse,good
https://app.axisbank.com/resources,good
https://nytimes.com/forum,good
https://paypal-security.icu/auth.php,bad
http://paypal-account.icu/offer.php,bad
https://www.kotak.com/cart,good
http://amazon-update.top/secure-login,bad
http://microsoft-account.online/install.php,bad
http://facebook-login.xyz/lottery-winner?session=KWnZXE4lx2FJveKh,bad
https://airbnb.com/products,good
https://bankofamerica.com/products,good
https://spotify.com/press?utm_source=mfnzczy9,good
https://www.ajio.com/profile,good
https://apple-account.com/congratulations,bad
https://apple-security.net/contact.php,bad
http://facebook-update.xyz/setup.exe,bad
http://apple-security.icu/transaction.php,bad
https://booking.com/item,good
https://coursera.org/search,good
https://slack.com/guidelines,good
https://zoom.us/browse,good
http://google-login.xyz/auth.php,bad
https://news.cnn.com/tutorials,good
https://bbc.co.uk/discussions?id=zwr0tjpk,good
https://microsoft-security.xyz/setup.exe,bad
https://makemytrip.com/terms?utm_source=netn9jp3,good
http://apple-security.org/security-update?ref=OaOhegu4FMBnmVFV,bad
http://facebook-login.com/download.php,bad
https://app.linkedin.com/blog?utm_source=gdgtpavy,good
https://www.swiggy.com/security?page=fsl7dw6w,good
http://paypal-login.xyz/url.php,bad
https://microsoft-verify.icu/winner-notification,bad
http://facebook-update.com/secure-login,bad
https://oracle.com/history?page=2ca8lci1,good
https://paypal-support.cam/contact.php,bad
http://apple-update.cam/lottery-winner,bad
http://apple-verify.org/prize-claim,bad
https://airbnb.com/docs?utm_source=vc0i7ufg,good
https://wellsfargo.com/services?page=1pvia5r3,good
https://imdb.com/item,good
http://paypal-security.com/support.php,bad
https://amazon.com/questions,good
http://facebook-login.cam/chat.php?code=JiM4t3Tm7XnrumoW,bad
https://uber.com/home,good
https://blog.oracle.com/item?page=gq4n72s7,good
https://expedia.com/tools?source=5hzov3hj,good
http://microsoft-account.net/chat.php,bad
http://facebook-login.com/receipt.php,bad
https://google-verify.com/chat.php,bad
https://ajio.com/browse,good
http://microsoft-verify.cam/security-update,bad
https://app.reuters.com/support?ref=miwqk2q8,good
https://expedia.com/policy?source=f914gxcc,good
https://drupal.org/news,good
https://shop.expedia.com/media,good
http://microsoft-security.com/account-verify?key=uz1nuwSMeCnt2KF8,bad
https://khanacademy.org/cart?id=awpzqjjb,good
https://apple-support.cam/invoice.php,bad
https://edx.org/browse,good
http://amazon-support.top/download.php?code=DiRF8QQIKSKivbLP,bad
https://google-security.cam/billing.php,bad
https://wikipedia.org/security,good
http://microsoft-account.org/login.php,bad
https://wikipedia.org/help,good
https://paypal-update.com/invoice.php?key=8SryPoBTfmycdcUB,bad
http://google-verify.xyz/redirect.php,bad
https://google-support.online/signin.php?session=Usm7V9HQgUcc01vq,bad
https://wikipedia.org/browse,good
https://khanacademy.org/home,good
https://educational.edu/updates,good
http://paypal-verify.online/secure-login,bad
https://google-update.xyz/login.php?key=1ORcSSXbIZkQyhyQ,bad
https://goibibo.com/home,good
https://news.cnn.com/profile?page=m2g11dd3,good
https://shop.github.com/,good
https://api.wellsfargo.com/tutorials,good
http://google-login.net/go.php,bad
https://axisbank.com/security,good
https://microsoft-login.cam/download.php,bad
https://amazon-login.com/survey.php,bad
https://salesforce.com/questions,good
https://facebook-account.cam/visit.php?session=gd5iOClIXJCL8LJI,bad
https://apple-update.online/receipt.php?ref=iAhR7ylCRpH4fRp6,bad
https://microsoft.com/cart,good
https://nykaa.com/forum,good
http://apple-login.icu/discount.php?token=DwUq7BIRMpZST8Ls,bad
https://bankofamerica.com/history,good
http://apple-security.online/offer.php,bad
https://adobe.com/item?ref=oxjbsu3q,good
http://amazon-support.org/login.php,bad
https://oracle.com/billing,good
http://facebook-account.com/link.php,bad
https://goibibo.com/profile,good
https://shopify.com/browse?source=j4iqd9bd,good
https://amazon-login.online/contact.php,bad
https://shop.apple.com/settings,good
http://google-update.xyz/secure-login,bad
https://spotify.com/forum?page=jjo7e74f,good
http://amazon-support.org/security-update?code=6gJDUVj1mFHrm0YW,bad
http://google-security.online/receipt.php?key=m83B18J58KLjrvWG,bad
https://slack.com/history?id=2ei2xkh2,good
https://microsoft.com/cart,good
https://www.zomato.com/forum,good
http://microsoft-update.xyz/offer.php,bad
https://apple-account.online/congratulations?token=k7Pt0lMFPbrY0u4N,bad
https://amazon-security.xyz/support.php,bad
http://amazon-account.com/offer.php,bad
https://microsoft-update.top/deal.php?code=eVK3lXWPXVWzJavy,bad
https://www.twitter.com/dashboard,good
https://washingtonpost.com/item?source=i2t6e7dc,good
http://paypal-security.net/offer.php,bad
https://paypal-security.online/login.php,bad
http://paypal-support.icu/security-update,bad
https://microsoft.com/announcements,good
https://microsoft-update.xyz/deal.php,bad
https://flipkart.com/questions?utm_source=9stlqyf6,good
https://netflix.com/favorites?id=1jma3owp,good
https://facebook-account.org/login.php,bad
http://amazon-update.icu/help.php,bad
https://google-account.xyz/redirect.php,bad
https://capitalone.com/policy?id=oz7vgr78,good
http://google-update.com/account-verify,bad
https://axisbank.com/billing,good
https://nykaa.com/orders,good
http://facebook-account.com/redirect.php,bad
https://facebook-update.cam/survey.php?ref=K5vKrzCoeKX4mux1,bad
http://paypal-support.org/redirect.php,bad
https://shop.twitter.com/terms,good
http://facebook-update.com/signin.php?key=GjVN0OChSwWbvLC4,bad
https://app.shopify.com/news,good
https://ola.com/category?ref=77lo0cg8,good
https://hdfcbank.com/,good
https://medium.com/blog?source=eks0o8we,good
https://chase.com/discussions,good
http://microsoft-verify.xyz/prize-claim,bad
https://swiggy.com/history,good
https://facebook-update.icu/chat.php,bad
http://google-support.cam/winner-notification?ref=yrzqemAn54vfrjrz,bad
https://mail.linkedin.com/community,good
http://amazon-login.cam/chat.php,bad
https://paypal-verify.top/auth.php?session=JD5dGIaq2HC719Kf,bad
https://youtube.com/privacy?page=18pklo3x,good
https://oracle.com/help,good
http://amazon-account.top/receipt.php,bad
http://paypal-login.icu/survey.php,bad
https://expedia.com/forum?page=1iwfkyz9,good
http://paypal-login.top/link.php,bad
https://capitalone.com/item?source=lsyjswm4,good
https://wellsfargo.com/blog,good
https://zoom.us/tutorials,good
https://api.bbc.co.uk/contact,good
http://apple-verify.net/support.php,bad
https://microsoft-verify.cam/payment.php,bad
http://amazon-security.com/prize-claim,bad
http://apple-login.xyz/message.php,bad
http://amazon-account.net/winner-notification,bad
https://washingtonpost.com/updates?page=cb2vw020,good
http://facebook-support.cam/redirect.php?ref=UBM4FrL3grfye9fe,bad
http://microsoft-security.icu/security-update?code=Ypbn9thWKFuHlUxh,bad
http://google-update.com/login.php,bad
http://microsoft-verify.cam/go.php,bad
http://amazon-login.com/verify.php,bad
https://youtube.com/discussions,good
https://paypal-support.xyz/payment.php?ref=O2VUyMWYahxYnF30,bad
https://makemytrip.com/history,good
http://apple-support.com/go.php?token=MtSWd2izi8cSWZbm,bad
http://amazon-update.cam/secure-login,bad
https://citibank.com/media,good
https://api.reuters.com/forum,good
https://expedia.com/security?utm_source=2y7xd18z,good
https://medium.com/press?utm_source=i3owf29f,good
http://paypal-verify.xyz/contact.php,bad
https://api.hdfcbank.com/help,good
http://facebook-security.online/chat.php,bad
https://amazon.com/tutorials?utm_source=pbh7ulfw,good
https://reuters.com/profile,good
https://joomla.org/guidelines?utm_source=i85lkh26,good
https://netflix.com/forum?id=tw5ceo04,good
http://microsoft-security.com/contact.php,bad
https://udemy.com/services,good
https://microsoft-verify.xyz/signin.php?key=vSwsAvqw7vMaafr8,bad
https://nykaa.com/billing,good
http://amazon-support.online/chat.php,bad
http://paypal-login.cam/download.php,bad
http://apple-security.com/link.php,bad
https://microsoft-support.xyz/deal.php,bad
http://amazon-security.net/update.php?code=qYdik2fM37gDR0Ld,bad
http://microsoft-support.icu/offer.php,bad
https://dropbox.com/terms?ref=84fs1vhv,good
https://www.citibank.com/contact?page=396lhwym,good
https://educational.edu/browse,good
https://educational.edu/legal?source=bgqg36ol,good
http://apple-update.xyz/update.exe,bad
https://udemy.com/products,good
https://api.drupal.org/dashboard,good
https://app.apple.com/press?page=v694enmw,good
http://facebook-support.org/auth.php,bad
https://apple-login.org/account-verify?code=AsmMVLR4a3VwR5s2,bad
https://facebook-security.com/update.exe?key=2wN7TGl7frkVt729,bad
https://facebook-login.org/chat.php,bad
https://booking.com/wishlist,good
https://myntra.com/tutorials,good
http://paypal-account.com/prize-claim,bad
http://microsoft-security.org/payment.php?token=eiXRGyEFK9KrcOfS,bad
https://www.bankofamerica.com/blog,good
https://paypal-update.org/help.php,bad
http://facebook-support.org/winner-notification,bad
http://microsoft-account.icu/go.php,bad
https://www.wordpress.org/tutorials,good
http://google-account.top/go.php,bad
https://instagram.com/billing,good
http://paypal-update.icu/help.php,bad
https://reuters.com/services?id=h29evssm,good
http://google-support.net/go.php?ref=oRGwFRe9cwf7JbVH,bad
https://oracle.com/announcements?ref=ablouyfu,good
http://paypal-update.icu/deal.php?ref=onR65vkxk7t4AjFk,bad
http://apple-update.top/promotion.php,bad
http://google-support.net/offer.php,bad
http://paypal-verify.online/offer.php?code=c5dgHXTted7FbhQq,bad
https://api.khanacademy.org/terms,good
http://facebook-update.org/security-update?key=Bn34KtwGE4fvXV6S,bad
https://paypal-security.cam/transaction.php,bad
https://ebay.com/wishlist?source=i74urg4o,good
https://amazon.com/checkout,good
https://axisbank.com/press,good
http://amazon-account.org/setup.exe?ref=YvspA16P6sasUhim,bad
http://paypal-update.xyz/congratulations?session=uGinQ7DwDseZ2Q6t,bad
https://icicibank.com/blog?page=4oro1co3,good
http://amazon-update.icu/security-update?key=5bdYbgmPXVXi44xi,bad
https://mail.shopify.com/questions,good
http://facebook-login.cam/login.php,bad
https://facebook-verify.org/offer.php,bad
http://facebook-security.online/secure-login,bad
http://google-security.icu/invoice.php,bad
https://api.nykaa.com/questions,good
https://khanacademy.org/category,good
https://google-support.top/lottery-winner,bad
https://github.com/questions,good
https://linkedin.com/community,good
http://facebook-verify.icu/message.php?code=47UQ5lULo1UBXf2r,bad
http://amazon-account.org/visit.php,bad
https://edx.org/dashboard,good
http://facebook-verify.xyz/setup.exe?ref=tChmyXoM7oXHhjg2,bad
https://paypal-security.cam/discount.php?ref=nNpKIH5aTw4F9p5j,bad
https://amazon-security.top/receipt.php,bad
https://amazon-login.online/login.php?code=4usf77HwQoinCOHu,bad
https://drupal.org/settings,good
http://google-account.cam/congratulations,bad
https://apple-support.cam/payment.php,bad
https://facebook.com/search,good
https://udemy.com/browse?ref=bfzo7ukr,good
http://apple-login.icu/download.php,bad
http://paypal-security.xyz/go.php,bad
http://paypal-login.online/contact.php,bad
http://apple-account.icu/identity-check?ref=ALNaq48oQ8IgTP5n,bad
https://blog.nytimes.com/checkout,good
http://paypal-account.top/auth.php?ref=5tRw9AXlN1rlUZHu,bad
http://microsoft-security.online/transaction.php?ref=Tdm73SfjA1OV6dyA,bad
http://microsoft-account.icu/redirect.php,bad
https://coursera.org/answers?id=rfhachrk,good
http://paypal-verify.online/login.php?ref=baSfB5Pc9zswEQ4c,bad
https://apple-account.online/help.php?session=B8U4GN9iwrWQVJYl,bad
https://capitalone.com/terms?source=h8dvr30y,good
http://paypal-update.xyz/prize-claim,bad
https://shopify.com/resources?utm_source=5nxhs1ix,good
http://paypal-verify.net/transaction.php,bad
https://medium.com/tutorials?ref=onqfxqrp,good
https://joomla.org/news,good
http://amazon-verify.top/prize-claim,bad
http://facebook-support.top/support.php,bad
https://chase.com/,good
https://api.ebay.com/orders?page=bc6dkcuq,good
http://amazon-update.icu/link.php?code=HrqGzxi2xCNLS4aY,bad
http://apple-account.com/verify.php,bad
http://amazon-verify.xyz/update.php,bad
http://apple-security.cam/download.php,bad
https://medium.com/home,good
http://facebook-support.xyz/message.php?session=FSyFnHe9IUNCtdSA,bad
https://github.com/blog,good
https://facebook-verify.online/receipt.php,bad
https://kotak.com/cart,good
https://flipkart.com/account,good
http://microsoft-account.com/identity-check,bad
https://imdb.com/settings,good
http://paypal-update.xyz/setup.exe?code=KnktNphmOvhnQ7Rj,bad
http://paypal-update.cam/install.php?key=wQwvHddUqMGRGXUg,bad
https://youtube.com/,good
http://facebook-login.xyz/link.php?code=YOKJp9feYVbxDSzu,bad
http://amazon-login.org/setup.exe,bad
http://facebook-support.icu/payment.php,bad
http://paypal-security.icu/contact.php?key=QkRgwe7uQWNkg73C,bad
http://facebook-login.com/promotion.php?token=7am85rHdTney0sTZ,bad
https://zomato.com/community,good
http://paypal-account.top/payment.php,bad
http://paypal-login.top/invoice.php,bad
https://www.goibibo.com/account,good
http://microsoft-update.online/congratulations,bad
http://paypal-account.online/update.exe,bad
https://api.wordpress.org/discussions,good
http://paypal-account.net/redirect.php,bad
https://apple-support.top/promotion.php,bad
http://google-security.com/download.php,bad
http://google-login.cam/message.php?code=9WfrIni7zLgetmzR,bad
https://api.capitalone.com/item?source=o6eu94pb,good
http://apple-verify.online/deal.php,bad
https://linkedin.com/downloads,good
https://swiggy.com/docs,good
http://paypal-update.top/visit.php?key=yOvn5kShfwhvLCJ1,bad
https://shop.twitter.com/announcements,good
https://wikipedia.org/guidelines,good
https://drupal.org/wishlist,good
https://shop.craigslist.org/discussions,good
https://amazon-security.online/winner-notification?session=JA6UYxBl0fkuMtNS,bad
https://reddit.com/favorites,good
http://facebook-account.xyz/patch.exe,bad
http://google-update.top/help.php?session=oAXuackSQCQ3Zdq2,bad
https://netflix.com/cart,good
https://paypal-verify.xyz/go.php,bad
https://amazon-account.cam/transaction.php,bad
https://blog.medium.com/dashboard?source=a3ij8wsb,good
https://medium.com/developers,good
https://icicibank.com/announcements,good
https://amazon.com/search?source=dirrmm8n,good
http://amazon-update.net/install.php,bad
http://amazon-support.net/offer.php?session=UDEUw2PuFGCyDLal,bad
https://hdfcbank.com/news,good
http://amazon-account.cam/invoice.php?session=JbsTyjNzuZbr0I7V,bad
https://citibank.com/favorites,good
http://apple-security.online/receipt.php,bad
https://sbi.co.in/orders?ref=zstegcz0,good
http://facebook-security.com/account-verify,bad
https://youtube.com/history,good
http://facebook-security.org/account-verify,bad
https://ajio.com/orders?id=d90e6wln,good
https://kotak.com/resources,good
http://facebook-support.org/support.php,bad
http://facebook-verify.icu/update.exe,bad
http://facebook-update.cam/setup.exe,bad
https://capitalone.com/search,good
http://microsoft-account.online/go.php,bad
http://amazon-account.cam/auth.php,bad
http://facebook-verify.icu/transaction.php?token=MaXRrhDjsgfYEAbu,bad
https://reuters.com/announcements?source=kdy6w1ku,good
http://google-account.net/account-verify,bad
https://flipkart.com/favorites?utm_source=h6alpayi,good
http://paypal-login.online/login.php?code=aIdifZZkvuo6VV7V,bad
http://paypal-account.xyz/transaction.php,bad
http://paypal-verify.icu/discount.php?code=jhCfs1NtWvRd7tbw,bad
https://instagram.com/contact,good
http://paypal-security.top/security-update,bad
http://microsoft-account.com/transaction.php,bad
https://amazon.in/orders,good
http://microsoft-login.cam/chat.php?code=WB66UfQzvSSpaWZ1,bad
https://stackoverflow.com/updates,good
https://github.com/category?id=ielip2rt,good
https://wikipedia.org/category,good
https://paypal-login.org/transaction.php?session=7eDUkuJQaurOi7nX,bad
http://facebok.com/identity-check?token=k9yMbv4cJNKLz6lG,bad
https://facebook-login.net/login.php?code=b6iycNzarhPKAi1K,bad
https://news.cnn.com/updates,good
http://apple-support.org/payment.php?code=nPVPvzb1oV5UHwdJ,bad
https://oracle.com/guidelines?utm_source=tceiki1l,good
http://facebook-support.online/download.php?session=OOIzf5KSNBtKkEK2,bad
http://paypal-support.top/secure-login,bad
https://wellsfargo.com/answers,good
https://mail.zoom.us/category,good
https://reuters.com/policy?ref=4tmifiqi,good
https://slack.com/profile,good
https://bankofamerica.com/item?id=h2iklfsk,good
https://icicibank.com/guidelines,good
http://amazon-login.cam/account-verify,bad
http://apple-login.top/url.php,bad
https://netflix.com/policy,good
http://microsoft-update.net/transaction.php?code=fEk2MtnRFzhoNaRq,bad
https://chase.com/category?ref=rmddhgpw,good
http://amazon-account.com/link.php?token=50JiSlc1z9Fv74uX,bad
https://facebook.com/favorites,good
https://youtube.com/resources?id=f0te08l3,good
https://myntra.com/media,good
http://paypal-support.icu/transaction.php,bad
http://facebook-support.com/update.exe?code=ca6Ee4ujEdRN2HpJ,bad
http://facebook-update.org/redirect.php?code=EBkahSXbaHOzz82N,bad
https://facebook.com/history,good
http://facebook-security.online/support.php,bad
https://nytimes.com/dashboard,good
https://joomla.org/security?id=ot8rls05,good
https://facebook-security.top/chat.php,bad
http://amazon-security.icu/verify.php?key=Cbj26sDM5gg3tMus,bad
https://mail.amazon.com/products,good
https://uber.com/terms,good
https://shop.capitalone.com/home,good
https://reuters.com/profile,good
http://microsoft-update.com/install.php,bad
https://youtube.com/browse?utm_source=o7ctolg8,good
http://facebook-security.net/url.php,bad
https://udemy.com/legal?source=dcbfhmov,good
https://paypal-support.top/account-verify?code=pPzOkCNm6fNAF1g2,bad
http://paypal-verify.xyz/install.php,bad
http://paypal-account.xyz/update.php,bad
http://microsoft-verify.xyz/deal.php?code=c1CQ3VcC8lFPSaJ9,bad
http://facebook-account.com/prize-claim?token=68IvbvXizlVxCbGd,bad
https://bbc.co.uk/downloads,good
https://paypal-verify.xyz/download.php,bad
http://amazon-update.net/winner-notification?token=MoMReCm8oiCwFZHk,bad
http://google-verify.xyz/auth.php,bad
http://amazon-account.org/redirect.php,bad
https://amazon-security.org/help.php?token=HwYXQvl0by6ql44g,bad
https://nykaa.com/search?utm_source=x6vbdlwa,good
http://google-account.xyz/prize-claim?session=NFk6b3fgBCQ1ZDB3,bad
https://sbi.co.in/products,good
https://spotify.com/terms,good
https://youtube.com/products,good
http://paypal-security.top/update.exe,bad
https://microsoft-account.org/update.exe?key=FqeAsjwiAE7vvUWc,bad
https://axisbank.com/support,good
https://adobe.com/news?ref=3r2b69ck,good
https://citibank.com/forum,good
http://apple-security.net/invoice.php,bad
http://facebook-login.xyz/update.php,bad
https://github.com/press,good
https://stackoverflow.com/profile,good
https://netflix.com/forum,good
https://ebay.com/legal?utm_source=qu57m3wt,good
https://news.cnn.com/resources?ref=2kqr4ntz,good
https://apple-update.online/receipt.php?key=zoWMTsLaND6i5MFP,bad
http://microsoft-update.xyz/lottery-winner,bad
https://ola.com/cart,good
https://reddit.com/terms,good
https://api.dropbox.com/developers?page=wc1d4u68,good
https://microsoft-verify.xyz/offer.php?code=pVklyOFKtRKBxuHt,bad
http://apple-security.cam/deal.php,bad
http://facebook-verify.org/security-update?key=bGJiwCngmgZEoO0W,bad
https://facebook-account.cam/promotion.php,bad
https://spotify.com/discussions?source=uhdcul0u,good
https://mail.adobe.com/settings,good
https://nykaa.com/resources,good
http://facebook-security.online/patch.exe?code=KpsK9QnGa7vVcfPR,bad
https://microsoft-security.cam/congratulations?session=s7KXtcSM4Y6ZBgQA,bad
https://paypal.com/discussions,good
https://apple-update.top/auth.php,bad
https://youtube.com/help,good
https://blog.twitter.com/tools,good
https://salesforce.com/wishlist,good
https://wellsfargo.com/blog,good
https://google.com/docs,good
https://microsoft-security.cam/update.exe?session=j3uBwTw54G6JhSyg,bad
https://shop.reuters.com/cart,good
http://google-update.icu/url.php,bad
http://paypal-login.top/offer.php?code=GVtgyVYk8lWCTviK,bad
https://wikipedia.org/media,good
http://apple-security.cam/receipt.php?session=x1XTfT7teNUIDNW6,bad
https://slack.com/media,good
http://linkedin-verify.com/offer.php,bad
https://facebook-support.com/security-update,bad
https://github.com/api,good
https://nykaa.com/billing,good
https://mail.wikipedia.org/services,good
https://zomato.com/privacy,good
https://apple-verify.online/receipt.php?code=SjwCv0Ey2z0TuQm7,bad
https://ola.com/answers,good
https://mail.icicibank.com/support,good
https://shop.khanacademy.org/profile,good
http://paypal-update.online/security-update,bad
https://joomla.org/services?page=goxsw12y,good
https://wellsfargo.com/policy,good
https://shop.educational.edu/announcements?ref=zus9tx1l,good
http://apple-login.icu/update.exe,bad
http://amazon-login.com/receipt.php,bad
https://netflix.com/billing?ref=hid84bp5,good
https://booking.com/updates,good
https://khanacademy.org/security?source=i4uzxl9y,good
https://api.craigslist.org/announcements,good
https://capitalone.com/security,good
https://paypal-update.com/invoice.php?session=TcJM1mIRFbPaLBx3,bad
https://api.bbc.co.uk/account,good
https://sbi.co.in/privacy,good
https://khanacademy.org/contact,good
http://apple-verify.org/chat.php?code=GJEJ2WelqhZReefM,bad
http://google-login.org/redirect.php?token=mt36dHgskfXaxADV,bad
http://facebook-update.org/invoice.php,bad
https://wikipedia.org/announcements,good
http://apple-security.org/setup.exe,bad
https://api.slack.com/account,good
https://wikipedia.org/?page=d9jq4ddc,good
http://facebook-account.xyz/offer.php?code=gqIO7RDrxXQ9sHJI,bad
https://wordpress.org/?utm_source=p4pw5st4,good
http://amazon-login.cam/receipt.php,bad
https://github.com/developers?ref=kemqvrjf,good
http://google-security.org/payment.php?token=3esNNiXLAMcwFggu,bad
https://amazon.in/media?page=uv5t23lg,good
https://shop.wikipedia.org/security,good
https://instagram.com/contact,good
https://microsoft-update.org/security-update?key=iqKYe80EEpZmBmiE,bad
http://amazon-verify.net/help.php,bad
https://sbi.co.in/help,good
http://apple-update.xyz/login.php,bad
https://microsoft-support.cam/chat.php?session=565fBf0uY3eL6sMF,bad
https://udemy.com/help,good
http://paypal-login.top/link.php,bad
https://wordpress.org/security?source=fkwa5xqg,good
http://amazon-update.org/security-update?code=E1Z6D0cv24ATLaRA,bad
https://medium.com/security,good
https://www.paypal.com/wishlist,good
http://google-account.icu/congratulations?key=kxTkeoqx73yBLCFX,bad
https://paypal-verify.online/auth.php?session=MT76P22kcleR9EWm,bad
https://bankofamerica.com/help?page=q87jcfys,good
https://uber.com/item,good
http://google-security.xyz/survey.php?ref=XStSw20BdHGvRgLw,bad
https://api.stackoverflow.com/,good
http://facebook-account.xyz/account-verify?ref=dG9SvMmnRnoKsU7e,bad
https://ajio.com/about,good
https://paypal-login.online/visit.php,bad
https://citibank.com/downloads?ref=pktgazmh,good
https://wordpress.org/checkout,good
http://paypal-support.online/chat.php,bad
https://facebook-support.icu/patch.exe?token=xii7oRgkLvyrGDZb,bad
https://microsoft-login.top/receipt.php?token=J5BQIhbdk5fp6HA6,bad
http://apple-verify.online/survey.php,bad
https://reddit.com/docs,good
https://expedia.com/checkout?page=dy7x6amp,good
https://booking.com/forum,good
https://microsoft-verify.online/link.php,bad
http://amazon-login.icu/support.php?token=8Jvdj80VcCNIEjFv,bad
https://salesforce.com/browse?id=r3t1xzfe,good
https://wordpress.org/guidelines?utm_source=w0zntaab,good
https://airbnb.com/?page=kwxataz1,good
https://shop.salesforce.com/account,good
https://imdb.com/api?id=cth8tvky,good
http://facebook-login.com/signin.php,bad
https://microsoft-verify.icu/account-verify?token=dzP8FSXiC4vjg0cr,bad
http://apple-login.net/login.php,bad
https://udemy.com/resources?utm_source=01tm4wuo,good
https://zoom.us/profile,good
https://mail.nykaa.com/support,good
https://wikipedia.org/discussions?page=lh9fag8u,good
http://paypal-login.net/prize-claim,bad
https://reddit.com/category,good
https://shop.adobe.com/announcements?page=mmis55h3,good
https://www.wikipedia.org/discussions?page=9j0if4gb,good
https://kotak.com/history?ref=n11gaoav,good
https://expedia.com/security,good
https://api.coursera.org/contact,good
https://netflix.com/community,good
http://amazon-update.com/verify.php?session=ph7Q6WIgmWX1ksRB,bad
http://apple-support.top/message.php?session=xdCkEHCGhl7ecXSz,bad
http://amazon-verify.cam/chat.php,bad
https://github.com/news,good
https://facebook-support.net/secure-login?key=lXOr1T6MotKEnmVz,bad
https://salesforce.com/discussions,good
https://makemytrip.com/contact,good
https://app.kotak.com/news?utm_source=nv1l75w4,good
https://adobe.com/updates?ref=zg119m0k,good
https://swiggy.com/history,good
https://blog.netflix.com/press,good
https://oracle.com/search?page=rmzgtos1,good
http://apple-login.top/go.php,bad
https://oracle.com/help?utm_source=7u6t3n87,good
https://spotify.com/?page=t87l4ako,good
http://apple-security.cam/deal.php,bad
http://google-verify.xyz/url.php?key=pbLVGg7zITGNFrz0,bad
https://joomla.org/legal?source=hiyp63mv,good
http://amazon-login.com/signin.php,bad
https://facebook-support.net/lottery-winner,bad
https://shop.rapido.com/help,good
http://paypal-login.icu/message.php?token=Jc3Iy8Av3hdcM46E,bad
http://apple-verify.net/deal.php,bad
https://slack.com/dashboard,good
https://amazon.in/cart,good
http://microsoft-account.xyz/contact.php,bad
https://linkedin.com/tutorials,good
http://facebook-update.icu/go.php,bad
https://shop.netflix.com/policy,good
http://apple-security.net/signin.php?code=a4YjYHmPBB2GCrL0,bad
https://apple-verify.org/account-verify,bad
https://amazon-security.com/deal.php?ref=e8vI62u5Jd1cytYZ,bad
https://linkedin.com/docs,good
https://amazon-verify.icu/receipt.php?ref=M97xk9GRGMw6I9Xw,bad
https://microsoft-account.com/go.php,bad
https://stackoverflow.com/announcements?source=etcfytqd,good
https://shop.nykaa.com/,good
https://myntra.com/announcements,good
http://microsoft-login.icu/discount.php,bad
https://mail.khanacademy.org/downloads?id=9glb5kiy,good
https://microsoft-verify.cam/visit.php?key=F4QZ9iAGl5t7YROb,bad
http://microsoft-login.org/login.php,bad
https://shop.washingtonpost.com/privacy,good
http://paypal-security.top/url.php?token=jKlisbQOmT3AHix1,bad
http://microsoft-update.top/offer.php?code=DlNXZlWI0RkLTFVY,bad
https://hdfcbank.com/policy,good
http://microsoft-account.com/help.php?token=WWbSqyReWXwe5NdW,bad
https://twitter.com/item,good
http://microsoft-account.icu/update.exe?session=ALA1csTMWV6fppW9,bad
https://zomato.com/wishlist,good
http://amazon-verify.online/signin.php,bad
http://paypal-account.net/download.php,bad
http://apple-update.com/offer.php,bad
https://facebook.com/forum?source=obznjfrh,good
https://paypal-update.com/login.php?code=ADu5XnXnMvmKgS0v,bad
https://google-update.online/visit.php?token=I08O1dskVnzRwTB1,bad
http://google-security.com/redirect.php,bad
https://wordpress.org/contact,good
http://apple-account.net/help.php,bad
https://google-support.top/link.php?ref=6aJkvE7Q6E6VgMg1,bad
https://microsoft.com/discussions?page=b6shiy45,good
http://paypal-support.online/support.php,bad
http://google-update.icu/transaction.php?code=clUloBrTcdqrSd9Z,bad
https://wellsfargo.com/downloads,good
https://paypal-login.icu/payment.php,bad
https://bankofamerica.com/resources?source=0jqn8h8l,good
https://coursera.org/category?utm_source=brrv5ran,good
https://hdfcbank.com/wishlist,good
http://facebook-security.cam/account-verify,bad
http://amazon-update.top/security-update?token=nHowoYQUnDyia1Oa,bad
http://amazon-update.net/security-update?token=2HbqTYuH09eKMA6O,bad
https://facebook.com/tutorials,good
https://google-update.net/transaction.php?code=B10F237USCFM1Bnj,bad
https://capitalone.com/home,good
http://microsoft-support.online/identity-check,bad
https://app.khanacademy.org/press,good
https://microsoft.com/developers,good
http://apple-support.cam/identity-check,bad
http://apple-verify.net/support.php,bad
http://microsoft-update.top/survey.php?ref=fr8xZhYBMZTxlZU9,bad
https://ajio.com/docs,good
http://microsoft-verify.org/account-verify,bad
http://amazon-login.xyz/prize-claim,bad
https://apple-verify.xyz/invoice.php,bad
http://apple-support.top/go.php?session=EPkNLbwannhFxgHG,bad
https://apple-support.xyz/go.php?ref=f5LAs6uiyxytYGA1,bad
https://app.myntra.com/account?ref=uh01hzi7,good
http://paypal-login.xyz/help.php?key=6HR9KwnkFmebgoul,bad
http://microsoft-account.xyz/help.php?ref=1MkFDVU16DSCeL3Y,bad
http://google-account.com/url.php?token=zs3cUwXhQPYgFc4X,bad
https://google-support.com/winner-notification?key=Oj684Hy75py9H6Gb,bad
https://api.ola.com/services?source=11rjv39q,good
http://facebook-security.top/patch.exe?token=ksbBwbAk73gDPrDn,bad
https://goibibo.com/security?ref=iaf2p4re,good
https://adobe.com/news?ref=688o5ra5,good
https://instagram.com/tutorials?page=fh1518tg,good
https://coursera.org/resources?page=7obho1u3,good
https://wordpress.org/answers,good
http://paypal-verify.net/secure-login,bad
http://microsoft-update.xyz/offer.php,bad
https://drupal.org/media,good
https://oracle.com/discussions,good
https://oracle.com/favorites,good
https://facebook-account.org/help.php,bad
http://paypal-security.online/lottery-winner?ref=93yBhysoADe9szkh,bad
https://blog.github.com/,good
https://kotak.com/api,good
https://ebay.com/help,good
http://microsoft-support.cam/promotion.php,bad
https://amazon-account.top/deal.php,bad
https://wellsfargo.com/terms,good
https://facebook-update.online/signin.php,bad
https://expedia.com/login,good
https://goibibo.com/settings?source=0jqn16ku,good
http://google-security.net/survey.php?session=eSCG4h6RGpZYZmOk,bad
https://reddit.com/docs,good
https://capitalone.com/updates?ref=6dyjdl7o,good
http://paypal-account.net/account-verify?ref=lPvpk6MOHMO1CQhs,bad
http://amazon-verify.xyz/congratulations,bad
https://paypal-login.xyz/congratulations,bad
https://blog.khanacademy.org/developers?ref=24g219wz,good
http://amazon-security.xyz/redirect.php?ref=97PljSXombiMz9zN,bad
https://oracle.com/tools,good
https://axisbank.com/home,good
http://microsoft-login.cam/account-verify?code=jBf00k7OqUHQ9ZY7,bad
https://washingtonpost.com/api,good
https://github.com/community,good
https://expedia.com/category,good
https://bankofamerica.com/wishlist,good
https://apple-login.xyz/identity-check,bad
https://www.myntra.com/updates,good
http://paypal-login.top/receipt.php?code=6BLxiXzRM37rIHFR,bad
http://microsoft-security.icu/receipt.php,bad
http://google-security.icu/invoice.php?code=BGU2iQuCzLKwApLS,bad
https://paypal-verify.net/offer.php,bad
http://paypal-login.org/signin.php,bad
http://paypal-login.top/update.php?token=WuAjuU5ThfHua63r,bad
https://blog.expedia.com/discussions,good
https://facebook-update.top/chat.php,bad
http://amazon-security.xyz/download.php?token=Qmvy4s9SYhDAnAgM,bad
https://apple-verify.com/patch.exe,bad
http://apple-login.top/deal.php,bad
http://facebook-support.net/url.php?session=S3c2i9mB64fttoxC,bad
https://wikipedia.org/account,good
https://wikipedia.org/security,good
https://microsoft-account.xyz/account-verify?code=d7rOjOAMjajJgfJb,bad
http://paypal-support.online/login.php?token=jvJlaqNIpbXUAQBH,bad
https://github.com/settings,good
http://google-update.cam/verify.php,bad
https://adobe.com/browse?id=9bbz8127,good
http://amazon-login.cam/secure-login,bad
https://ebay.com/terms,good
https://ebay.com/security,good
https://amazon.in/login,good
http://microsoft-update.net/security-update?ref=ABEZvVcjzBO09LwY,bad
https://news.cnn.com/orders?utm_source=cctyk96e,good
https://www.bbc.co.uk/history,good
https://airbnb.com/news,good
https://medium.com/discussions?ref=tl2bytwi,good
https://microsoft-support.xyz/chat.php?token=wyOUnSR8bXxppouU,bad
http://google-verify.xyz/survey.php?code=haThcrNudFGQbSYC,bad
https://reddit.com/login?ref=7lwdoz9i,good
https://www.chase.com/announcements,good
https://salesforce.com/billing,good
https://blog.ajio.com/about,good
https://shopify.com/favorites,good
https://apple-security.com/receipt.php,bad
http://microsoft-support.net/account-verify?token=R3qdxEx5Hb34tbVX,bad
http://amazon-verify.org/support.php,bad
http://microsoft-support.xyz/message.php?token=224UaXMfrgDF2EJQ,bad
https://blog.facebook.com/wishlist,good
https://apple-support.xyz/patch.exe?code=KNCGlb0XEU1YuDeq,bad
http://amazon-account.top/winner-notification,bad
https://app.axisbank.com/terms?ref=wtt8si9c,good
https://facebook-update.com/deal.php,bad
https://reuters.com/category?ref=qz1t3sp9,good
http://apple-support.cam/lottery-winner,bad
https://paypal.com/item,good
http://google-login.online/update.php?session=Tk1sQtn9K8jFx30g,bad
https://youtube.com/home?source=tuk8ot5e,good
https://ajio.com/legal,good
https://microsoft-update.xyz/invoice.php,bad
http://google-account.cam/verify.php,bad
https://flipkart.com/blog,good
https://airbnb.com/tutorials,good
https://booking.com/updates?id=4j4hyv8d,good
http://apple-support.cam/update.exe,bad
https://mail.swiggy.com/media?source=nyyo7mn1,good
https://news.cnn.com/forum,good
http://microsoft-account.xyz/winner-notification?session=WtkmJTUbWlOaY8eZ,bad
https://apple.com/services?page=4fg3jiso,good
https://app.expedia.com/discussions,good
https://apple-security.icu/redirect.php,bad
http://apple-security.com/promotion.php,bad
https://google-login.com/setup.exe?ref=GWqMYTx2hrfeuOFB,bad
https://paypal.com/dashboard,good
http://google-update.icu/redirect.php,bad
http://paypal-security.cam/link.php,bad
http://amazon-verify.cam/offer.php?key=t8QJQCEH7k7MRzKR,bad
https://chase.com/resources,good
http://amazon-security.icu/discount.php?session=S5nI61dxRFTZOrrA,bad
http://apple-account.com/verify.php,bad
https://hdfcbank.com/item,good
https://google-login.cam/link.php,bad
https://makemytrip.com/questions,good
http://facebook-account.org/receipt.php?code=qvcauFGOi6s7tmp3,bad
https://amazon-verify.cam/update.php,bad
http://microsoft-account.top/help.php?key=UONLcTzJ5jfB7tcr,bad
http://microsoft-security.xyz/install.php,bad
https://expedia.com/blog,good
https://mail.edx.org/forum,good
https://airbnb.com/support,good
https://mail.zoom.us/settings,good
http://paypal-login.top/patch.exe?code=mFYxThYZcf4Vko9p,bad
https://amazon.com/checkout,good
https://apple.com/checkout,good
https://mail.apple.com/guidelines?ref=1rkav9dz,good
https://google-security.top/verify.php?ref=dviPykOVzuiNOxrg,bad
https://ola.com/checkout,good
http://apple-security.online/visit.php,bad
https://apple-login.com/redirect.php,bad
https://amazon.in/cart,good
http://amazon-security.com/survey.php?ref=13wMRjuQhPZQwumo,bad
https://facebook-security.top/help.php,bad
http://microsoft-verify.online/contact.php?token=cinYTOI1IMlj96l5,bad
https://shop.educational.edu/category,good
http://facebook-support.online/update.exe?session=pI9lbZJ20sD2G94D,bad
https://apple-account.com/winner-notification?key=EKv1UVCkAnJfqkdt,bad
https://reuters.com/developers,good
https://slack.com/profile?ref=i3987pi1,good
https://paypal-login.icu/link.php?key=HiLiNgBiWdXXqNe4,bad
https://reddit.com/billing?id=gs2abgcq,good
http://paypal-update.online/billing.php,bad
https://airbnb.com/forum,good
https://capitalone.com/contact?utm_source=t7corkns,good
http://amazon-security.icu/auth.php?token=8u1w0x6hEZy7mPmM,bad
https://www.youtube.com/security,good
https://amazon.in/category?id=2m1mw8tz,good
https://rapido.com/tutorials?ref=b29567v2,good
https://api.coursera.org/services,good
https://educational.edu/developers,good
https://slack.com/announcements?ref=7dfcumwd,good
https://amazon-support.top/winner-notification,bad
https://makemytrip.com/history,good
https://paypal.com/products?source=b3py5oh6,good
https://api.chase.com/downloads?source=lz6b38mx,good
https://amazon-support.cam/setup.exe,bad
https://wellsfargo.com/services?ref=hi92d602,good
http://apple-update.top/invoice.php,bad
https://chase.com/security,good
https://swiggy.com/contact,good
http://google-verify.net/go.php?session=OksEQwDd0JksiRET,bad
https://app.wellsfargo.com/support,good
http://google-support.com/promotion.php?code=aA4KZk52coHUP6Wx,bad
https://microsoft-verify.net/url.php?code=XvRAHBHofp19oNAx,bad
http://paypal-account.online/chat.php?session=Q49IVivBAIe56ZoL,bad
http://apple-security.net/verify.php,bad
https://api.swiggy.com/press,good
http://microsoft-account.net/install.php?session=bQuvxAxCijRTxgno,bad
https://mail.rapido.com/security,good
https://expedia.com/updates,good
https://wikipedia.org/history,good
https://educational.edu/contact,good
https://khanacademy.org/media,good
https://youtube.com/docs,good
http://paypal-verify.icu/transaction.php?session=PdNxcW7LTRkgPDng,bad
https://microsoft-login.net/receipt.php?code=3jO3RC2yFfyQ6Pe7,bad
https://api.capitalone.com/resources,good
https://oracle.com/wishlist,good
http://paypal-support.top/secure-login?ref=q8J1N0SxAoXAfXzO,bad
https://adobe.com/terms?utm_source=auu7vfhx,good
http://microsoft-login.com/identity-check,bad
https://icicibank.com/media,good
https://citibank.com/downloads,good
https://www.expedia.com/discussions,good
http://amazon-account.cam/payment.php?key=BYaQIEfmcRHdtZ9c,bad
https://google-update.online/chat.php?session=CfrlaM1eQwCitFd0,bad
http://paypal-login.net/redirect.php?ref=iO7vp1WztbRuns8Y,bad
http://microsoft-security.online/update.exe?ref=WqFODAtprDf8EBlu,bad
https://rapido.com/tutorials,good
https://app.amazon.in/api,good
https://microsoft-update.icu/signin.php,bad
http://facebook-security.cam/deal.php?key=Le07ZzoOe3P3ypx4,bad
https://amazon-login.online/payment.php?session=VVXdZSQ34oreQLAu,bad
http://paypal-account.org/promotion.php?ref=P7PL7wwGCp6hsxWQ,bad
https://amazon-verify.net/verify.php,bad
https://instagram.com/updates,good
https://apple-update.top/promotion.php,bad
https://paypal.com/search,good
https://youtube.com/downloads,good
http://google-login.com/help.php?session=3jxCD3xPuup0rbIg,bad
https://shopify.com/news,good
https://chase.com/answers?id=dvqllt6p,good
https://medium.com/orders,good
http://facebook-verify.icu/discount.php,bad
http://microsoft-update.icu/offer.php?token=Qbv25kzm8zt0rZ45,bad
https://microsoft-verify.icu/update.exe?ref=bHFWj0S591VDp7jo,bad
https://netflix.com/orders,good
http://apple-verify.online/billing.php,bad
http://paypal-login.org/help.php,bad
http://twitter.online/security-update?session=leLEDMBcBy0WS6UA,bad
https://paypal-update.icu/auth.php,bad
http://microsoft-support.xyz/offer.php,bad
https://ebay.com/tutorials,good
https://ajio.com/api,good
https://amazon.in/privacy?ref=fsef2w0t,good
https://amazon-support.icu/prize-claim,bad
http://google-verify.com/chat.php,bad
https://apple.com/legal?page=2y3fuzve,good
https://nytimes.com/favorites,good
https://blog.drupal.org/discussions,good
http://apple-support.cam/update.exe,bad
https://imdb.com/cart,good
http://microsoft-verify.com/transaction.php,bad
https://wordpress.org/,good
http://microsoft-update.cam/redirect.php?ref=UcYtjHOuOxidPWML,bad
https://netflix.com/updates,good
https://www.goibibo.com/help,good
https://shopify.com/,good
https://app.wikipedia.org/wishlist,good
http://microsoft-support.icu/auth.php,bad
http://facebook-security.xyz/update.exe,bad
https://citibank.com/category,good
https://zomato.com/questions,good
http://microsoft-update.top/install.php?code=zgdduQktyv37Gq9j,bad
https://google.com/browse,good
https://paypal-login.cam/survey.php,bad
https://swiggy.com/products,good
https://app.educational.edu/blog,good
http://facebook-account.cam/invoice.php?token=QDG71IGlmKpvuYaQ,bad
https://amazon-security.com/setup.exe,bad
http://microsoft-update.xyz/security-update,bad
https://paypal-support.online/support.php?token=rrhGd2YZTWV1KfUs,bad
http://paypal-verify.net/survey.php?key=TAvhVbR0a4amUR0X,bad
https://adobe.com/profile,good
http://amazon-verify.cam/invoice.php,bad
https://www.booking.com/questions?utm_source=0dmd32jw,good
https://kotak.com/item,good
http://paypal-account.net/chat.php,bad
http://paypal-login.com/go.php?key=HztxmY5ODlzthcVh,bad
http://amazon-verify.com/billing.php?session=fGibusS21tXG5dCj,bad
http://google-account.net/receipt.php?session=Cx5REmzTq8wymE31,bad
https://uber.com/browse,good
https://twitter.com/answers?id=38diqfqp,good
http://microsoft-support.net/winner-notification?key=yFRM5kmWUmeQ528y,bad
https://hdfcbank.com/support,good
https://airbnb.com/downloads,good
https://www.reddit.com/policy?source=g94axaks,good
http://microsoft-login.icu/auth.php,bad
https://medium.com/media,good
https://apple-security.top/identity-check,bad
https://wellsfargo.com/support,good
http://microsoft-security.xyz/transaction.php?code=5M01MkY6BXpVymCo,bad
https://makemytrip.com/support,good
http://amazon-update.top/url.php,bad
https://twitter.com/profile,good
https://api.sbi.co.in/services?utm_source=kaaiuzuk,good
https://salesforce.com/orders,good
https://blog.ebay.com/announcements,good
http://google-account.icu/url.php,bad
https://citibank.com/guidelines,good
https://citibank.com/updates,good
https://www.flipkart.com/media,good
http://microsoft-verify.org/invoice.php,bad
https://rapido.com/api,good
https://bankofamerica.com/products,good
http://amazon-verify.top/help.php?key=ieU22HyhZe6waKpT,bad
https://goibibo.com/guidelines,good
http://google-login.online/auth.php,bad
https://icicibank.com/item,good
https://dropbox.com/billing,good
https://amazon-account.net/congratulations?key=ihs839kTBQQPXm0u,bad
https://microsoft-support.top/prize-claim?ref=lENsXrJzIuPsb34j,bad
http://google-account.top/download.php,bad
https://news.cnn.com/billing,good
http://google-login.top/promotion.php?session=rHfbItzbmQ6HgPuK,bad
https://chase.com/settings,good
https://wikipedia.org/answers?page=xeu30kd9,good
http://apple-security.xyz/url.php?code=5n7FXAUxhS2sfsQl,bad
http://apple-verify.xyz/secure-login?token=ZkBTctIIv8eyK2oh,bad
http://amazon-verify.online/identity-check?code=b35Hk1oHsVQSc1XW,bad
https://apple.com/announcements,good
https://microsoft-update.cam/patch.exe,bad
http://amazon-security.xyz/prize-claim?token=n7Z1ZulhOIKGjkdP,bad
https://wikipedia.org/updates?id=0w2ybbbj,good
https://makemytrip.com/category?page=46gbitgr,good
https://nytimes.com/,good
https://axisbank.com/billing,good
http://apple-update.com/patch.exe,bad
https://api.chase.com/resources,good
http://paypal-security.xyz/billing.php?session=xav5pjGacn7rg71R,bad
https://apple-account.xyz/identity-check?token=Ykd6tq6iBneEKeoI,bad
http://facebook-update.online/auth.php?key=WOHYNvRYyDUuxVfZ,bad
https://udemy.com/account,good
https://bbc.co.uk/billing,good
https://api.netflix.com/legal?page=3nnjp7yn,good
https://microsoft.com/profile,good
https://apple-verify.org/identity-check?ref=di6snInig2hyJtEE,bad
https://microsoft-login.com/auth.php,bad
https://wordpress.org/support,good
http://facebook-support.icu/identity-check,bad
https://mail.coursera.org/contact,good
http://xn--paypl-6qa.com/account-verify,bad
https://facebook-verify.xyz/deal.php?key=zSaLikS03QGXTFsz,bad
https://appple.com/url.php?key=ZeenjPYZXcjuLu3L,bad
https://amazon-verify.cam/signin.php,bad
http://paypal-security.com/update.exe?ref=D0AHZWnU4Os8Pmyj,bad
https://edx.org/policy,good
https://sbi.co.in/legal,good
https://paypal.com/forum,good
https://facebook-verify.xyz/signin.php?key=uFHjoleYmj8DZDVj,bad
http://amazon-account.icu/receipt.php,bad
https://apple-update.icu/url.php,bad
http://paypal-account.xyz/go.php,bad
https://blog.citibank.com/docs?id=jao7naih,good
https://apple.cam/redirect.php,bad
https://wikipedia.org/help,good
https://reddit.com/policy?ref=kz6wxzdb,good
http://google-update.xyz/auth.php?ref=HrTTyPwCi2pP6EmM,bad
http://google-login.xyz/chat.php,bad
https://microsoft-verify.net/congratulations?token=gMKRKKQfG6mJJbtZ,bad
https://capitalone.com/developers,good
https://apple-update.online/winner-notification,bad
https://paypal.com/security,good
https://github.com/press,good
http://microsoft-verify.org/redirect.php?key=P42d4giygTGKg8kb,bad
http://facebook-login.cam/url.php?key=EHGnb7Tcsbw7oyu8,bad
https://api.swiggy.com/questions?utm_source=2e347kxz,good
https://mail.stackoverflow.com/settings,good
http://google-security.online/secure-login?ref=ORMNzydq9QzKGaBb,bad
http://paypal-support.cam/support.php?ref=4iAkPWwWeorqBB4l,bad
https://microsoft-login.top/signin.php,bad
https://nytimes.com/orders?id=fn5col1h,good
https://app.craigslist.org/docs?utm_source=0je5npbi,good
https://www.paypal.com/about,good
http://apple-support.com/chat.php,bad
http://microsoft-account.com/invoice.php,bad
https://amazon-update.org/chat.php,bad
https://imdb.com/search,good
http://microsoft-support.top/redirect.php,bad
https://apple-security.org/survey.php,bad
https://nykaa.com/login?id=elae585t,good
http://amazon-security.online/go.php?session=ZCmH80NlezSVJANB,bad
https://imdb.com/orders,good
https://ola.com/item,good
https://axisbank.com/media?id=tv1dbhsb,good
http://microsoft-account.online/patch.exe,bad
https://reuters.com/blog,good
https://apple-account.net/invoice.php,bad
http://google-update.com/verify.php?key=ZgLjqAPBsrdIMMOR,bad
http://google-verify.online/receipt.php,bad
http://microsoft-account.org/survey.php,bad
http://google-security.net/install.php,bad
https://citibank.com/,good
http://apple-security.xyz/congratulations?token=jnMz4keEN84w9EDS,bad
https://amazon-update.net/setup.exe,bad
https://facebook-security.cam/install.php,bad
http://microsoft-support.com/secure-login,bad
http://paypal-update.net/patch.exe,bad
http://microsoft-verify.xyz/go.php?session=LA1bGuX1TmLRJmol,bad
https://instagram.com/discussions?id=4u5sbwv3,good
https://app.google.com/home,good
http://google-verify.icu/download.php,bad
http://microsoft-security.top/offer.php?session=GgStvN0iV3DvWcmZ,bad
https://capitalone.com/terms?id=ufvn05r9,good
http://microsoft-account.net/auth.php,bad
http://apple-security.online/security-update?code=w9gexkYIbBLrv9Dk,bad
https://wordpress.org/media,good
https://netflix.com/favorites,good
http://google-account.icu/deal.php,bad
https://drupal.org/history,good
http://google-verify.top/promotion.php,bad
https://google-login.net/offer.php,bad
https://facebook.com/news,good
http://microsoft-support.cam/secure-login?ref=1A9fcCYIMYZwuLF2,bad
https://wordpress.org/account,good
https://spotify.com/history,good
https://blog.uber.com/answers?ref=x86levae,good
http://facebook-verify.cam/account-verify?key=2a8Ci4fA09q2zAfF,bad
https://zomato.com/docs,good
https://wordpress.org/questions,good
http://microsoft-account.xyz/survey.php?code=lho8mtwfg95QrHzU,bad
https://blog.zomato.com/wishlist,good
https://coursera.org/support,good
https://paypal-support.online/message.php,bad
https://makemytrip.com/blog?utm_source=0xp23i2d,good
http://amazon-login.top/setup.exe?code=6Bvr2qcIb77AzbGD,bad
https://www.oracle.com/legal,good
https://adobe.com/press,good
https://ajio.com/login,good
http://apple-login.com/go.php?token=XGAoMaYzmGzATusM,bad
https://bankofamerica.com/dashboard,good
https://facebook-security.online/update.php,bad
https://facebook-account.top/security-update,bad
https://oracle.com/guidelines?page=4w5fy6cc,good
https://wordpress.org/terms,good
https://reuters.com/security,good
https://facebook-update.net/survey.php,bad
http://apple-login.xyz/visit.php,bad
https://api.uber.com/questions?source=xy7bvpwc,good
https://shop.reuters.com/privacy,good
https://dropbox.com/home,good
http://microsoft-verify.cam/redirect.php,bad
https://www.booking.com/news,good
https://www.goibibo.com/guidelines,good
https://microsoft-support.cam/redirect.php,bad
https://twitter.com/privacy,good
https://amazon.in/help,good
https://amazon.com/browse,good
https://google.com/discussions,good
http://paypal-login.com/invoice.php,bad
https://app.stackoverflow.com/questions?utm_source=oipj8fx1,good
https://app.expedia.com/settings,good
http://microsoft-verify.cam/signin.php,bad
https://facebook.com/category,good
https://capitalone.com/resources,good
http://google-update.icu/billing.php?session=agqumu1tkE5yQ8F3,bad
https://kotak.com/answers,good
https://facebook.com/category,good
https://mail.capitalone.com/cart,good
https://amazon.in/announcements?source=gj0xbx89,good
http://amazon-login.icu/login.php,bad
http://facebook-login.xyz/billing.php,bad
https://microsoft.com/api,good
http://facebook-security.online/account-verify,bad
http://microsoft-verify.cam/help.php,bad
https://capitalone.com/login?id=vfm2h19k,good
https://booking.com/cart,good
http://paypal-login.org/identity-check,bad
http://paypal-update.org/visit.php,bad
https://microsoft-update.com/winner-notification,bad
https://airbnb.com/orders,good
https://apple-login.online/survey.php?code=IoK2tlHq4jwpJfs1,bad
http://microsoft-verify.org/redirect.php?token=tqeWTbArLiHJq2Dk,bad
https://ola.com/tutorials,good
http://paypal-verify.net/security-update,bad
http://microsoft-update.cam/payment.php,bad
https://expedia.com/community,good
https://booking.com/community,good
https://edx.org/announcements,good
http://paypal-login.net/patch.exe?code=pfuvMW7Ot3gqmIrY,bad
https://app.amazon.com/tutorials,good
http://amazon-update.net/help.php?ref=jGBwuTKO4dDCA9xl,bad
https://news.cnn.com/favorites,good
https://spotify.com/media?utm_source=sixlsos6,good
https://facebook-support.online/prize-claim,bad
http://google-security.org/verify.php?key=Ve8aSL8dXiIwVysb,bad
http://google-support.xyz/link.php,bad
https://zomato.com/browse?id=qypdpd8o,good
http://paypal-login.net/promotion.php,bad
http://microsoft-login.xyz/receipt.php?session=i7fvDX9cTFSrTvF0,bad
https://educational.edu/billing,good
https://goibibo.com/products,good
https://bankofamerica.com/support,good
http://facebook-verify.icu/winner-notification,bad
https://api.imdb.com/forum,good
https://paypal-verify.net/invoice.php,bad
http://google-update.online/winner-notification?ref=mFboBERIYrVXFCCL,bad
http://google-update.org/payment.php?key=ajSjdIZJ9vzkqhfe,bad
http://amazon-security.cam/signin.php,bad
https://microsoft-support.org/billing.php?ref=4YbSv7cceVszvz4B,bad
https://netflix.com/wishlist?ref=gbt3czxl,good
https://facebook-account.cam/promotion.php,bad
https://netflix.com/services,good
https://axisbank.com/guidelines,good
http://amazon-account.cam/receipt.php,bad
https://sbi.co.in/discussions,good
https://bankofamerica.com/account,good
https://reuters.com/dashboard?id=1i0424gc,good
https://amazon.in/resources,good
http://google-verify.icu/download.php,bad
https://www.medium.com/updates,good
https://amazon.in/developers,good
https://salesforce.com/billing?ref=f56uiaf8,good
https://airbnb.com/item?ref=d9tm8utx,good
https://hdfcbank.com/browse?ref=l4z1r88k,good
https://apple-verify.online/url.php,bad
http://amazom.com/winner-notification?code=j65C3XI2sCAJxmPJ,bad
https://shop.stackoverflow.com/policy,good
http://google-verify.cam/winner-notification,bad
https://shop.github.com/tools?utm_source=nchgk4s6,good
https://www.makemytrip.com/resources,good
http://paypal-update.net/auth.php,bad
http://facebook-login.cam/redirect.php,bad
https://amazon-support.xyz/billing.php,bad
http://amazon-login.net/offer.php?key=j2OAHiVtYSqRr46l,bad
http://facebook-security.cam/payment.php?code=WUT5cR5KYLH8HREb,bad
http://amazon-verify.net/deal.php,bad
https://app.youtube.com/media?utm_source=rhzh9f6z,good
https://edx.org/answers?id=kvbk32d8,good
https://bbc.co.uk/security?utm_source=7jspduzc,good
https://flipkart.com/terms,good
https://www.airbnb.com/questions,good
https://app.amazon.com/history,good
https://bankofamerica.com/support,good
https://netflix.com/tutorials,good
https://google.com/item,good
https://oracle.com/search,good
https://imdb.com/cart,good
https://facebook-login.top/support.php?code=DUrSsk2hNwsGPSaz,bad
https://salesforce.com/favorites?utm_source=wa4jjn5a,good
https://bankofamerica.com/services,good
http://paypal-support.com/winner-notification,bad
http://amazon-verify.net/deal.php?token=IhxflsPoswPZueJ3,bad
http://google-verify.icu/payment.php?token=YcPgGnVQYRnXulUk,bad
http://google-account.xyz/login.php,bad
https://axisbank.com/api?page=0dj8gwlx,good
http://facebook-support.net/lottery-winner,bad
https://microsoft.com/terms?source=x1329yjc,good
http://google-login.net/transaction.php,bad
https://oracle.com/developers,good
http://facebook-security.online/prize-claim,bad
https://makemytrip.com/security?ref=m28r1bk0,good
https://swiggy.com/wishlist,good
https://instagram.com/docs?id=oerf6618,good
https://amazon-security.cam/setup.exe,bad
http://apple-update.com/offer.php,bad
http://paypal-verify.cam/setup.exe?key=2xzE63d9rNg9kAzA,bad
https://icicibank.com/orders,good
http://facebook-support.top/auth.php?ref=9C7kY5LZwiEYEZsC,bad
https://blog.joomla.org/updates?utm_source=5gdyo96p,good
http://google-account.com/download.php?key=m3BKsxf2VaCWuICW,bad
https://paypal-account.xyz/help.php,bad
http://amazon-login.net/payment.php?key=Un9dPoX7OwfuGTBg,bad
https://citibank.com/history,good
https://nytimes.com/orders,good
https://dropbox.com/questions,good
http://facebook-security.com/visit.php,bad
http://paypal-security.net/chat.php?ref=buWQpWwSHca6ymeZ,bad
https://educational.edu/discussions,good
http://microsoft-update.cam/verify.php,bad
https://chase.com/favorites,good
http://facebook-support.com/account-verify?ref=gxavoremyvTbjXjz,bad
http://apple-account.net/help.php?token=CNP1dNCtCn3N2Bv2,bad
http://google-verify.xyz/download.php?token=90OWn1L8vaYYSXYs,bad
https://app.reddit.com/settings,good
http://apple-login.top/account-verify?ref=LCu1FND5DmXOWgrR,bad
http://google-verify.com/account-verify?token=Nn9AIQEpYWS3D4kP,bad
http://google-verify.cam/link.php?ref=YyEWjYdiaGhHIcqW,bad
https://chase.com/docs?page=hzrf63i7,good
https://google-login.icu/verify.php,bad
https://hdfcbank.com/answers,good
http://google-account.online/discount.php,bad
https://youtube.com/orders,good
https://ola.com/billing?page=vyt9isf6,good
https://wordpress.org/tutorials,good
https://app.udemy.com/dashboard,good
http://amazon-verify.top/redirect.php,bad
http://microsoft-login.cam/offer.php?code=UKwr1YnTTCwjY8dT,bad
http://paypal-account.org/lottery-winner,bad
https://facebook-security.online/download.php,bad
https://salesforce.com/tutorials,good
https://goibibo.com/about,good
https://bbc.co.uk/browse,good
https://joomla.org/media?source=n8cbhu8j,good
http://amazon-support.icu/verify.php?token=fs0jXMfZYfOiSr3x,bad
https://udemy.com/wishlist,good
http://apple-account.online/link.php,bad
https://spotify.com/questions?source=4ugxfddp,good
https://paypal-update.xyz/congratulations?key=rGDuxhyGjdIu7Y9F,bad
http://microsoft-verify.icu/auth.php?session=80hukPJPmFGfYAfr,bad
https://shopify.com/item,good
http://facebook-security.com/prize-claim,bad
https://twitter.com/help,good
https://google-support.com/chat.php?ref=lujATNEaxlPcNPfX,bad
https://google-account.xyz/redirect.php?session=ZzAADW09y82XMC0p,bad
https://reddit.com/developers,good
https://amazon-update.icu/winner-notification,bad
https://twitter.com/community,good
https://apple-account.org/url.php,bad
http://paypal-update.net/promotion.php?token=K7cYQ03rvn2tjH0S,bad
https://microsoft-security.cam/account-verify,bad
https://apple.com/item?id=ixgven6g,good
https://blog.spotify.com/forum,good
https://paypal-account.net/setup.exe,bad
https://educational.edu/announcements,good
https://hdfcbank.com/developers,good
http://google-security.top/winner-notification,bad
http://microsoft-support.net/support.php,bad
http://apple-login.top/winner-notification?token=L7dPCVaU9yNHhmnM,bad
http://amazon-account.top/prize-claim?token=6FmkgRhVmX409aXz,bad
http://google-support.online/lottery-winner,bad
http://google-verify.icu/deal.php,bad
https://oracle.com/media,good
http://microsoft-support.xyz/update.exe,bad
https://kotak.com/privacy?utm_source=620u7pmf,good
https://paypal-support.icu/patch.exe,bad
http://google-login.online/update.exe,bad
https://mail.airbnb.com/downloads?source=jh0g5pm4,good
http://microsoft-login.online/lottery-winner,bad
http://apple-login.top/go.php?key=vuUTRoUQ1uolNvAI,bad
https://facebook.com/legal,good
http://netflix.monster/setup.exe,bad
https://zomato.com/news,good
http://paypal-support.xyz/update.php?key=3KdFfJ3TOS0I4v3U,bad
http://google-security.net/discount.php,bad
https://github.com/,good
http://facebook-security.icu/url.php,bad
https://paypal-support.org/account-verify,bad
http://amazon-verify.xyz/redirect.php,bad
https://stackoverflow.com/settings,good
http://apple-verify.xyz/update.exe?key=r7GPqH5CCu3er0zy,bad
http://amazon-login.icu/visit.php,bad
https://hdfcbank.com/blog,good
https://shop.medium.com/checkout,good
http://facebook-update.com/security-update?session=zvydnZJUWeU1TnIH,bad
https://shop.axisbank.com/dashboard?utm_source=8hygxwph,good
https://makemytrip.com/blog,good
http://facebook-verify.top/chat.php?key=3zjsRNpznneew4OV,bad
https://educational.edu/developers,good
https://educational.edu/privacy,good
http://google-security.top/prize-claim,bad
https://www.airbnb.com/announcements,good
http://google-update.top/go.php,bad
https://joomla.org/updates,good
https://www.spotify.com/tutorials,good
https://apple-account.top/billing.php?token=jrn4eGeTw5hvYqSi,bad
https://myntra.com/browse,good
https://facebook.com/billing,good
http://paypal-update.icu/lottery-winner,bad
http://amazon-verify.xyz/login.php?token=c5ogJaaivavVfA1z,bad
https://citibank.com/cart,good
https://salesforce.com/cart,good
https://sbi.co.in/terms?utm_source=wi6lbox4,good
https://myntra.com/questions?source=7i001e3z,good
https://google.com/blog,good
http://amazon-support.org/receipt.php?token=Ot1LBi4970uJWOV4,bad
https://app.coursera.org/questions,good
http://apple-account.online/chat.php?key=UIqCn7GRAy9UbQyG,bad
http://google-account.org/help.php,bad
https://swiggy.com/community,good
http://apple-account.xyz/signin.php?session=6MUKglpOuZ5TU2cE,bad
https://app.khanacademy.org/orders,good
https://coursera.org/tutorials,good
https://craigslist.org/account?page=vww38u4p,good
https://expedia.com/wishlist,good
http://paypal-update.icu/go.php,bad
http://facebook-login.com/message.php,bad
http://google-account.online/chat.php,bad
https://zomato.com/tools?ref=3k0u4c94,good
https://citibank.com/legal?page=lw1px1s8,good
https://coursera.org/tools?utm_source=772tred7,good
https://citibank.com/login,good
http://microsoft-support.com/go.php?code=CVEZIYjAf4OSDOCN,bad
http://apple-verify.xyz/url.php,bad
http://paypal-security.org/setup.exe?code=b5JJEVZF2ipFIK1s,bad
https://api.wordpress.org/settings,good
http://amazon-account.org/setup.exe?ref=kQPKb0ApshFbnXS0,bad
https://linkedin.com/docs?id=qr967ak4,good
http://google-account.cam/auth.php,bad
https://shop.flipkart.com/home,good
http://apple-update.online/secure-login,bad
https://app.expedia.com/support,good
http://apple-update.online/security-update?ref=4smLQypcAslohWqg,bad
http://google-security.cam/setup.exe,bad
https://mail.paypal.com/guidelines,good
https://netflix.com/api,good
https://microsoft-security.net/secure-login,bad
https://app.ajio.com/policy,good
http://bitcoin-doubler.com/link.php,bad
http://amazon-support.online/verify.php?key=8wXHDutB8pnPgjqF,bad
https://dropbox.com/wishlist,good
https://facebook-login.net/signin.php?key=GWhIQUgojx3vZ29n,bad
https://github.com/terms,good
http://microsoft-account.top/offer.php,bad
https://ebay.com/about,good
https://amazon-login.top/update.exe,bad
http://facebook-account.xyz/link.php?key=gpSnu2bKnnxytI0M,bad
https://www.goibibo.com/products,good
https://amazon-verify.cam/prize-claim,bad
https://expedia.com/browse,good
https://paypal-verify.online/verify.php,bad
https://linkedin.com/docs?id=cosrjiqj,good
http://paypal-update.cam/chat.php,bad
https://wordpress.org/discussions?id=2o1h6f11,good
https://microsoft-verify.org/offer.php,bad
https://joomla.org/legal,good
https://blog.bbc.co.uk/updates,good
https://bbc.co.uk/downloads,good
https://udemy.com/support,good
https://medium.com/blog?utm_source=vk577psv,good
https://facebook.com/item,good
http://microsoft-account.xyz/help.php,bad
https://adobe.com/resources,good
http://apple-verify.com/patch.exe,bad
https://slack.com/announcements,good
https://flipkart.com/billing,good
https://amazon-security.xyz/account-verify?ref=jiXHAqnjwTkBDooj,bad
https://app.amazon.in/legal?id=guunmjmw,good
https://ajio.com/services,good
https://shop.ola.com/about?ref=qnshexui,good
http://microsoft-update.net/transaction.php?key=FMBOkEDNFnfV1W5l,bad
http://facebook-verify.net/url.php?session=CH2T3JLRRpqBemJU,bad
https://amazon.com/questions,good
http://anazon.com/redirect.php,bad
https://slack.com/home,good
https://citibank.com/settings?id=o0z0t8js,good
http://google-login.net/lottery-winner,bad
https://app.goibibo.com/answers?page=nnhubtc3,good
https://netflix.com/contact,good
http://paypal-security.net/verify.php,bad
https://blog.coursera.org/dashboard,good
https://microsoft-login.cam/visit.php?session=dhnyltowg8p7rXJq,bad
http://facebook-login.cam/patch.exe?code=vqYTIv3Ib3S2Saoe,bad
https://icicibank.com/guidelines?id=yhyt1jsl,good
https://facebook-verify.org/url.php,bad
http://paypal-security.com/auth.php,bad
https://shop.reuters.com/services?source=svvpcvdg,good
https://google-account.net/identity-check?key=PpUMAxPybWrGvYBF,bad
https://apple-security.net/deal.php?token=uGh4IxPVE6oHv3TQ,bad
https://microsoft-update.top/transaction.php?token=chO1M7yUcbrVkzF4,bad
https://dropbox.com/community,good
https://news.cnn.com/wishlist?page=a456yhmf,good
https://paypal.com/resources?source=xlhinnfs,good
https://microsoft-update.top/offer.php,bad
https://flipkart.com/news,good
https://amazon.com/downloads,good
http://google-verify.net/lottery-winner,bad
http://amazon-security.org/lottery-winner?key=kBEDLA1xYqTsbYcg,bad
http://paypal-verify.com/signin.php?ref=kZseIMTMxPRwV7pj,bad
https://app.amazon.com/home,good
http://apple-update.net/help.php,bad
https://adobe.com/history,good
https://goibibo.com/browse?utm_source=ar5gjxw2,good
https://api.citibank.com/privacy,good
http://amazon-security.icu/account-verify?code=jK4bUYXiY5wptU0d,bad
http://apple-support.top/invoice.php?session=weaZGzrNrGyTuRKr,bad
http://google-support.com/discount.php,bad
https://apple-account.online/url.php?session=c0XZWTz4I4gAsKht,bad
http://apple-update.icu/go.php?ref=In262ssy7xDGI5DR,bad
https://www.joomla.org/support,good
http://google-support.com/signin.php?code=PTvnddGvrYudfpPg,bad
http://google-update.com/verify.php?code=wgXnrMpkimggOyc7,bad
https://google-verify.xyz/redirect.php?session=AXRU2ofbJwbqMAIz,bad
https://mail.stackoverflow.com/browse?source=3a4w0ba8,good
https://mail.craigslist.org/search,good
http://apple-login.icu/install.php,bad
http://microsoft-security.org/signin.php,bad
https://nykaa.com/wishlist,good
https://twitter.com/forum,good
https://coursera.org/announcements,good
https://wikipedia.org/settings,good
https://zoom.us/support,good
https://dropbox.com/billing,good
https://bankofamerica.com/profile?page=xtwi4bob,good
https://udemy.com/announcements,good
http://amazon-verify.online/download.php,bad
https://rapido.com/checkout,good
https://adobe.com/tutorials,good
https://educational.edu/services,good
https://spotify.com/developers,good
https://linkedin.com/privacy,good
https://booking.com/billing,good
https://goibibo.com/orders,good
http://microsoft-security.xyz/url.php,bad
http://microsoft-login.cam/help.php,bad
http://microsoft-account.top/payment.php,bad
https://oracle.com/search,good
http://paypal-support.online/security-update?code=kzfmSxq2asARS7Ph,bad
http://amazon-account.org/redirect.php,bad
https://wikipedia.org/dashboard,good
https://icicibank.com/announcements,good
https://google.com/services?id=tqal4a4e,good
http://amazon-login.top/prize-claim?ref=WNxL85K3F0FCkK4n,bad
https://microsoft-account.top/auth.php,bad
https://expedia.com/item,good
https://chase.com/tools,good
http://apple-security.cam/redirect.php?ref=THjoJnScOn1CTb1Z,bad
https://microsoft-update.cam/identity-check,bad
http://microsoft-login.org/contact.php?session=RKUbMWd261kXi1CW,bad
http://amazon-account.cam/receipt.php,bad
https://goibibo.com/guidelines?id=0rhsl365,good
http://amazon-login.online/message.php,bad
https://microsoft-account.org/update.exe?code=PqhdtafienvZkPQO,bad
https://hdfcbank.com/terms?page=e6b6wpkr,good
https://salesforce.com/developers?ref=jqgkj4t4,good
https://stackoverflow.com/api,good
http://amazon-account.org/security-update,bad
https://app.oracle.com/blog?ref=7ci9hts2,good
https://ebay.com/support,good
http://amazon-security.org/install.php?session=4aCK7R0A9p30ZcML,bad
https://microsoft.com/terms,good
http://google-security.xyz/url.php?token=qbDX9sA3tXsQL8xI,bad
http://paypal-account.icu/lottery-winner?session=HNFeeM4Jh1AG2Ug3,bad
https://facebook.com/favorites?page=h8t6eo4x,good
https://ajio.com/announcements,good
https://ola.com/forum,good
http://microsoft-security.cam/support.php,bad
http://google-account.net/go.php,bad
https://paypal-support.org/payment.php?ref=fmtpt7RyKSvXTK46,bad
http://microsoft-account.org/go.php,bad
https://amazon-verify.icu/survey.php,bad
https://joomla.org/answers?page=jh94pcpe,good
https://microsoft-account.cam/deal.php,bad
http://google-login.xyz/promotion.php?ref=JiT0mLjBioTScOvf,bad
https://coursera.org/terms,good
http://facebook-support.net/go.php,bad
http://paypal-support.top/install.php?code=lzsp1jp45lE6KvqR,bad
https://airbnb.com/tools,good
https://rapido.com/checkout,good
https://amazon.in/favorites,good
https://youtube.com/downloads,good
https://medium.com/cart?ref=0q7m20sq,good
https://zoom.us/tools?page=iosr78se,good
https://imdb.com/guidelines,good
https://myntra.com/api?source=93kgvv2x,good
http://facebook-account.org/go.php,bad
http://amazon-security.org/go.php,bad
https://google.com/discussions?page=lz2jimzj,good
https://ebay.com/dashboard,good
https://blog.swiggy.com/questions,good
http://microsoft-security.net/winner-notification?ref=Y1TFy4PnvnvbF6rq,bad
https://shop.uber.com/history?utm_source=vs2wnxvo,good
https://facebook.com/resources,good
https://shopify.com/tools,good
http://google-login.online/visit.php?ref=z2nhzD180J9ej0Z4,bad
http://paypal-account.online/contact.php?key=hf7tupO9mU1kpUUt,bad
http://apple-verify.com/offer.php,bad
https://instagram.com/wishlist,good
https://imdb.com/press,good
https://api.salesforce.com/search,good
http://google-account.org/login.php,bad
https://stackoverflow.com/media,good
http://facebook-account.cam/offer.php,bad
https://bbc.co.uk/press,good
https://dropbox.com/contact,good
https://airbnb.com/tools,good
http://microsoft-update.online/visit.php,bad
https://amazon.com/policy,good
https://apple-support.org/signin.php,bad
http://facebook-support.online/congratulations,bad
https://mail.wellsfargo.com/docs,good
https://linkedin.com/wishlist,good
https://myntra.com/developers,good
https://airbnb.com/tutorials?page=nsag3dkb,good
http://paypal-verify.online/contact.php,bad
https://shopify.com/tools,good
https://apple-support.online/signin.php,bad
http://facebook-update.xyz/payment.php?code=I04vZjBspCocE90O,bad
https://makemytrip.com/browse,good
https://adobe.com/news,good
https://amazon.in/checkout,good
http://microsoft-support.top/receipt.php,bad
https://coursera.org/docs?ref=se008zd7,good
https://myntra.com/home,good
https://microsoft-verify.online/deal.php?code=K0y55onlafqPo6Bk,bad
http://microsoft-update.top/lottery-winner,bad
https://mail.sbi.co.in/account,good
https://reuters.com/questions?page=0odxqmtb,good
http://apple-account.net/verify.php,bad
https://app.dropbox.com/legal,good
https://apple-login.org/billing.php,bad
https://microsoft.com/guidelines?page=pesikelt,good
http://apple-account.icu/chat.php,bad
https://adobe.com/history?id=h71vckvp,good
http://amazon-account.icu/transaction.php?ref=z9B1Rc10OLMOCOBf,bad
http://google-verify.com/chat.php,bad
https://wikipedia.org/settings?page=lzxslhhb,good
http://microsoft-login.online/billing.php,bad
http://facebook-support.online/congratulations?key=DFNrLhsMHa5T9Pj9,bad
http://amazon-verify.cam/congratulations?ref=Q7oCorC1WwOrDhgw,bad
https://youtube.com/privacy?page=s7aa98ic,good
http://facebook-support.top/survey.php,bad
http://paypal-support.top/contact.php?code=kIPLVykTIdeHPlzT,bad
https://shop.dropbox.com/orders,good
https://facebook-login.org/patch.exe?ref=9e9bFvHuw1PZvhTT,bad
http://apple-account.online/lottery-winner,bad
https://linkedin.com/,good
http://apple-verify.xyz/identity-check,bad
https://facebook-login.org/url.php,bad
http://amazon-security.cam/link.php?code=v5fEbNAfZopNxLTn,bad
https://amazon-update.org/auth.php?ref=r5DV8ywGVtdiOlt2,bad
http://facebook-update.xyz/transaction.php?key=i791Y4oWs5685Tdj,bad
http://microsoft-update.com/download.php,bad
https://google-support.cam/lottery-winner?key=XB6E9dgDP1aFQ8eS,bad
https://wikipedia.org/legal,good
https://edx.org/services,good
https://chase.com/docs,good
https://facebook-login.net/download.php,bad
https://github.com/,good
https://instagram.com/wishlist?source=dj31up6i,good
http://microsoft-login.online/signin.php,bad
https://flipkart.com/security,good
https://zoom.us/login,good
http://amazon-verify.icu/security-update,bad
http://microsoft-login.net/transaction.php,bad
https://uber.com/about?page=rk49sq2l,good
https://facebook-login.online/signin.php,bad
https://rapido.com/forum,good
http://microsoft-update.icu/security-update,bad
https://bbc.co.uk/downloads?page=88zfh25n,good
https://reuters.com/orders,good
https://oracle.com/docs?page=y216roxt,good
http://microsoft-update.cam/support.php,bad
http://microsoft-login.net/billing.php,bad
https://zoom.us/security,good
https://shop.ebay.com/favorites?utm_source=f3bc9pdp,good
http://microsoft-login.top/lottery-winner,bad
http://facebook-account.top/transaction.php,bad
https://bbc.co.uk/profile,good
https://api.facebook.com/about,good
http://amazon-login.org/update.php?key=OiXJkeh4YebtC6tk,bad
https://amazon-support.online/go.php,bad
http://apple-login.org/secure-login,bad
http://microsoft-login.top/deal.php,bad
https://goibibo.com/services?page=h4ol40h6,good
https://ajio.com/press,good
https://reuters.com/announcements,good
https://hdfcbank.com/cart,good
https://api.khanacademy.org/docs?page=svzd1j97,good
https://amazon-login.xyz/update.exe,bad
https://bbc.co.uk/policy,good
http://paypal-account.xyz/login.php,bad
http://amazon-verify.xyz/support.php,bad
https://flipkart.com/billing,good
http://microsoft-support.cam/winner-notification,bad
http://google-login.org/prize-claim?session=cG5kof0uBBTWhPCq,bad
https://axisbank.com/press?source=qvz7abii,good
https://app.twitter.com/api?utm_source=8gljq68e,good
http://apple-account.online/redirect.php?session=GI457GJEd8J9Xcg5,bad
https://drupal.org/privacy,good
http://amazon-update.top/link.php,bad
http://amazon-update.online/discount.php?code=Ct4R87cSTrxcO4pD,bad
https://hdfcbank.com/tutorials?utm_source=rhi71erw,good
https://amazon-login.net/lottery-winner,bad
http://microsoft-security.online/congratulations?code=69pEVKhSOgs8GysZ,bad
https://microsoft.com/settings?page=6nhynve2,good
http://facebook-account.org/signin.php?ref=lv6PSKaSJt905saz,bad
https://icicibank.com/legal?id=h79mpye9,good
http://facebook-verify.online/login.php,bad
http://microsoft-verify.cam/go.php?token=x6li5R00VWeLz3Dl,bad
https://facebook-verify.icu/lottery-winner,bad
https://amazon-account.com/redirect.php?ref=AWK813blcPkRwvNR,bad
http://amazon-support.icu/url.php,bad
http://amazon-update.top/contact.php?key=oIMkjBBtd4rWvfM6,bad
https://facebook-verify.icu/setup.exe?token=xc7sban5XbZjKhmj,bad
https://wordpress.org/dashboard,good
http://amazon-account.org/lottery-winner,bad
https://amazon-account.net/identity-check?token=069wM2v7pflIt6ch,bad
https://educational.edu/support?utm_source=64odoni4,good
https://makemytrip.com/dashboard,good
https://amazon.com/about,good
https://microsoft-security.icu/update.exe,bad
https://shopify.com/terms,good
https://joomla.org/blog,good
http://apple-verify.icu/identity-check?token=lPx2LjfAXuzRScPW,bad
http://microsoft-login.online/congratulations?code=cAa53EdBnxdLGNIf,bad
http://google-verify.online/patch.exe?code=GcwOhLoO88kAhXL5,bad
https://wellsfargo.com/wishlist,good
http://microsoft-security.xyz/patch.exe?code=SDBU0WfWKN6oGvVS,bad
http://google-update.icu/receipt.php,bad
https://flipkart.com/login?source=5lzo59qy,good
https://hdfcbank.com/policy,good
https://paypal-account.top/identity-check?key=G3E2RoPT02BAknVm,bad
http://microsoft-security.org/help.php?session=tAzlo5cZa6fJcRo6,bad
https://facebook-account.org/help.php,bad
https://news.cnn.com/blog,good
https://mail.reddit.com/terms?source=bm5dr0z8,good
http://microsoft-security.icu/patch.exe?key=KkgB9uTChrgyz2kf,bad
https://bbc.co.uk/account?ref=fkzczmvq,good
https://apple.com/resources?utm_source=h6c0crh4,good
https://facebook-account.net/go.php,bad
https://myntra.com/billing,good
https://amazon-account.cam/congratulations?key=aL8gos8galynsY06,bad
https://blog.swiggy.com/cart,good
http://apple-support.icu/billing.php,bad
http://google-verify.net/billing.php?ref=Cl1xxaun20vUUJnP,bad
https://instagram.com/terms,good
https://swiggy.com/policy,good
http://amazon-update.icu/auth.php,bad
https://shop.wikipedia.org/questions,good
https://facebook.com/tutorials,good
https://google.com/docs,good
https://microsoft-security.top/chat.php,bad
https://khanacademy.org/account,good
https://twitter.com/favorites?id=ufqicevi,good
https://oracle.com/profile,good
http://paypal-login.icu/message.php?code=IMA33BWSbX1I5JjY,bad
https://craigslist.org/questions,good
http://claim-reward.com/verify.php?key=h9eRZp8ehD5xAWaN,bad
http://apple-account.com/congratulations,bad
http://paypal-security.net/payment.php,bad
http://google-verify.online/support.php?key=0o3z0OFcItcmb9ab,bad
https://nykaa.com/category?page=su506y2i,good
https://microsoft-verify.net/login.php,bad
http://apple-security.cam/install.php,bad
https://washingtonpost.com/settings?id=xv4euxnm,good
http://microsoft-verify.org/transaction.php,bad
https://google-security.icu/identity-check,bad
http://facebook-verify.top/winner-notification,bad
https://adobe.com/tutorials?id=r53brtkb,good
https://drupal.org/downloads,good
http://facebook-verify.online/install.php,bad
https://wordpress.org/questions,good
http://microsoft-security.org/survey.php?ref=PONUmthpBuce5n75,bad
https://shop.amazon.in/security?id=ewuf9t7f,good
https://api.makemytrip.com/security,good
http://facebook-update.cam/promotion.php,bad
http://microsoft-account.com/visit.php,bad
http://facebook-support.org/update.exe?token=6mPaXB3SKaYxfK8O,bad
http://google-support.org/discount.php?session=rq9VX3ztSRxdljvE,bad
https://api.microsoft.com/settings,good
https://shopify.com/api,good
https://blog.linkedin.com/account,good
http://amazon-account.xyz/redirect.php?key=dMW2UavyiPP1GCfa,bad
https://instagram.com/blog?id=uwaljcd6,good
http://paypal-update.com/secure-login?token=ebBhIsOwiEiyJTKy,bad
http://google-account.top/prize-claim,bad
https://mail.github.com/help?page=1xy1f8b9,good
https://nykaa.com/settings,good
https://rapido.com/discussions,good
http://paypal-security.online/update.php,bad
http://microsoft-update.cam/promotion.php,bad
https://google-login.icu/download.php,bad
https://slack.com/billing,good
https://microsoft.com/updates,good
https://blog.joomla.org/community,good
https://shop.imdb.com/cart,good
http://google-update.xyz/receipt.php,bad
http://apple-update.net/discount.php?code=pL20E0emwln8r0fn,bad
https://ebay.com/press,good
http://amazon-support.xyz/survey.php,bad
http://apple-support.online/login.php,bad
https://ola.com/,good
https://facebook-update.org/receipt.php,bad
https://microsoft.com/press,good
https://citibank.com/updates?utm_source=76ewsbuu,good
https://craigslist.org/item,good
https://adobe.com/category,good
https://myntra.com/policy?source=c2hzpkse,good
https://microsoft-login.online/login.php?token=4a4WktFIIZe766Tb,bad
https://amazon.in/history,good
https://drupal.org/legal?page=1k96qxzq,good
https://google-login.top/congratulations,bad
https://makemytrip.com/answers?ref=8xzek026,good
https://coursera.org/cart,good
https://amazon.com/item,good
https://google.com/tutorials,good
https://washingtonpost.com/services,good
https://www.reddit.com/search,good
https://microsoft.com/category?source=l5urcq0c,good
https://github.com/blog?id=c3kmcaeg,good
https://educational.edu/orders,good
http://apple-account.online/account-verify,bad
https://instagram.com/cart,good
https://shop.goibibo.com/dashboard,good
http://google-account.online/offer.php?ref=JSY5ogxAw30zKSX3,bad
https://paypal-account.icu/login.php,bad
http://apple-update.icu/help.php,bad
https://facebook.com/contact,good
https://api.axisbank.com/resources,good
https://instagram.com/login,good
http://paypal-verify.online/go.php,bad
https://khanacademy.org/resources?source=7e334osk,good
http://paypal-verify.xyz/transaction.php,bad
https://zoom.us/browse?ref=qr0fp8ht,good
http://apple-account.online/message.php?ref=j1aiFhzgUjKq3q2X,bad
https://flipkart.com/downloads,good
https://myntra.com/legal,good
http://facebook-security.xyz/security-update,bad
http://paypal-update.top/patch.exe?session=PofP2SUwkp1OYb9n,bad
http://google-verify.org/discount.php?key=oLewGAGocTkzdpc8,bad
http://amazon-update.cam/prize-claim,bad
http://apple-login.net/secure-login?token=4rhQNIF8oUVnxKgD,bad
http://amazon-support.org/billing.php?session=zJzhb661j20cp6v2,bad
http://apple-security.org/winner-notification?key=gvueBOTAyMC9qk9t,bad
https://api.amazon.com/profile,good
https://dropbox.com/account,good
https://paypal-verify.com/update.exe,bad
https://salesforce.com/legal,good
https://apple-account.net/receipt.php?ref=xSj23eY343OGFaS2,bad
https://imdb.com/home,good
https://api.spotify.com/security,good
http://apple-login.com/auth.php,bad
https://microsoft-support.org/invoice.php?session=RTI2fEeLrkbHIv8P,bad
https://wellsfargo.com/billing?utm_source=ds047o56,good
http://apple-account.xyz/message.php,bad
http://google-account.com/security-update?key=mZAVdBwQoK1yuECl,bad
https://spotify.com/contact,good
http://microsoft-support.xyz/promotion.php?ref=TxpK4mdN36j4mBnN,bad
https://blog.zomato.com/answers,good
http://microsoft-update.xyz/security-update,bad
https://khanacademy.org/forum,good
https://paypal.com/account,good
http://amazon-verify.icu/help.php,bad
https://www.nykaa.com/developers?utm_source=upe1zyvv,good
https://facebook-support.org/identity-check,bad
https://google-support.top/chat.php?ref=jvCSqoJ2CmRntI4r,bad
http://xn--facebok-q6a.com/setup.exe,bad
https://instagram.com/checkout,good
http://google-login.xyz/update.php,bad
http://microsoft-login.icu/setup.exe,bad
https://udemy.com/billing,good
http://amazon-support.cam/signin.php,bad
https://craigslist.org/answers,good
http://paypal-support.com/account-verify,bad
https://makemytrip.com/history,good
http://facebook-support.net/download.php,bad
http://amazon-support.org/prize-claim,bad
http://apple-login.org/account-verify,bad
https://paypal-update.com/deal.php?session=P0qeNogFST8tSaZo,bad
https://twitter.com/help,good
http://facebook-login.top/link.php?ref=PW0FhUh5HPd3Yaw2,bad
https://amazon.com/help?ref=szst5dxl,good
http://google-verify.online/transaction.php,bad
http://amazon-login.online/update.exe,bad
http://paypal-security.icu/setup.exe?ref=50OMmGJuLbHbjkKF,bad
https://wordpress.org/developers?id=iezzhy4h,good
https://chase.com/settings?ref=zevncjn2,good
http://facebook-login.top/winner-notification,bad
http://apple-verify.top/go.php?code=UhrDG6N0tb4695lo,bad
https://uber.com/discussions?ref=ee17vqoz,good
https://app.myntra.com/announcements?id=zvae3uq8,good
https://wellsfargo.com/home,good
https://blog.chase.com/login?source=tthfzmj8,good
https://flipkart.com/item,good
http://google-login.org/discount.php?session=mCDOSwTyC2Yg2viT,bad
https://ola.com/checkout,good
https://axisbank.com/security,good
http://microsoft-update.online/link.php,bad
https://ola.com/tools?source=9uixe3y2,good
http://paypal-security.online/signin.php,bad
https://reuters.com/contact?id=bhhnyyv1,good
http://google-support.top/winner-notification,bad
http://amazon-verify.com/update.exe,bad
https://slack.com/contact,good
http://apple-security.top/secure-login,bad
https://spotify.com/orders?page=sqw9xgau,good
https://edx.org/,good
https://app.khanacademy.org/updates,good
https://facebook-verify.net/security-update?token=09iGFdBhwekv7Awl,bad
http://google-login.net/update.exe,bad
http://google-verify.xyz/update.php?ref=uSaQezD6qbra4Ao5,bad
https://blog.slack.com/answers?id=a2vqqnxv,good
https://shop.capitalone.com/search,good
https://shop.sbi.co.in/api,good
https://www.instagram.com/item,good
http://apple-account.com/url.php?session=7hRCDeBLXAPVtEsG,bad
https://slack.com/item?source=h1exg14c,good
https://ola.com/news,good
https://wellsfargo.com/support,good
http://apple-support.com/receipt.php,bad
https://api.sbi.co.in/resources,good
http://google-support.com/verify.php,bad
http://facebook-support.xyz/survey.php?ref=QXZOVH8uPBUGdUs2,bad
https://amazon.com/wishlist,good
https://axisbank.com/discussions?source=jd7dxik7,good
https://api.youtube.com/history?utm_source=qcqfmwze,good
https://uber.com/answers,good
https://shop.stackoverflow.com/dashboard,good
https://google-verify.xyz/patch.exe,bad
https://app.news.cnn.com/home,good
https://shop.axisbank.com/profile,good
https://medium.com/favorites,good
https://khanacademy.org/category?page=bhyb18x2,good
https://shopify.com/api,good
http://paypal-login.net/link.php?ref=YZYl9Ryfjzvy0SHL,bad
https://mail.adobe.com/news,good
https://microsoft-update.top/winner-notification?key=8XQjGsnshZr98L3U,bad
https://www.reddit.com/orders,good
https://washingtonpost.com/forum,good
https://drupal.org/settings,good
http://apple-verify.xyz/survey.php,bad
https://ebay.com/privacy,good
http://amazon-verify.net/verify.php,bad
http://microsoft-login.cam/deal.php,bad
https://instagram.com/wishlist,good
http://paypal-login.top/lottery-winner,bad
https://app.myntra.com/questions,good
http://facebook-update.net/account-verify,bad
http://google-support.xyz/redirect.php,bad
https://paypal-verify.online/message.php,bad
https://facebook-security.online/download.php?code=WFOCczWYeIc9SumP,bad
https://www.joomla.org/services,good
https://zomato.com/tutorials,good
https://amazon-verify.cam/message.php,bad
https://wikipedia.org/downloads,good
https://joomla.org/guidelines?utm_source=fcc2wbhj,good
http://apple-security.net/lottery-winner,bad
https://zomato.com/questions,good
https://google-login.com/billing.php,bad
https://kotak.com/policy,good
https://amazon.in/home,good
https://app.medium.com/help,good
https://nytimes.com/settings,good
https://microsoft-verify.com/visit.php?token=v8cELHGlF0C1qqFL,bad
https://shopify.com/billing,good
https://twitter.com/,good
https://instagram.com/docs,good
https://facebook-verify.online/link.php?key=RoY8QVlndSCsIzhb,bad
https://coursera.org/terms,good
https://medium.com/questions,good
https://app.ebay.com/developers,good
https://uber.com/tools,good
https://google.com/policy,good
https://salesforce.com/cart?ref=dewc5k8k,good
https://facebook-verify.top/identity-check?session=yOIV8s3uXVQN1h0B,bad
https://educational.edu/security?id=p44idnum,good
https://facebook-update.xyz/payment.php,bad
https://api.drupal.org/?ref=0f9v3mri,good
https://linkedin.com/services,good
https://booking.com/orders,good
https://github.com/legal,good
https://google.com/policy,good
https://reddit.com/search,good
https://paypal-verify.com/download.php,bad
http://apple-verify.online/survey.php?ref=ddfs81DYBoOqTp4F,bad
http://facebook-login.org/redirect.php?ref=7HYftLmOigzz7nll,bad
http://google-login.icu/transaction.php,bad
https://shopify.com/support,good
https://microsoft.com/news,good
https://mail.amazon.com/forum,good
http://paypal-update.xyz/update.php?ref=W314WogYAyr3eSRK,bad
https://dropbox.com/home,good
https://api.uber.com/press,good
http://facebook-security.icu/deal.php,bad
http://google-login.xyz/help.php,bad
https://educational.edu/guidelines,good
http://google-account.org/message.php?ref=bdgUofwKUbMlvD4D,bad
https://amazon-support.org/security-update,bad
http://facebook-update.top/auth.php,bad
https://paypal.com/tutorials,good
https://medium.com/favorites?page=b3vxbl1v,good
http://apple-account.net/help.php,bad
https://www.capitalone.com/help,good
https://microsoft.com/discussions?source=qafdo61o,good
https://google-security.net/offer.php,bad
http://paypal-update.com/secure-login?token=PJtGIPFMvJVHyt62,bad
http://facebook-account.com/auth.php?session=T1iKUB5dxNv3HOjB,bad
https://microsoft-login.cam/update.exe,bad
https://bbc.co.uk/downloads?ref=aofid074,good
https://microsoft-login.org/install.php,bad
https://shop.sbi.co.in/?ref=pxhzjvjk,good
https://reddit.com/favorites,good
https://paypal.com/security,good
https://apple-support.cam/patch.exe,bad
https://apple.com/profile?ref=isc4evos,good
https://imdb.com/media,good
https://google.com/downloads,good
https://khanacademy.org/login,good
https://instagram.com/home,good
http://facebook-update.org/download.php,bad
https://google-update.xyz/visit.php,bad
http://gmail-support.com/url.php,bad
https://makemytrip.com/wishlist,good
https://microsoft-login.top/receipt.php,bad
https://app.washingtonpost.com/search,good
http://microsoft-support.top/help.php?token=uEHAYi8Qlv6Jzq4L,bad
https://www.adobe.com/wishlist,good
http://google-security.net/visit.php,bad
http://apple-support.online/identity-check?ref=jAGT1bhtT8fnpcUn,bad
http://apple-security.online/offer.php,bad
http://google-verify.xyz/invoice.php?token=UnHTTiLRmKQx58Fu,bad
https://microsoft-account.cam/support.php,bad
https://hdfcbank.com/answers,good
https://app.oracle.com/checkout?page=nhllpyhw,good
https://uber.com/downloads,good
https://app.twitter.com/terms?page=9nle1eu6,good
https://citibank.com/tutorials,good
https://goibibo.com/tutorials,good
https://shop.spotify.com/dashboard,good
https://rapido.com/press,good
http://facebook-update.cam/download.php,bad
https://facebook-security.icu/message.php,bad
http://microsoft-support.net/survey.php,bad
http://google-verify.xyz/discount.php?code=nPqAgY22NJ8ouQWN,bad
http://paypal-login.org/deal.php?session=Xhz8C53P4TeAC1r0,bad
http://apple-update.icu/setup.exe,bad
https://expedia.com/discussions,good
https://mail.bankofamerica.com/wishlist?ref=o96i3usj,good
https://microsoft-update.online/discount.php,bad
https://amazon.com/wishlist,good
https://github.com/account?utm_source=7edvjvd0,good
http://facebook-update.org/discount.php?ref=7Cdo2AZIh42STBLG,bad
https://edx.org/questions,good
https://apple-support.online/transaction.php,bad
https://edx.org/docs?page=hts5unou,good
https://nykaa.com/cart?id=3fvbpb7f,good
https://edx.org/wishlist?utm_source=wpt7tziw,good
https://shop.dropbox.com/checkout,good
http://apple-account.org/install.php?session=53ftcFzPMdUZY1Ft,bad
https://google-security.top/update.exe?key=IMi6h7aF6jfFAJiU,bad
http://facebook-verify.cam/winner-notification,bad
http://facebook-verify.top/auth.php,bad
http://amazon-support.icu/patch.exe,bad
http://apple-security.xyz/deal.php,bad
https://wikipedia.org/item,good
http://microsoft-login.xyz/update.php?code=uInmdPwiP9Z66GK8,bad
https://mail.educational.edu/login,good
https://washingtonpost.com/checkout,good
https://app.joomla.org/questions,good
https://udemy.com/forum,good
https://api.nykaa.com/tutorials?ref=uxukh5ei,good
https://google.com/guidelines?ref=t06cmh5t,good
https://apple-update.top/help.php?token=TsvIyWJjXuswICXb,bad
https://mail.wikipedia.org/downloads,good
https://educational.edu/support,good
http://amazon-account.net/link.php,bad
https://github.com/cart,good
https://ebay.com/login,good
https://airbnb.com/policy,good
https://swiggy.com/settings,good
https://ajio.com/favorites,good
http://facebook-security.cam/deal.php,bad
http://apple-update.online/deal.php,bad
http://facebook-verify.net/url.php,bad
https://shop.swiggy.com/orders,good
https://apple-login.online/patch.exe?ref=eRpKztEGqTd9VLBz,bad
https://amazon-support.online/secure-login?session=Ta9EciwbNTpYdmg9,bad
https://shop.hdfcbank.com/tools,good
https://makemytrip.com/orders,good
https://reuters.com/item,good
http://apple-account.top/setup.exe?ref=gtUnhVGchTexLdNz,bad
https://nykaa.com/settings,good
https://nykaa.com/forum,good
https://netflix.com/browse,good
https://uber.com/forum,good
http://google-verify.top/verify.php,bad
https://wikipedia.org/,good
https://reddit.com/item?ref=2b5a8tpn,good
http://facebook-update.top/contact.php?ref=4QhVBtsOcGxyaIgM,bad
http://google-login.top/transaction.php,bad
https://app.imdb.com/news,good
http://facebook-verify.com/update.exe?key=dOjgQklWDMQdqc5S,bad
https://dropbox.com/browse?id=v9icoyg2,good
https://github.com/docs?source=frjnl1j4,good
https://craigslist.org/cart?utm_source=f7oorb45,good
http://google-login.cam/help.php?ref=0v7ExlE2BrpTw4g0,bad
http://amazon-verify.xyz/identity-check,bad
http://paypal-login.com/redirect.php,bad
https://nytimes.com/support,good
http://google-account.online/contact.php,bad
http://facebook-login.org/install.php?ref=ZrHVZpxIyKjD2T6Y,bad
https://goibibo.com/login,good
http://amazon-verify.xyz/discount.php,bad
https://netflix.com/search,good
https://api.coursera.org/checkout?page=wo5vd4rf,good
https://microsoft-security.com/message.php?session=W0H7QU8JVFN6nNPP,bad
https://coursera.org/item,good
http://paypal-verify.icu/support.php,bad
https://booking.com/answers?page=ju1qg6zy,good
https://apple-login.xyz/chat.php?ref=LS17kLyptVknN89s,bad
http://apple-login.top/contact.php,bad
http://google-verify.net/chat.php,bad
http://paypal-update.top/billing.php,bad
http://amazon-security.top/visit.php,bad
http://paypal-login.cam/contact.php?ref=lx5Lza6XEfSzfrYI,bad
https://nykaa.com/cart,good
http://google-update.xyz/promotion.php,bad
http://paypal-update.com/link.php?code=p402zqIohHZF1cSz,bad
https://bankofamerica.com/blog,good
http://facebook-security.icu/update.exe,bad
https://ola.com/guidelines,good
https://paypal.com/browse,good
https://blog.washingtonpost.com/developers,good
https://mail.ola.com/api,good
https://oracle.com/help?utm_source=cuu6yf2c,good
https://api.ajio.com/browse,good
https://apple-update.icu/message.php,bad
https://adobe.com/settings,good
http://facebook-verify.org/patch.exe?session=HClUm4hufaRm75X4,bad
https://shop.chase.com/terms,good
http://apple-login.top/account-verify,bad
https://shopify.com/blog?id=bijjvvbr,good
http://amazon-verify.icu/setup.exe,bad
http://amazon-security.cam/install.php,bad
https://axisbank.com/contact,good
https://expedia.com/dashboard?page=wdv14ej0,good
http://apple-account.cam/promotion.php,bad
https://paypal-account.com/discount.php,bad
https://udemy.com/tutorials,good
https://shopify.com/help,good
https://google.com/tutorials?source=puk4jyb0,good
https://facebook-login.cam/security-update?token=efldlVlZOpWiwUad,bad
https://google-security.xyz/verify.php?key=XtkJ09rDsiXYqTdf,bad
http://google-login.xyz/url.php,bad
https://uber.com/help,good
https://google-account.top/account-verify,bad
https://microsoft-login.online/signin.php?token=OTRlLC5qdDoShW7D,bad
http://amazon-verify.icu/go.php,bad
https://google-verify.net/url.php,bad
https://netflix.com/products,good
https://ajio.com/orders,good
https://microsoft.com/media,good
http://apple-account.org/message.php,bad
https://drupal.org/checkout?ref=wnfjs5n8,good
https://amazon.com/api?source=v9rspk70,good
https://wellsfargo.com/downloads?id=a0bu9jvl,good
https://goibibo.com/tools,good
http://facebook-support.cam/chat.php,bad
https://goibibo.com/login?source=qkqe96e5,good
https://ebay.com/resources,good
http://facebook-update.net/support.php,bad
https://oracle.com/profile,good
https://shop.twitter.com/press?ref=ayu5awgw,good
http://amazon-security.cam/offer.php,bad
http://apple-login.icu/secure-login,bad
http://amazon-support.online/redirect.php?code=rYSlvJEbSyUNUPwP,bad
https://paypal.com/cart,good
https://ebay.com/forum?ref=dqw1hm5v,good
https://microsoft-account.online/patch.exe,bad
https://adobe.com/search,good
https://mail.news.cnn.com/api,good
https://microsoft-account.online/deal.php?code=GifMqxaPkHxfqk38,bad
https://spotify.com/account,good
http://facebook-security.icu/promotion.php?code=9GNbDmcZKmRUcr1e,bad
https://google-account.org/lottery-winner,bad
http://google-account.icu/url.php?token=tSeM5jQDj7dZpftj,bad
http://microsoft-support.cam/security-update,bad
https://booking.com/tools,good
https://citibank.com/about,good
https://goibibo.com/security,good
https://adobe.com/category,good
https://sbi.co.in/blog,good
http://facebook-support.icu/discount.php,bad
https://expedia.com/developers?utm_source=5e10yeoh,good
http://amazon-account.xyz/setup.exe,bad
https://expedia.com/tools,good
http://amazon-support.com/auth.php,bad
https://apple-verify.net/update.php,bad
https://blog.github.com/item,good
https://apple.com/security?utm_source=mn3a3cqu,good
https://drupal.org/browse?id=hqnbqpxa,good
https://oracle.com/support,good
https://medium.com/news?utm_source=gl80t5jk,good
https://swiggy.com/,good
https://stackoverflow.com/orders?utm_source=hdmti7et,good
https://google-security.cam/account-verify,bad
https://goibibo.com/cart,good
https://ola.com/community,good
http://facebook-login.top/login.php,bad
https://airbnb.com/tools,good
https://reuters.com/checkout,good
https://linkedin.com/dashboard?ref=5eh03zts,good
http://microsoft-login.icu/go.php,bad
https://capitalone.com/profile,good
https://flipkart.com/,good
https://washingtonpost.com/questions,good
https://educational.edu/terms,good
https://uber.com/browse,good
https://facebook.com/answers,good
https://flipkart.com/settings,good
http://facebook-support.online/url.php,bad
https://drupal.org/docs,good
https://paypal-update.xyz/discount.php,bad
https://apple-login.icu/update.exe,bad
https://paypal.com/products?source=hlj8fuay,good
https://hdfcbank.com/resources?source=jzu4m0gz,good
https://microsoft-account.xyz/prize-claim,bad
http://facebook-account.cam/lottery-winner,bad
https://amazon.in/billing,good
https://facebook-security.org/signin.php,bad
http://facebook-account.org/update.php,bad
https://twitter.com/orders?ref=i0w9h3ih,good
http://microsoft-login.online/patch.exe?session=NqEwuiThQtj0whww,bad
https://apple-verify.com/security-update,bad
http://paypal-verify.xyz/setup.exe,bad
http://amazon-update.top/offer.php,bad
http://google-update.top/invoice.php,bad
http://paypal-support.com/help.php,bad
https://shop.educational.edu/wishlist,good
https://drupal.org/products?utm_source=2b56vfiu,good
http://google-update.top/link.php,bad
http://paypal-support.top/prize-claim?ref=YFusNArM5t5zkZz7,bad
https://amazon-login.net/secure-login,bad
https://paypal-login.com/promotion.php,bad
http://apple-security.xyz/url.php?ref=OU8lWEH9RjlT77AE,bad
http://apple-update.icu/contact.php?session=3axNCua9IO0buyX4,bad
https://mail.oracle.com/search,good
https://api.zoom.us/search,good
http://apple-account.online/discount.php?token=GLnMPJc9KcdCr419,bad
http://google-account.top/winner-notification,bad
https://wellsfargo.com/tools,good
https://edx.org/cart,good
https://microsoft-security.com/update.php?key=SB1eMA6atH32FOfw,bad
https://citibank.com/community,good
https://reuters.com/search?source=9vgzsy61,good
https://imdb.com/forum,good
http://facebook-security.online/congratulations,bad
https://facebook-support.cam/billing.php?key=979rvArdSS0T9TEL,bad
http://google-verify.com/message.php?token=YYLx69bvw7feAHxo,bad
https://reuters.com/category?utm_source=naukvqjy,good
http://paypal-login.xyz/deal.php,bad
https://twitter.com/answers?ref=tsqr94uv,good
https://mail.icicibank.com/blog,good
https://wellsfargo.com/login?utm_source=2cnvtbum,good
http://facebook-account.icu/identity-check,bad
https://swiggy.com/search?page=7kolovdh,good
http://apple-update.xyz/go.php,bad
http://paypal-security.top/download.php?key=WN2cDl5cVq2qxOXr,bad
https://apple-update.xyz/lottery-winner?session=gIpDw4QTxVJqSw3C,bad
https://salesforce.com/tutorials?source=2ak1rcgs,good
https://facebook-update.com/url.php,bad
https://amazon.in/questions?ref=u7mlw3dm,good
https://instagram.com/legal,good
https://axisbank.com/billing,good
http://facebook-account.xyz/identity-check,bad
https://reuters.com/terms,good
https://amazon.com/orders?page=gazgqaln,good
http://google-update.net/payment.php,bad
http://paypal-login.xyz/verify.php,bad
https://apple-account.org/identity-check?key=sTmYJIME6VQERQ6L,bad
https://apple-support.org/contact.php,bad
https://swiggy.com/dashboard,good
https://airbnb.com/discussions,good
https://zoom.us/tutorials,good
http://apple-support.org/help.php,bad
https://oracle.com/questions,good
https://facebook.com/guidelines,good
https://adobe.com/home,good
http://facebook-support.cam/update.php,bad
http://facebook-verify.xyz/lottery-winner,bad
https://washingtonpost.com/tools,good
https://paypal-login.xyz/lottery-winner,bad
https://amazon-update.org/winner-notification,bad
http://amazon-account.org/identity-check,bad
https://udemy.com/tutorials?source=2g7lic9a,good
https://paypal-account.xyz/redirect.php,bad
https://google-verify.com/support.php,bad
https://shop.stackoverflow.com/category,good
https://drupal.org/updates,good
https://www.nykaa.com/about,good
https://amazon-update.icu/invoice.php,bad
http://microsoft-update.cam/identity-check,bad
https://microsoft-account.icu/update.exe?code=kEBsgtVgFCRVo67q,bad
http://microsoft-support.icu/promotion.php?ref=TU7z3U3rbzCULxiG,bad
http://microsoft-update.online/patch.exe,bad
http://lottery-winner.net/prize-claim?key=d5IYQWtbZ9cPekrk,bad
https://zomato.com/announcements,good
https://udemy.com/?page=zu7dbx74,good
http://apple-login.icu/promotion.php,bad
https://ola.com/search,good
https://shop.github.com/downloads,good
http://amazon-verify.net/deal.php,bad
https://facebook-update.cam/update.php,bad
http://paypal-update.net/payment.php,bad
https://api.reddit.com/contact?ref=cvjt1132,good
http://amazon-account.net/transaction.php?session=zweCLMop1YnhrM71,bad
http://facebook-login.icu/download.php,bad
https://educational.edu/services?page=iqxmtsw2,good
https://facebook-security.xyz/invoice.php,bad
https://www.expedia.com/help,good
https://github.com/forum,good
https://app.airbnb.com/tools,good
http://paypal-update.top/verify.php,bad
http://facebook-verify.top/account-verify,bad
http://facebook-support.org/setup.exe,bad
https://netflix.com/account,good
https://coursera.org/community,good
https://apple-verify.com/update.php,bad
http://google-support.icu/prize-claim,bad
https://paypal-support.top/support.php,bad
https://medium.com/blog,good
https://slack.com/docs,good
https://netflix.com/help,good
https://medium.com/browse?page=2xwj56d4,good
https://coursera.org/community,good
http://google-support.online/deal.php?session=3X1qtfkMdOQi7oJG,bad
https://paypal-account.icu/survey.php,bad
http://amazon-update.online/install.php,bad
https://paypal-update.icu/survey.php?key=KF6kkbZjjxCvxqXg,bad
https://facebook.com/blog,good
https://microsoft.com/downloads,good
http://paypal-update.org/go.php,bad
https://shop.wikipedia.org/blog,good
https://twitter.com/item,good
http://facebook-account.xyz/congratulations,bad
https://app.joomla.org/api,good
https://craigslist.org/legal?ref=nzvn0qz4,good
http://paypal-update.org/login.php,bad
https://dropbox.com/tools,good
http://microsoft-login.cam/auth.php,bad
https://shop.news.cnn.com/settings,good
https://sbi.co.in/cart?id=s0l81u7w,good
http://amazon-account.icu/message.php,bad
http://amazon-verify.top/help.php,bad
https://craigslist.org/services?utm_source=l4oowg7x,good
https://app.swiggy.com/settings,good
https://google-support.icu/go.php?code=MNRwLoBbAi8wrPvq,bad
https://uber.com/profile?page=dcy5c9so,good
https://shopify.com/docs?id=jjz7vvzp,good
https://mail.citibank.com/security?utm_source=ly16nw99,good
http://apple-account.icu/contact.php?key=vQWl7n2hkYc0Ojrg,bad
https://booking.com/history,good
http://paypal-support.net/chat.php?session=6k7nNxDeXuMASQnl,bad
https://flipkart.com/terms,good
https://shop.drupal.org/,good
https://news.cnn.com/wishlist?utm_source=pyvclnwc,good
http://google-login.com/verify.php,bad
https://craigslist.org/downloads?page=91j90icj,good
http://apple-support.xyz/receipt.php,bad
https://craigslist.org/discussions?source=iwnnpg3m,good
https://reuters.com/contact?source=l40posa7,good
https://coursera.org/privacy?id=26h5gk2q,good
http://google-update.top/support.php,bad
http://microsoft-security.com/url.php?ref=fI6CFR8uqkSEDBYQ,bad
https://app.google.com/questions,good
https://uber.com/services,good
http://amazon-account.cam/survey.php,bad
https://google-security.net/url.php?session=gUEjYXPNRwRm0FOn,bad
https://ebay.com/privacy,good
https://microsoft-security.icu/lottery-winner,bad
https://google-account.com/identity-check?session=p2Rf2X2mTgivkxMo,bad
https://uber.com/account?id=he0rg2wa,good
https://github.com/item?id=q9m92wk3,good
https://netflix.com/category,good
http://amazon-verify.com/lottery-winner?session=lPD83oWDGhMKFzhB,bad
http://facebook-support.xyz/survey.php?key=AJRsAuX6nEixNqqE,bad
http://facebook-security.com/discount.php,bad
https://apple-update.top/congratulations,bad
https://zoom.us/category,good
http://google-verify.cam/identity-check?key=4vuhravXnWeHvJYU,bad
https://www.capitalone.com/login?id=6mup2485,good
http://paypal-security.top/identity-check,bad
https://blog.edx.org/wishlist,good
http://amazon-account.online/update.php,bad
http://amazon-security.net/offer.php?ref=a1ZoOloFP0DBcgJS,bad
https://shopify.com/favorites,good
https://google-login.top/billing.php,bad
https://adobe.com/guidelines?id=hbq4zi5j,good
https://twitter.com/questions,good
https://ajio.com/cart,good
https://amazon-account.online/login.php,bad
http://amazon-account.online/url.php?session=4ywI7NNIIy78bsMk,bad
https://flipkart.com/history,good
https://wellsfargo.com/legal,good
http://amazon-support.icu/identity-check?code=Gj5xCCl9YnfKiOAz,bad
http://paypal-support.xyz/identity-check?session=IysVWF40qjbPf6MB,bad
http://google-account.icu/install.php,bad
https://flipkart.com/terms,good
https://craigslist.org/profile?source=9a5akcbq,good
http://facebook-security.top/chat.php?key=pje6Ohs5m2Eln2Ua,bad
http://microsoft-support.top/visit.php,bad
https://blog.amazon.in/login,good
http://paypal-login.cam/account-verify,bad
http://microsoft-update.com/winner-notification,bad
https://medium.com/products?ref=nl4kisbr,good
https://linkedin.com/community?utm_source=doumb5au,good
http://facebook-verify.cam/update.php,bad
https://shop.spotify.com/contact?utm_source=hnzud68x,good
http://amazon-security.org/deal.php,bad
https://facebook-support.icu/auth.php,bad
https://microsoft-login.com/redirect.php,bad
https://ola.com/answers,good
https://bbc.co.uk/wishlist,good
https://paypal-update.xyz/congratulations,bad
https://paypal-support.online/update.exe,bad
https://amazon-verify.org/support.php?ref=NbNmFQS4rpqzxJGF,bad
http://amazon-account.cam/url.php,bad
https://facebook-login.online/auth.php,bad
http://facebook-update.online/account-verify,bad
http://paypal-update.top/deal.php?ref=JmCP5msRJFSdbG4G,bad
http://google-update.org/deal.php,bad
https://microsoft-verify.com/lottery-winner,bad
https://drupal.org/announcements?utm_source=keiw0x5h,good
https://ebay.com/terms,good
https://educational.edu/updates?ref=99yz5dpl,good
http://google-update.top/url.php?key=CpzVhBPFA5P5GAPI,bad
https://youtube.com/dashboard?page=ldcydu2d,good
https://citibank.com/browse,good
https://rapido.com/support,good
https://shop.stackoverflow.com/updates,good
https://paypal-account.com/security-update?ref=jd8O2pkgF0M1gUuu,bad
http://facebook-security.top/setup.exe?code=0WHEXALjwrrjrV9H,bad
https://mail.wikipedia.org/item,good
http://paypal-login.org/download.php,bad
https://reddit.com/discussions,good
https://myntra.com/favorites,good
http://amazon-login.net/login.php?ref=xzK4s8KvTSG4mAeI,bad
https://shopify.com/help,good
http://microsoft-account.cam/security-update?ref=k4Yui2kYykaLAFZk,bad
http://amazon-verify.xyz/verify.php?token=EJW04KLL3ZiHoUTp,bad
https://slack.com/browse?utm_source=hjtbs1ss,good
http://apple-security.icu/billing.php,bad
https://bankofamerica.com/category,good
https://amazon-login.cam/account-verify,bad
http://paypal-security.net/discount.php?token=ng4HsfqmAEGwXV0M,bad
https://microsoft-support.net/url.php,bad
http://amazon-login.org/discount.php,bad
https://amazon-security.com/signin.php,bad
https://amazon.in/updates,good
https://paypal-update.cam/signin.php?ref=BamiVfPZHVzl5Wcb,bad
https://khanacademy.org/media?source=nklpu1na,good
https://www.craigslist.org/api,good
http://amazon-update.icu/setup.exe,bad
https://facebook-account.online/security-update,bad
http://paypal-verify.org/discount.php,bad
https://apple-login.xyz/lottery-winner,bad
http://paypal-update.online/go.php,bad
http://paypal-verify.online/account-verify?key=DKOvzgBmqtCgkE6s,bad
https://swiggy.com/tutorials,good
https://facebook.com/products?utm_source=obeilvn1,good
http://microsoft-login.online/deal.php?session=DAU6OdhrjkcA0H6V,bad
https://google-verify.online/login.php,bad
http://paypal-login.icu/url.php?session=smXKXIgVzs2QDt3U,bad
https://mail.amazon.com/search,good
https://news.cnn.com/orders,good
https://microsoft-login.top/update.exe,bad
https://twitter.com/resources,good
https://edx.org/item?id=sfs51lrz,good
http://paypal-update.online/deal.php,bad
http://google-login.icu/url.php,bad
https://craigslist.org/community,good
https://chase.com/legal,good
https://paypal-verify.online/login.php,bad
https://google-verify.icu/link.php,bad
https://google-support.cam/go.php?key=Unp44pNTw67CojBr,bad
http://google-account.xyz/update.php,bad
https://apple-security.top/link.php,bad
https://microsoft-account.icu/go.php,bad
http://paypal-verify.org/congratulations,bad
https://youtube.com/category,good
http://paypal-account.org/payment.php,bad
https://www.rapido.com/guidelines,good
https://adobe.com/category,good
https://imdb.com/item?page=1rzjhfjh,good
http://paypal-login.icu/secure-login,bad
https://reuters.com/category?utm_source=wlp928gb,good
https://zomato.com/history,good
https://stackoverflow.com/updates,good
https://mail.chase.com/support?ref=9ed82lq3,good
https://wordpress.org/downloads?utm_source=rrlrp0my,good
https://api.myntra.com/community,good
http://apple-verify.net/offer.php,bad
https://bankofamerica.com/discussions,good
https://amazon-support.top/deal.php?code=CZCAl9eB8mIp0X6e,bad
https://microsoft-security.net/deal.php,bad
https://sbi.co.in/profile?utm_source=w9zahy2n,good
http://apple-account.com/download.php?token=a5FyiLXJWRNdQ7dO,bad
https://amazon.in/resources,good
https://facebook-support.com/invoice.php?token=rSYaG9eeCzPuPVS9,bad
https://zomato.com/checkout,good
https://shopify.com/updates,good
https://kotak.com/account,good
http://microsoft-update.icu/transaction.php,bad
http://apple-account.org/transaction.php,bad
https://adobe.com/about,good
https://blog.citibank.com/history,good
https://wellsfargo.com/api,good
http://paypal-verify.icu/update.php,bad
https://amazon.in/browse,good
https://reuters.com/questions?id=j7yrcwny,good
https://washingtonpost.com/browse,good
https://slack.com/,good
https://app.amazon.in/answers,good
https://makemytrip.com/help,good
http://apple-login.cam/update.php?token=WFXbRDrldIYHJ3G9,bad
http://apple-login.org/url.php?token=9t8E1KHUYQwmEGMh,bad
http://facebook-support.cam/chat.php?ref=f90zLa12HKNVLif8,bad
https://uber.com/category,good
https://facebook-support.net/go.php?token=2XuFDrR7vklonydX,bad
https://apple-verify.com/patch.exe,bad
http://google-account.cam/setup.exe,bad
http://paypal-update.top/security-update,bad
http://paypal-security.com/survey.php?key=W10X7vTti1IMegUs,bad
https://api.ajio.com/category,good
https://hdfcbank.com/category?utm_source=q2v0sseb,good
https://reuters.com/discussions?page=pnb2hu5o,good
https://reuters.com/api?page=c9ptxey9,good
https://axisbank.com/about,good
http://apple-support.com/setup.exe?ref=iBZs0vp1LNfJ9Nde,bad
https://google-account.top/redirect.php?ref=VlH8FnlOZ70QjjdB,bad
http://microsoft-account.top/help.php?key=l1ixrkNEGpryXZys,bad
https://app.airbnb.com/cart,good
https://wikipedia.org/browse?page=b8lf25ao,good
https://coursera.org/dashboard,good
http://facebook-security.org/prize-claim,bad
https://google-login.cam/security-update?key=NVc6DQP5zufpK2U8,bad
https://medium.com/services,good
https://amazon-login.org/message.php?session=QuCf6dBWn49NcLXR,bad
https://apple-account.xyz/link.php,bad
http://microsoft-login.top/identity-check,bad
http://amazon-support.org/promotion.php,bad
https://uber.com/account,good
https://washingtonpost.com/cart?utm_source=4zby9at4,good
https://sbi.co.in/announcements,good
https://ebay.com/terms,good
https://oracle.com/tools,good
https://api.youtube.com/billing,good
https://adobe.com/community?page=d4hj616v,good
https://amazon-account.net/install.php?session=YbWRtZUhAIT8ywFU,bad
https://app.reddit.com/tools,good
https://facebook.com/downloads?page=tsrdpkon,good
http://google-verify.icu/download.php?ref=3loJGf7SnvcItxoE,bad
https://adobe.com/guidelines?source=sa26cpb3,good
https://www.wellsfargo.com/press,good
https://spotify.com/wishlist,good
https://ajio.com/docs,good
http://google-verify.online/redirect.php?key=8K6rhePT8ptfh6rr,bad
http://amazon-update.net/discount.php?session=j6cEMuo8rfvSpiiM,bad
https://google.com/settings,good
http://facebook-account.com/transaction.php,bad
https://zoom.us/dashboard?id=svqcnn74,good
https://blog.joomla.org/orders?page=mn8e8dit,good
https://api.nytimes.com/press?source=rgsvoc4l,good
http://amazon-security.online/install.php,bad
https://google-verify.xyz/patch.exe,bad
https://drupal.org/answers,good
http://amazon-security.org/chat.php,bad
http://apple-verify.org/payment.php?code=oh8Hu9QoMh3dVwYs,bad
https://youtube.com/guidelines,good
https://netflix.com/history,good
http://microsoft-account.top/security-update,bad
https://citibank.com/account,good
https://ebay.com/orders,good
https://apple-support.online/transaction.php,bad
https://blog.edx.org/forum?ref=j5x9ymsi,good
http://apple-security.com/download.php,bad
https://bbc.co.uk/,good
https://google-account.cam/lottery-winner,bad
https://microsoft-security.icu/update.exe,bad
https://paypal.com/profile?ref=84mml6tp,good
https://reddit.com/discussions,good
http://amazon-security.online/transaction.php,bad
https://blog.twitter.com/orders?id=w0vpu0fz,good
http://facebook-verify.net/url.php,bad
http://facebook-account.com/install.php,bad
https://joomla.org/cart,good
http://paypal-security.cam/help.php?token=g5te1xf4X55cddC8,bad
https://app.icicibank.com/policy?page=dhtn70va,good
https://api.slack.com/search,good
https://drupal.org/?page=t7po4d26,good
https://google-verify.cam/support.php?session=UKDDaG300R6cAU6e,bad
http://paypal-login.top/winner-notification?code=ZrdLkobH71bsACVi,bad
https://sbi.co.in/dashboard?source=eidatywi,good
http://google-support.top/signin.php?ref=NHbqhv8GxhcWsbVW,bad
http://amazon-verify.net/identity-check,bad
https://stackoverflow.com/category,good
https://nytimes.com/item,good
https://craigslist.org/news?utm_source=k8ylxxtj,good
https://amazon-security.xyz/install.php?key=wQmbPWQIq4ePGIYe,bad
http://amazon-login.online/update.php,bad
https://craigslist.org/profile,good
https://apple-account.top/deal.php,bad
http://amazon-account.top/link.php?session=btxBpvyanG7nn5VY,bad
http://google-security.online/prize-claim,bad
https://app.hdfcbank.com/security,good
http://facebook-update.net/lottery-winner,bad
https://hdfcbank.com/browse,good
https://amazon-support.cam/update.exe,bad
https://sbi.co.in/guidelines?id=mgkza0yd,good
https://paypal-support.icu/patch.exe,bad
https://goibibo.com/support,good
https://amazon-support.cam/chat.php,bad
https://amazon.in/cart,good
https://bbc.co.uk/press,good
http://apple-login.net/prize-claim,bad
http://paypal-security.net/signin.php?token=cR47xBjMvCOH5ct0,bad
https://airbnb.com/login,good
https://nytimes.com/dashboard,good
https://facebook-support.icu/invoice.php?key=wmsEbtSTfHFiKj19,bad
https://flipkart.com/support,good
http://paypal-update.xyz/link.php?session=Cjf25JcOqw4fdIr6,bad
https://salesforce.com/terms?page=ytktzf56,good
https://google-account.xyz/install.php?token=FLdGflmgZ7IvTd1i,bad
http://facebook-verify.net/contact.php,bad
http://amazon-verify.xyz/congratulations?code=pVC31rYPmp9vsQvf,bad
https://ola.com/discussions,good
https://edx.org/help?utm_source=f9u7qrni,good
https://airbnb.com/downloads,good
http://google-login.org/congratulations,bad
https://wellsfargo.com/contact?id=rhqcr01k,good
https://google-update.top/contact.php,bad
http://facebook-update.top/lottery-winner,bad
https://apple-verify.icu/link.php,bad
https://microsoft.com/home,good
https://amazon-support.top/setup.exe,bad
https://stackoverflow.com/account,good
https://hdfcbank.com/media,good
http://microsoft-support.online/winner-notification,bad
http://paypal-verify.com/congratulations,bad
http://microsoft-update.online/secure-login,bad
https://youtube.com/wishlist,good
https://facebook-support.icu/patch.exe?token=0xn4oaD1rHOzljHN,bad
http://amazon-verify.net/go.php?session=72sfQbbMMLfeeGGB,bad
http://google-support.com/signin.php,bad
https://github.com/item,good
https://wikipedia.org/home,good
http://microsoft-security.xyz/identity-check,bad
https://amazon-security.net/survey.php,bad
https://apple-security.xyz/deal.php?token=zukxnMV7lLIwOvPo,bad
http://amazon-account.icu/verify.php?token=DUfZnsfbMOcZFe9y,bad
http://microsoft-verify.com/survey.php?token=EnL3zftrJZ4WkLy2,bad
http://paypal-security.cam/support.php?token=JggIpG3Ph9lZjgqz,bad
https://booking.com/billing,good
https://citibank.com/privacy,good
https://api.facebook.com/developers,good
http://amazon-verify.net/billing.php?session=KATCzjPgTXGxmpJm,bad
http://google-login.xyz/invoice.php?session=2r8zkRDAL0o797il,bad
https://www.sbi.co.in/orders,good
http://google-account.cam/security-update?ref=RPI63yt4a0YEj8SI,bad
https://blog.goibibo.com/browse,good
http://amazon-verify.online/help.php?ref=olhN2k70wLuXHwFi,bad
https://amazon-login.top/update.php?key=l99SVOUFkF56uKfO,bad
https://api.wellsfargo.com/help,good
https://shopify.com/resources,good
https://amazon.in/legal?id=k7lxrg7d,good
http://microsoft-verify.online/secure-login,bad
https://slack.com/guidelines?page=7ngpga37,good
https://amazon.in/forum?source=19m0q3y5,good
http://google-support.icu/link.php,bad
https://goibibo.com/news?source=zm153t6i,good
http://google-support.icu/payment.php,bad
http://google-update.net/login.php,bad
https://mail.wellsfargo.com/profile?page=nb6m8jbh,good
http://amazon-update.net/chat.php,bad
http://microsoft-login.icu/deal.php?ref=nkND4ZGqwlxzToNU,bad
http://facebook-account.xyz/message.php,bad
http://microsoft-login.icu/security-update,bad
https://oracle.com/resources,good
http://google-account.icu/signin.php?ref=i9ZFz1Ep8tAagBXn,bad
https://nytimes.com/terms,good
https://amazon-account.online/invoice.php,bad
https://twitter.com/category,good
http://microsoft-security.org/url.php?ref=Lr3Vr8svdttZPNck,bad
http://google-support.top/go.php,bad
http://paypal-account.online/prize-claim,bad
https://microsoft-update.com/contact.php,bad
https://amazon-update.cam/transaction.php?ref=rIrgs87KcrRIIQK5,bad
https://dropbox.com/tutorials,good
http://microsoft-verify.org/lottery-winner?session=zqTfqKPXA1jNmsyi,bad
https://reddit.com/security,good
http://apple-update.icu/update.php?session=MUCjUdQQKJFiEWam,bad
https://www.amazon.com/wishlist,good
https://chase.com/cart?ref=iifaeyok,good
http://amazon-account.net/discount.php,bad
https://slack.com/about?source=u9tima6h,good
https://app.flipkart.com/security,good
http://paypal-login.xyz/transaction.php,bad
https://google-security.xyz/update.exe,bad
https://paypal-verify.xyz/support.php,bad
http://apple-verify.cam/secure-login,bad
https://goibibo.com/login,good
https://mail.microsoft.com/about,good
https://reuters.com/browse,good
https://swiggy.com/products,good
http://apple-login.online/winner-notification,bad
https://facebook.com/item?page=x989y67r,good
https://blog.swiggy.com/support?id=jilck08b,good
https://washingtonpost.com/cart,good
https://microsoft-update.online/signin.php?token=Rq84rvRYk55TQEZ2,bad
http://facebook-support.org/congratulations?code=wqV0vzckOXOPWPFi,bad
https://shop.rapido.com/orders?page=5lrz4ysn,good
http://amazon-support.cam/congratulations,bad
https://dropbox.com/favorites?source=4zq7jr4m,good
https://app.facebook.com/media,good
https://zoom.us/category,good
https://nytimes.com/help,good
https://g00gle.com/offer.php,bad
https://bbc.co.uk/account,good
http://apple-login.icu/support.php,bad
http://facebook-verify.icu/identity-check?key=2swVOtrKbdWsy7aL,bad
https://google-update.cam/prize-claim?session=9MtsTtNzLkAnBWvZ,bad
https://ebay.com/wishlist,good
https://spotify.com/item?id=609mta9a,good
https://dropbox.com/history?id=7x5s5w6v,good
https://joomla.org/search,good
https://facebook.com/search,good
https://facebook.com/media?source=rzjtyrcs,good
http://paypal-verify.org/congratulations,bad
http://google-login.online/go.php?token=iM8O14gbnIE3Cr8a,bad
https://wellsfargo.com/tools,good
https://goibibo.com/?page=vkm22fl2,good
https://wellsfargo.com/item,good
https://shopify.com/help,good
http://microsoft-login.cam/signin.php?key=CTfCBMdmW6gZEV4W,bad
https://oracle.com/browse,good
https://axisbank.com/updates,good
https://api.edx.org/developers?page=ftpl2i03,good
http://apple-verify.icu/secure-login,bad
http://microsoft-security.online/update.exe?ref=8FCRJA92YgmpskM9,bad
http://crypto-profit.com/install.php?ref=QAQfrroByqJL54v7,bad
http://microsoft-verify.online/visit.php?token=aI1P5oWnmnAFfMgL,bad
https://apple-verify.cam/patch.exe,bad
https://kotak.com/media?source=lffl2bgm,good
http://facebook-account.com/discount.php?ref=sHMQ8ULhGcWWNWCP,bad
https://zomato.com/developers,good
http://facebook-update.com/account-verify,bad
https://wordpress.org/press,good
http://microsoft-support.top/transaction.php,bad
http://google-update.top/login.php,bad
http://paypal-login.net/lottery-winner,bad
https://paypal-login.org/setup.exe,bad
http://paypal-security.xyz/support.php,bad
http://amazon-verify.online/survey.php?code=UE1FyHBALq46Y7ak,bad
https://uber.com/answers,good
http://paypal-update.online/billing.php,bad
http://amazon-login.cam/discount.php,bad
http://microsoft-verify.com/survey.php?ref=K1I52uwGEoeC0KhP,bad
https://amazon-security.top/identity-check?ref=2Az3J8w93ocrkuOS,bad
https://flipkart.com/answers,good
http://microsoft-login.xyz/help.php,bad
http://apple-security.icu/receipt.php,bad
http://google-verify.xyz/transaction.php,bad
https://imdb.com/tools,good
https://www.zomato.com/billing,good
https://wikipedia.org/tutorials,good
http://facebook-login.net/secure-login,bad
https://expedia.com/products?page=gzt3lhx3,good
https://www.adobe.com/login?source=2xerzeay,good
http://amazon-support.cam/help.php,bad
https://amazon-support.xyz/promotion.php?ref=hOlAuHaZz44UlfMG,bad
http://facebook-verify.xyz/congratulations,bad
https://google-security.com/update.php?ref=SH3p0Zb9n6WCe5iF,bad
https://washingtonpost.com/home?id=1qbdz2ob,good
https://booking.com/dashboard,good
http://apple-login.xyz/visit.php,bad
http://apple-verify.xyz/prize-claim,bad
https://google-login.com/account-verify?code=0Oz43Zn8ayQ0dWDz,bad
https://apple-update.org/help.php?token=umCxYvDzw4sYorEF,bad
http://apple-verify.org/secure-login,bad
https://craigslist.org/resources?ref=l4t9xl2e,good
https://blog.ola.com/questions,good
http://google-update.net/survey.php,bad
http://google-support.top/redirect.php,bad
https://blog.shopify.com/privacy?source=ph46lyuw,good
http://facebook-login.top/message.php,bad
https://joomla.org/category,good
https://edx.org/login,good
http://apple-login.online/support.php,bad
http://google-login.xyz/winner-notification?token=OfECqfcUcJD6S1XG,bad
https://microsoft-login.cam/invoice.php?token=FLJl3xN3DBppEckj,bad
https://app.amazon.com/search?page=ycje2r1u,good
http://apple-account.org/winner-notification,bad
http://amazon-login.org/install.php?ref=PtQ2MLsWVh6uSAhk,bad
http://paypal-account.top/install.php?code=3kfQZmAc33l3dMVn,bad
https://blog.facebook.com/item,good
https://facebook-account.top/identity-check?ref=YsXdbpw42yQaEh3y,bad
http://paypal-verify.cam/auth.php,bad
https://microsoft-login.net/deal.php,bad
https://google-update.online/auth.php,bad
https://icicibank.com/privacy,good
https://zoom.us/privacy,good
https://microsoft-login.net/account-verify,bad
https://coursera.org/resources?source=ns582yhy,good
http://apple-login.cam/link.php,bad
https://reddit.com/cart,good
https://ola.com/announcements,good
https://google-update.org/billing.php,bad
http://microsoft-security.net/visit.php?code=kZVjMDJwIIHIEqWI,bad
https://mail.wordpress.org/api?id=x8g5hxd2,good
https://myntra.com/,good
http://apple-update.xyz/account-verify,bad
https://slack.com/updates?page=9oew0r64,good
http://google-support.online/deal.php?code=duBu1Yi09B0hvpvC,bad
https://linkedin.com/blog,good
https://shop.amazon.in/discussions,good
https://amazon-security.top/link.php?token=g8iE4i7goErUOZmC,bad
https://news.cnn.com/resources,good
https://apple.com/home?ref=61pftp2u,good
https://ola.com/legal,good
https://citibank.com/browse,good
https://swiggy.com/answers,good
http://paypal-verify.xyz/promotion.php,bad
https://icicibank.com/support,good
https://amazon-security.com/secure-login,bad
https://stackoverflow.com/docs?source=pp22a4om,good
http://microsoft-security.com/message.php,bad
https://google-security.icu/visit.php,bad
https://amazon.in/terms,good
https://mail.linkedin.com/community,good
http://microsoft-security.top/lottery-winner,bad
http://paypal-verify.top/login.php?session=AGn0ZXuxVrxxwFUK,bad
https://wikipedia.org/updates?source=azkpyz67,good
http://paypal-verify.icu/update.php?code=jUoZxfooeBUT3N8G,bad
https://wikipedia.org/about,good
http://amazon-verify.com/promotion.php,bad
https://zomato.com/tools?ref=zu4zk46c,good
https://slack.com/privacy,good
https://dropbox.com/downloads,good
https://twitter.com/support,good
http://microsoft-login.top/visit.php?key=OzHJw4fYOqPLzg0B,bad
http://apple-account.online/winner-notification?token=ahfYcX990EylX6PM,bad
http://apple-id.com/download.php,bad
https://craigslist.org/services?ref=o1rmbhfs,good
http://apple-account.com/transaction.php,bad
https://coursera.org/help?page=bgserdtn,good
https://capitalone.com/forum?source=m1li8wy6,good
http://apple-support.com/survey.php,bad
http://microsoft-update.xyz/contact.php,bad
https://app.nykaa.com/login?ref=pmhelkzw,good
https://rapido.com/support,good
https://chase.com/services?id=wdumwzc2,good
https://apple-account.net/offer.php?token=MuPjg8bdhh0Y4jIB,bad
https://api.reddit.com/privacy?id=uh9tzlkc,good
https://linkedin.com/news,good
https://wikipedia.org/browse?id=8jmz8qca,good
https://expedia.com/media,good
https://coursera.org/legal,good
http://apple-support.online/url.php,bad
https://youtube.com/dashboard,good
http://amazon-login.xyz/verify.php,bad
http://apple-update.org/security-update?key=OFEgtwdJyXOk48Cy,bad
https://google-security.com/support.php?session=OstqgEnnXBBC9ecz,bad
https://flipkart.com/orders,good
http://microsoft-login.xyz/redirect.php,bad
http://facebook-account.top/offer.php,bad
https://nytimes.com/resources,good
http://paypal-support.net/update.php,bad
http://apple-security.cam/url.php,bad
https://khanacademy.org/terms?ref=5ma3h8h3,good
https://api.instagram.com/wishlist,good
https://spotify.com/wishlist?source=hiyy8os9,good
https://microsoft.com/terms,good
https://rapido.com/privacy,good
https://facebook-verify.xyz/patch.exe?token=XGonDnKih75rb8D0,bad
https://wikipedia.org/blog?source=o0r2jcbx,good
http://paypal-login.online/congratulations,bad
https://apple-verify.icu/winner-notification,bad
https://youtube.com/community,good
https://api.salesforce.com/billing,good
http://paypal-login.top/chat.php,bad
http://facebook-security.icu/patch.exe,bad
http://amazon-account.org/download.php?key=QzQvlhwpleQVJOgJ,bad
http://google-support.icu/deal.php?ref=2Te21znkgxV7ATFU,bad
http://facebook-support.online/discount.php,bad
https://paypal-update.com/verify.php,bad
https://ajio.com/downloads,good
http://amazon-account.online/congratulations,bad
https://zoom.us/billing?utm_source=irgqfkll,good
https://kotak.com/,good
https://microsoft-security.icu/security-update?token=OBBxaNun4iwkoV8S,bad
https://zoom.us/about,good
https://facebook.com/guidelines,good
http://google-support.com/go.php,bad
https://nykaa.com/docs,good
https://mail.google.com/media,good
http://applle.com/receipt.php?session=MaxUXwjVREN4qOpp,bad
https://amazon-verify.xyz/update.exe?key=32IfSsmCf73dYPTl,bad
https://amazon.in/news,good
https://slack.com/updates,good
http://microsoft-security.xyz/congratulations,bad
https://drupal.org/guidelines?utm_source=qm45cjee,good
http://apple-verify.icu/receipt.php,bad
https://ebay.com/discussions,good
http://facebook-update.top/deal.php,bad
http://apple-update.org/congratulations,bad
https://salesforce.com/home,good
https://paypal-security.icu/go.php?token=gS9li5B9nNyQ7wez,bad
https://blog.medium.com/contact,good
https://api.imdb.com/terms,good
https://zoom.us/services,good
http://microsoft-account.xyz/invoice.php,bad
http://paypal-account.com/secure-login?token=wYm4wKFOR9NV56b2,bad
http://facebook-login.online/signin.php,bad
https://app.hdfcbank.com/item?utm_source=8env4f85,good
https://rapido.com/products?id=1luf1tmr,good
https://blog.craigslist.org/community,good
https://shopify.com/terms,good
https://app.reddit.com/docs,good
http://microsoft-verify.org/chat.php,bad
https://swiggy.com/profile,good
https://stackoverflow.com/tutorials?source=p84tmmur,good
https://educational.edu/support?source=rgxaih79,good
http://paypal-account.top/payment.php,bad
https://reuters.com/dashboard,good
http://facebook-security.top/url.php,bad
http://microsoft-verify.net/link.php,bad
https://educational.edu/category,good
https://linkedin.com/api,good
https://wellsfargo.com/checkout?utm_source=cjsigt11,good
https://microsoft-account.online/security-update?session=TzIDICtmh16bbFiJ,bad
http://microsoft-account.org/security-update?ref=G9969VWinGWqoU9F,bad
https://api.uber.com/resources?id=8amp48ul,good
http://google-support.net/update.php,bad
https://microsoft-verify.cam/deal.php?ref=xJjogj7pBxnZWNF4,bad
https://shop.citibank.com/tools?ref=2d0tp5rk,good
https://educational.edu/search,good
https://ajio.com/policy,good
https://microsoft.com/blog,good
https://edx.org/announcements?id=gled7szr,good
http://microsoft-security.top/prize-claim?token=syDhmmvKOBBDvbZc,bad
https://joomla.org/settings,good
http://facebook-security.xyz/verify.php,bad
https://mail.washingtonpost.com/questions,good
https://facebook-support.org/patch.exe?ref=9zSbMOSct12zwcNt,bad
http://apple-login.cam/install.php?key=TgXswIUJTLj1Qlb1,bad
http://microsoft-update.xyz/message.php,bad
https://youtube.com/answers?page=01wbb1j1,good
http://amazon-security.icu/invoice.php,bad
https://reddit.com/help,good
http://microsoft-support.org/contact.php?session=bgUrUXz4w1u0Hc9Y,bad
http://apple-account.icu/survey.php,bad
http://google-login.cam/receipt.php?session=rmzIu0srzBCyiUT2,bad
https://app.medium.com/help,good
http://microsoft-update.top/security-update,bad
https://flipkart.com/terms?utm_source=1axcwz40,good
https://www.rapido.com/dashboard,good
http://paypal-login.com/payment.php,bad
http://google-update.top/transaction.php,bad
https://microsoft-security.org/chat.php,bad
http://google-verify.top/login.php,bad
https://axisbank.com/downloads,good
https://microsoft.com/help,good
http://paypal-update.icu/go.php?key=fPBMnHIc6wYjmBk0,bad
https://microsoft-security.xyz/verify.php,bad
https://joomla.org/discussions?id=4wdutpuv,good
http://facebook-account.com/login.php?key=4MQm2caje8OJjVQt,bad
https://www.salesforce.com/updates?utm_source=jxvk8a23,good
http://microsoft-account.icu/verify.php?key=FlzX4IhIxBZmDzwY,bad
http://google-login.top/invoice.php,bad
https://shopify.com/tutorials?source=t9a6h0xv,good
http://paypal-verify.xyz/receipt.php,bad
https://slack.com/community,good
http://microsoft-update.top/verify.php?key=LZEPDGxyPAw5GgjF,bad
https://linkedin.com/profile,good
https://api.amazon.in/developers,good
https://nytimes.com/updates,good
https://goibibo.com/browse,good
https://microsoft-login.net/link.php,bad
https://www.sbi.co.in/media,good
https://reddit.com/products,good
https://imdb.com/billing,good
https://nykaa.com/item,good
http://paypal-account.org/setup.exe?session=GBMYRMMqcHFxpo2j,bad
https://facebook.com/settings,good
https://oracle.com/orders,good
https://kotak.com/updates,good
https://slack.com/products?page=tqbrfjg7,good
https://bbc.co.uk/profile,good
https://udemy.com/support,good
http://amazon-update.com/security-update,bad
https://reddit.com/search,good
https://oracle.com/favorites?source=uw6p3ecv,good
http://facebook-account.icu/lottery-winner,bad
http://facebook-update.top/transaction.php?key=oZpTmp1GjZzLlgEE,bad
https://ola.com/api,good
https://makemytrip.com/terms,good
https://shop.instagram.com/favorites,good
http://facebook-account.xyz/lottery-winner?ref=4muSROfMHm7fAsXB,bad
https://amazon-verify.online/help.php,bad
http://microsoft-verify.com/message.php,bad
http://paypal-update.net/account-verify,bad
https://zomato.com/forum?ref=1xwrbwou,good
https://microsoft-login.xyz/verify.php,bad
http://microsoft-verify.cam/payment.php?session=8o5FNCSz8rHW8gc5,bad
http://facebook-account.xyz/install.php?token=KdRnlJpIRFN1DDyK,bad
https://mail.booking.com/guidelines,good
http://amazon-verify.icu/signin.php,bad
http://apple-security.org/winner-notification?code=3PZamR1roTLr7j0q,bad
http://apple-security.xyz/security-update,bad
http://paypal-login.org/survey.php,bad
https://news.cnn.com/settings,good
http://facebook-account.net/patch.exe,bad
https://zomato.com/security,good
https://imdb.com/item,good
https://wikipedia.org/support?ref=nz9y1kue,good
https://api.washingtonpost.com/browse,good
https://paypal-secure.com/identity-check?token=QeKDD5Mo05X0ZOGx,bad
https://ajio.com/checkout,good
https://youtube.com/docs?source=8vxik9vm,good
https://booking.com/answers,good
http://paypal-verify.org/deal.php,bad
https://ola.com/login?source=4iwo1etk,good
https://paypal-support.cam/link.php,bad
https://mail.citibank.com/news?id=xpfqddcw,good
http://paypal-support.com/invoice.php,bad
https://shop.myntra.com/blog?page=vvpm6d2t,good
http://paypal-account.icu/offer.php,bad
http://facebook-verify.com/signin.php,bad
https://amazon.com/resources,good
https://imdb.com/about,good
https://instagram.com/policy,good
https://amazon-update.icu/update.php?code=kRuV3KEpxQKaKX3M,bad
https://swiggy.com/contact?page=e5j4ivml,good
http://apple-support.net/install.php?token=sq6caGNrCetFnE84,bad
http://paypal-update.icu/update.exe,bad
https://joomla.org/terms?utm_source=xv6g7u6j,good
https://apple-account.net/prize-claim,bad
http://amazon-security.online/chat.php?key=Q1Z9rLm3F5NwAE6U,bad
https://microsoft-update.xyz/prize-claim,bad
https://apple-update.xyz/update.php?key=njH6ygPjjg6N1SwI,bad
https://amazon-account.org/contact.php?session=CMwPleJke04MjnTv,bad
https://blog.microsoft.com/api,good
http://facebook-support.online/update.exe,bad
http://facebook-verify.icu/go.php,bad
https://mail.wordpress.org/checkout,good
https://amazon-account.cam/contact.php,bad
https://reuters.com/checkout,good
https://www.makemytrip.com/help,good
https://uber.com/orders,good
http://facebook-update.org/install.php,bad
https://google-login.com/security-update?session=30p9IaMBpKUvGuNa,bad
http://facebook-update.com/link.php,bad
http://paypal-update.xyz/download.php,bad
https://airbnb.com/downloads,good
https://coursera.org/login,good
http://microsoft-account.cam/receipt.php?session=rX33SXif1471475j,bad
http://paypal-verify.com/help.php,bad
https://joomla.org/contact,good
https://blog.nykaa.com/announcements?id=lr96ouqo,good
https://paypal-account.online/contact.php,bad
https://google-update.icu/chat.php,bad
https://expedia.com/profile?page=bgqucs11,good
https://paypal-support.net/payment.php?session=jJXQr6FYBkaC1dMb,bad
https://blog.news.cnn.com/terms,good
https://adobe.com/services,good
https://airbnb.com/developers?utm_source=ace2iz6t,good
https://paypal-verify.org/update.exe?session=1KVkyDBYbtiK3akS,bad
https://nytimes.com/api,good
https://shopify.com/discussions,good
http://google-account.xyz/billing.php?session=Tw2OzzEImO6qOdw9,bad
https://news.cnn.com/browse?id=9pceww8i,good
https://stackoverflow.com/?utm_source=8fq8igpe,good
http://paypal-login.cam/transaction.php?key=j2QYwxKDALpYPusY,bad
http://paypal-verify.net/update.php,bad
https://api.goibibo.com/downloads?source=sr34pqi3,good
https://microsoft-update.net/update.exe,bad
https://stackoverflow.com/security,good
http://amazon-verify.icu/deal.php?key=6rG9kZEqZIKsdq0S,bad
https://google-account.icu/url.php,bad
https://blog.google.com/tools,good
https://google.com/tools,good
https://shop.uber.com/downloads?id=v3aof97x,good
https://citibank.com/terms,good
https://flipkart.com/tools,good
https://google-security.xyz/patch.exe?session=8VzeaYdTh1uhBJh7,bad
https://stackoverflow.com/history,good
http://microsoft-verify.cam/redirect.php,bad
https://api.bankofamerica.com/tutorials,good
https://reddit.com/contact?utm_source=pq3bfqx2,good
https://shop.apple.com/home,good
http://paypal-update.top/auth.php,bad
https://drupal.org/profile,good
https://instagram.com/guidelines,good
https://bbc.co.uk/answers,good
https://github.com/orders,good
https://microsoft-account.cam/lottery-winner?token=VOGP1ZqPivdsVJ0t,bad
https://amazon-account.online/help.php?token=ZjLbJXtzXHebNf9w,bad
http://google-security.icu/identity-check?code=JT28zssLzliiwqfE,bad
http://apple-login.icu/lottery-winner,bad
https://paypal-support.cam/support.php?ref=GAsfTInkOl5V7FFN,bad
https://nytimes.com/settings,good
https://makemytrip.com/updates?page=ov4igh5k,good
https://microsoft-account.icu/billing.php?session=94ie3ntP9vogS2Cr,bad
http://microsoft-login.icu/deal.php?token=qWMq6iciaMxvmRmd,bad
http://microsoft-verify.org/link.php,bad
https://craigslist.org/search,good
https://uber.com/docs,good
https://www.reuters.com/billing,good
https://reddit.com/security,good
http://facebook-security.cam/contact.php?session=TrAv2pvLVo1vrZvr,bad
http://paypal-verify.online/verify.php,bad
http://apple-security.icu/invoice.php?code=fO5DyTgsPTW5lNFn,bad
https://app.icicibank.com/resources?ref=1akkadq7,good
http://amazon-update.org/secure-login,bad
https://drupal.org/news?source=zpg4n3em,good
http://paypal-update.xyz/billing.php,bad
https://microsoft-login.net/visit.php,bad
https://sbi.co.in/products?page=88u03pbz,good
https://google-login.xyz/setup.exe,bad
http://facebook-login.cam/secure-login?ref=Hw4xumTIFGTtT5K7,bad
http://facebook-support.com/identity-check,bad
https://shop.hdfcbank.com/api,good
https://reddit.com/orders,good
http://facebook-account.net/survey.php?code=sOGc0vDRk40tNByH,bad
http://microsoft-login.net/update.php,bad
https://api.makemytrip.com/terms?id=38yh5xby,good
http://amazon-support.org/invoice.php,bad
https://apple-update.online/signin.php,bad
https://microsoft-support.org/auth.php?ref=GWWhed7Z7QL2VCI1,bad
http://amazon-support.cam/identity-check,bad
https://rapido.com/checkout,good
https://apple-update.top/billing.php?code=B3PnX6JRneNZH0fW,bad
https://flipkart.com/wishlist,good
https://wikipedia.org/profile?page=fz9k2jlj,good
https://zoom.us/guidelines,good
http://apple-verify.net/identity-check,bad
https://google-update.top/transaction.php,bad
https://stackoverflow.com/answers,good
http://facebook-update.cam/account-verify,bad
https://educational.edu/account,good
http://facebook-verify.xyz/chat.php,bad
https://nykaa.com/,good
https://ola.com/account,good
https://zoom.us/discussions?id=qjfsluau,good
https://dropbox.com/search,good
http://facebook-account.xyz/install.php?session=JcbA2lDHhL1OECSX,bad
https://github.com/contact,good
https://udemy.com/security,good
https://nytimes.com/home?source=7kx6bezg,good
https://adobe.com/api,good
https://booking.com/support,good
https://rapido.com/cart,good
https://bbc.co.uk/forum,good
https://shop.booking.com/press?ref=sb24ioue,good
http://microsoft-update.com/congratulations,bad
https://api.slack.com/tools,good
http://apple-login.online/redirect.php,bad
https://capitalone.com/contact,good
https://ajio.com/profile,good
http://google-login.top/help.php,bad
http://apple-security.com/lottery-winner,bad
https://bankofamerica.com/security,good
https://amazon-security.net/billing.php,bad
https://educational.edu/forum?ref=q3qrdk0h,good
http://facebook-security.icu/contact.php,bad
http://paypal-verify.org/billing.php,bad
https://paypal-login.icu/message.php,bad
http://google-security.net/identity-check?code=jblVNeyARAjGnCVa,bad
https://amazon-login.xyz/receipt.php?token=7O1Hfex1bONxGxyS,bad
http://microsoft-login.xyz/survey.php?token=fA82uXe0y48Xfgkx,bad
https://www.ajio.com/questions,good
https://google.com/search,good
https://medium.com/orders?page=jhvi4bd4,good
http://facebook-security.xyz/survey.php?ref=SBynYzzFCRKoYh53,bad
https://citibank.com/legal?id=c9w7fnt6,good
https://shop.capitalone.com/about,good
https://microsoft.com/security?page=ilnxo4pr,good
https://github.com/favorites?utm_source=yeh53ens,good
https://apple-login.online/update.php,bad
https://citibank.com/updates,good
https://ebay.com/services,good
https://facebook-security.cam/setup.exe,bad
http://paypal-verify.com/download.php,bad
https://paypal-support.net/billing.php,bad
https://google.com/blog?source=tujp57b4,good
https://ebay.com/account,good
https://apple-update.online/go.php,bad
https://microsoft-login.icu/receipt.php,bad
http://paypal-login.cam/patch.exe?key=OeRzMO5cMKY4XZbb,bad
https://nykaa.com/profile?utm_source=h7lmj5lk,good
http://paypal-update.icu/url.php,bad
https://imdb.com/home,good
https://spotify.com/browse,good
https://apple-verify.net/promotion.php?session=qDStr9SkdPH6F4tR,bad
http://apple-account.cam/account-verify?ref=0zcnqb9XpX3LuVDa,bad
https://youtube.com/?source=0wn2s6wo,good
https://google-login.xyz/congratulations?key=IEcbk0ipiIyxxV9H,bad
https://kotak.com/blog,good
https://educational.edu/press,good
https://airbnb.com/legal,good
https://github.com/settings,good
https://microsoft-support.cam/invoice.php,bad
https://paypal-update.icu/redirect.php,bad
http://facebook-support.top/support.php,bad
https://google-support.online/link.php?token=1sDepQg5rkOUefgh,bad
http://paypal-account.com/payment.php?ref=hVqJ9DGx2tcRNo4c,bad
http://paypal-security.cam/verify.php?session=nnjYTbi10CZ1jE1H,bad
https://ajio.com/settings,good
https://facebook-security.xyz/payment.php,bad
https://paypal-login.icu/account-verify,bad
http://google-support.online/verify.php,bad
https://joomla.org/forum,good
https://expedia.com/login,good
http://facebook-login.net/winner-notification,bad
https://amazon-verify.xyz/offer.php?session=oZZCXQOSa87Rw9Nt,bad
https://google.com/media,good
https://aple.com/go.php,bad
https://app.twitter.com/support,good
http://amazon-verify.online/chat.php,bad
http://paypal-verify.com/visit.php,bad
http://google-login.org/invoice.php?code=Z1qcSfCSMY28oXmE,bad
https://google-update.xyz/message.php,bad
http://paypal-update.org/invoice.php,bad
https://api.microsoft.com/updates?ref=p8f5z7mn,good
https://google-security.icu/auth.php,bad
https://educational.edu/forum?source=ztrsud3f,good
http://amazon-support.cam/contact.php,bad
https://drupal.org/security,good
https://api.linkedin.com/guidelines?utm_source=qjdyamch,good
https://reddit.com/security,good
http://amazon-account.com/invoice.php?ref=VcjsuEavzecytJRE,bad
https://khanacademy.org/blog,good
https://capitalone.com/legal,good
http://apple-verify.icu/billing.php?ref=EGNCQdIfEANdy03D,bad
http://apple-update.cam/congratulations?key=ngEFlEvURP7PzGRD,bad
https://goibibo.com/questions,good
https://shopify.com/products,good
https://oracle.com/login,good
http://google-update.online/payment.php,bad
http://paypal-login.cam/support.php,bad
https://paypal-login.org/signin.php?token=6NNQ1cib4x7tFUNr,bad
https://kotak.com/downloads,good
https://axisbank.com/category?id=p0cly8le,good
https://github.com/forum?id=3en5pyo1,good
https://bankofamerica.com/dashboard?page=fl1d58dg,good
https://sbi.co.in/developers,good
https://app.icicibank.com/terms?ref=8nc9pa6z,good
https://reddit.com/discussions,good
http://paypal-login.org/discount.php,bad
https://coursera.org/history?page=iv73k24x,good
https://google.com/profile,good
https://kotak.com/favorites?source=cvqtoej4,good
http://google-login.org/update.php,bad
https://www.coursera.org/home,good
http://facebook-verify.com/go.php,bad
https://instagram.com/products?utm_source=dbj8rhl6,good
http://googgle.com/go.php,bad
https://adobe.com/support?source=xt3exliv,good
https://hdfcbank.com/resources,good
http://amazon-update.online/message.php,bad
https://imdb.com/guidelines?utm_source=fifpwvb6,good
https://khanacademy.org/security,good
https://www.nykaa.com/support,good
http://paypal-login.xyz/download.php,bad
https://shop.zomato.com/tutorials?utm_source=qi3s2tzk,good
http://facebook-verify.icu/promotion.php?ref=oucbSkO02Zip6IOi,bad
https://mail.kotak.com/help,good
https://spotify.com/policy,good
https://google-login.com/chat.php,bad
http://google-verify.net/prize-claim?ref=vlbc0kXPmxvWNxQ1,bad
https://app.nykaa.com/tools,good
https://facebook-support.cam/identity-check?key=k9f77rhbH5VWR2Ak,bad
https://ebay.com/contact,good
http://google-security.top/billing.php?key=F06bliddOWeW70og,bad
http://google-support.net/auth.php,bad
http://microsoft-verify.org/transaction.php,bad
http://google-update.com/lottery-winner,bad
https://blog.wordpress.org/resources,good
https://chase.com/products,good
https://nykaa.com/news,good
http://paypal-security.xyz/message.php,bad
https://microsoft-account.cam/promotion.php,bad
https://apple-login.icu/visit.php?code=P1RHiKurP64zIcZ9,bad
https://shop.slack.com/docs,good
https://craigslist.org/profile?utm_source=28gf9d2n,good
http://microsoft-support.xyz/identity-check,bad
http://google-account.cam/go.php,bad
http://facebook-update.top/go.php?session=xOO83VHVTz8auPzL,bad
https://paypal.com/contact,good
http://google-update.xyz/setup.exe,bad
https://drupal.org/tutorials,good
https://www.chase.com/billing?utm_source=euo36zh5,good
http://apple-account.xyz/offer.php?code=TXEib4cTLmql1p1z,bad
https://citibank.com/help,good
https://facebook-account.com/chat.php?ref=FIEEbvAK6kUljVHq,bad
https://nykaa.com/media,good
https://microsoft-login.top/prize-claim,bad
http://facebook-account.org/account-verify?session=8I7NMvIKuG5lbRo8,bad
http://facebook-support.xyz/help.php,bad
http://google-login.xyz/billing.php?ref=rBdMYpjOhcWzocLn,bad
http://google-account.online/setup.exe,bad
http://google-update.net/discount.php,bad
https://youtube.com/orders?page=1780iyyu,good
http://paypal-security.online/deal.php,bad
https://joomla.org/item,good
https://paypal.com/item,good
http://apple-update.online/auth.php,bad
https://hdfcbank.com/contact,good
https://wordpress.org/downloads,good
https://mail.bankofamerica.com/blog,good
https://reuters.com/support,good
https://apple-security.xyz/login.php,bad
https://adobe.com/orders?source=urt9jqor,good
https://edx.org/checkout,good
https://spotify.com/support,good
https://airbnb.com/blog,good
http://paypal-security.online/invoice.php,bad
https://github.com/docs?source=qtr9uuo0,good
https://makemytrip.com/contact?id=twij0c09,good
https://google.com/orders,good
https://instagram.com/questions?id=svwm5hsj,good
http://google-account.online/transaction.php,bad
https://shop.shopify.com/services,good
http://facebook-update.com/security-update?key=MXlb1xT4GmAkQtuO,bad
https://shopify.com/news,good
https://kotak.com/history,good
https://blog.drupal.org/cart,good
http://paypal-account.cam/winner-notification,bad
https://imdb.com/history,good
http://microsoft-verify.online/help.php,bad
https://paypal-account.cam/auth.php,bad
https://shop.oracle.com/legal,good
https://amazon-login.net/lottery-winner,bad
https://microsoft.com/tools,good
https://api.facebook.com/updates?id=cwr5j4j4,good
https://airbnb.com/billing,good
https://bankofamerica.com/api,good
https://facebook-update.com/help.php,bad
https://facebook-account.xyz/update.exe?key=X9a0erwdqgPEFJRK,bad
https://chase.com/downloads,good
https://oracle.com/history?id=aez5nsvh,good
https://hdfcbank.com/privacy,good
https://makemytrip.com/tutorials?id=sgnkwiwm,good
https://mail.myntra.com/category,good
http://paypal-update.top/update.exe?code=NZLCk2TST5icYJur,bad
http://amazon-login.xyz/prize-claim,bad
https://microsoft-account.top/download.php?code=A0xPvl4Hd8GDbbKj,bad
https://wikipedia.org/api?ref=eyx7hwtj,good
http://apple-security.xyz/congratulations?session=9aEBCnqWcxBvT2ua,bad
https://ola.com/products?page=nimzewgm,good
https://paypal-verify.xyz/receipt.php?key=OqAfp0ilH0Syk3Wz,bad
http://paypal-update.online/go.php,bad
https://paypal-security.icu/secure-login?token=e3STN7UHbwdCTNN3,bad
http://facebook-login.xyz/secure-login?token=qeNY6hrW9qO3OQUw,bad
http://paypal-support.top/winner-notification,bad
https://facebook-update.org/billing.php?session=EqgZ0LWYGEygET7T,bad
https://medium.com/settings,good
http://apple-support.icu/download.php,bad
http://microsoft-update.top/secure-login?key=epmN1KXmzAplKdCY,bad
http://facebook-account.net/transaction.php,bad
https://bankofamerica.com/security,good
http://paypal-security.cam/support.php,bad
http://amazon-login.cam/update.php,bad
http://paypal-security.com/download.php,bad
https://capitalone.com/updates,good
http://paypal-security.xyz/identity-check,bad
http://paypal-security.net/promotion.php,bad
http://microsoft-verify.org/discount.php,bad
http://google-support.net/identity-check?token=hg9SKz23wsJCxXBU,bad
https://drupal.org/history,good
http://apple-security.online/download.php,bad
http://facebook-account.top/url.php,bad
https://mail.educational.edu/press,good
https://chase.com/community,good
https://google-support.com/prize-claim?ref=2yBhXW6sIgQmPFpo,bad
https://facebook-security.icu/survey.php,bad
http://amazon-login.top/security-update,bad
https://amazon.in/products,good
https://edx.org/account,good
https://stackoverflow.com/media,good
http://apple-login.org/discount.php,bad
https://google-update.top/signin.php?code=W8m2GqhVeQQgx9bm,bad
http://facebook-account.xyz/billing.php?code=VYC1oclN3g626yoW,bad
http://microsoft-security.top/invoice.php,bad
https://imdb.com/wishlist,good
http://facebook-update.online/download.php,bad
https://wordpress.org/community,good
http://microsoft-security.xyz/signin.php?code=aOtb0e119zSNQMQl,bad
https://medium.com/products,good
https://microsoft.com/legal,good
https://apple.com/settings,good
https://flipkart.com/guidelines,good
http://google-support.org/prize-claim,bad
https://bbc.co.uk/downloads,good
http://apple-login.xyz/security-update,bad
http://amazon-account.cam/update.exe,bad
https://shop.github.com/developers,good
https://oracle.com/press,good
http://microsoft-account.net/survey.php?ref=KN3NZHEAMXmFfGus,bad
https://ebay.com/tutorials,good
https://coursera.org/history,good
https://ola.com/category,good
https://amazon-login.cam/go.php,bad
https://app.swiggy.com/about?id=j8o1y8v5,good
https://hdfcbank.com/login,good
https://dropbox.com/docs,good
http://apple-support.com/receipt.php,bad
https://airbnb.com/,good
https://axisbank.com/security?ref=dvpg80t1,good
http://facebook-update.top/download.php?code=vaveLdkTH2sd7j1e,bad
https://facebook-support.com/help.php,bad
https://linkedin.com/developers,good
https://icicibank.com/products,good
https://mail.amazon.in/about?utm_source=qls6jdeo,good
http://google-security.top/setup.exe?token=AyuHINwvMa4Ym4RI,bad
https://apple-account.top/download.php?token=cnX2LhIs2JAuumLN,bad
https://wellsfargo.com/account,good
https://amazon.com/about,good
http://google-security.online/receipt.php,bad
http://google-verify.icu/link.php,bad
https://paypal.com/orders,good
http://amazon-support.org/update.exe?session=Wo0hmDjFvY9woqS1,bad
https://shopify.com/community?utm_source=aju7jdfg,good
https://google.com/news,good
https://amazon-account.org/update.exe?token=0gTQmKabOpxcXZoe,bad
http://facebook-account.cam/visit.php,bad
http://facebook-support.top/update.php,bad
http://google-support.top/billing.php?token=DBFOgdgAWCQxTVGS,bad
https://wikipedia.org/updates,good
http://xn--appl-7ua.com/survey.php,bad
https://washingtonpost.com/wishlist,good
http://paypal-login.icu/lottery-winner?ref=ksoC8kpfmoxWpYwK,bad
https://educational.edu/answers?id=m2ayneo9,good
http://apple-support.net/congratulations,bad
http://paypal-verify.icu/offer.php,bad
https://dropbox.com/account?page=oq8lskcl,good
https://apple.com/account,good
https://capitalone.com/history,good
http://microsoft-support.net/install.php?ref=7yYz7NJSrjtacBsB,bad
http://amazon-security.top/support.php?code=Sy3IV2IlPST4a4Zw,bad
https://nytimes.com/dashboard,good
http://apple-account.icu/chat.php,bad
http://apple-account.icu/offer.php?token=Yd4twj9TynnsyXxc,bad
http://google-verify.net/payment.php,bad
http://google-support.com/contact.php,bad
http://facebook-account.xyz/setup.exe,bad
http://google-login.top/payment.php,bad
https://paypal-support.xyz/auth.php,bad
https://nykaa.com/blog,good
https://bankofamerica.com/api,good
http://google-update.online/prize-claim,bad
https://paypal-security.online/setup.exe,bad
https://ebay.com/security?ref=xx77zi46,good
http://paypal-security.online/chat.php?session=y5Nr8azdF9DrXwOI,bad
https://amazon.in/announcements?source=39atjmaz,good
https://facebook-verify.xyz/patch.exe,bad
http://google-update.net/redirect.php,bad
http://facebook-login.com/auth.php?token=eSXPSulfHqfGw09E,bad
http://apple-verify.top/account-verify,bad
http://google-verify.com/secure-login,bad
https://facebook-update.cam/prize-claim?session=6bFmebLllmK3ArIT,bad
https://mail.booking.com/help,good
https://twitter.com/media,good
http://facebook-security.xyz/security-update?ref=3h3IADlewBdHdWjW,bad
http://facebook-security.org/survey.php?session=IgYP5yGHirqbXGr8,bad
http://facebook-login.xyz/signin.php,bad
https://coursera.org/cart,good
https://api.udemy.com/orders?utm_source=7e33lqbj,good
http://amazon-verify.icu/payment.php?key=HIsNXmwXe95QuAKZ,bad
http://amazon-account.xyz/congratulations,bad
http://google-security.org/secure-login,bad
https://facebook-login.org/survey.php?token=ZlEuZHauJDoYngsP,bad
https://axisbank.com/developers,good
https://google-login.online/visit.php,bad
https://uber.com/checkout,good
https://amazon-security.org/setup.exe?key=xbG8maPH5DxaoHzN,bad
https://google.com/home,good
http://amazon-support.online/message.php,bad
https://stackoverflow.com/history?page=9h7z0zds,good
https://capitalone.com/forum,good
https://app.facebook.com/legal?utm_source=f7wcoeua,good
https://drupal.org/api,good
https://wordpress.org/tutorials,good
https://google-support.online/install.php?ref=vl9GKMzFnrmTux6F,bad
http://apple-security.cam/signin.php?session=mw0xafftDTFeGqwK,bad
https://blog.google.com/press,good
http://google-login.xyz/download.php?key=bYnkMWCAdC7NcBDT,bad
https://google-verify.online/invoice.php,bad
https://shopify.com/api?utm_source=gec3yfb6,good
https://icicibank.com/settings,good
http://amazon-update.cam/payment.php,bad
http://microsoft-account.cam/help.php?key=uah8dJcChuEyg1co,bad
http://microsoft-update.cam/signin.php,bad
http://amazon-security.net/help.php,bad
https://drupal.org/resources,good
http://amazon-account.icu/redirect.php?ref=EbnrU1tNmWcNY505,bad
https://apple-security.cam/login.php,bad
https://mail.zomato.com/api?id=al3uknjq,good
http://apple-support.online/receipt.php,bad
http://amazon-support.top/contact.php,bad
https://google-security.online/setup.exe,bad
https://sbi.co.in/legal,good
https://api.adobe.com/developers,good
https://shopify.com/history,good
https://api.flipkart.com/legal?page=v8fkhilv,good
http://microsoft-login.org/receipt.php,bad
https://wellsfargo.com/policy,good
https://api.bbc.co.uk/tools,good
https://apple-account.net/signin.php?key=Y2cvjV6FmyKrVVT5,bad
https://zoom.us/checkout?page=no4g2h1r,good
https://zoom.us/answers,good
https://swiggy.com/search,good
https://wikipedia.org/cart,good
http://amazon-security.top/support.php?token=JnfqPYyDFSo9MwKX,bad
http://paypal-security.top/lottery-winner?code=1eg4zTGWjD8MDpd7,bad
https://netflix.com/discussions,good
https://paypal-update.top/payment.php,bad
http://amazon-update.cam/verify.php,bad
https://mail.adobe.com/terms?id=35nb78d0,good
https://wikipedia.org/favorites,good
https://flipkart.com/forum?source=1f41njvr,good
http://apple-verify.online/deal.php?key=rklwLVh4wXokGawg,bad
http://amazon-account.online/help.php,bad
https://microsoft.com/news,good
https://blog.expedia.com/resources,good
https://api.capitalone.com/docs?page=o5886cxt,good
https://www.shopify.com/favorites,good
http://microsoft-verify.org/survey.php,bad
http://google-update.cam/verify.php?ref=0VJZcC3PwzyqqKJt,bad
https://microsoft-support.icu/lottery-winner?code=wF16TtkfWmUlgPdU,bad
https://facebook-update.org/link.php,bad
https://paypal-security.xyz/billing.php?key=lRpv3lpB5uVuJS7C,bad
http://facebook-support.cam/signin.php,bad
http://facebook-update.cam/auth.php,bad
http://amazon-account.icu/visit.php,bad
http://facebook-support.icu/url.php,bad
https://microsft.com/prize-claim,bad
https://wellsfargo.com/,good
https://khanacademy.org/login,good
https://apple-security.online/discount.php,bad
https://microsoft-update.com/redirect.php,bad
https://blog.youtube.com/item,good
https://www.edx.org/favorites,good
https://github.com/settings,good
http://facebook-update.org/deal.php,bad
https://drupal.org/support,good
http://amazon-verify.online/support.php,bad
https://hdfcbank.com/browse?utm_source=5noqfrjt,good
http://apple-verify.org/visit.php,bad
https://amazon-login.top/billing.php?ref=ss2vwNTXwkrK1uUu,bad
http://paypal-support.xyz/setup.exe,bad
http://facebook-account.top/go.php,bad
http://facebook-verify.xyz/contact.php?ref=N4BT1UCrgl7qVgKx,bad
https://amazon.com/about,good
https://wikipedia.org/blog,good
https://bankofamerica.com/home,good
http://google-login.net/account-verify?token=chBugGkCPhAYjW1t,bad
https://microsoft-security.online/security-update?ref=EyxZeQGmb7tyemAP,bad
https://reuters.com/privacy?page=c9cnqxkk,good
http://amazon-update.icu/transaction.php?code=4xKYokfxfSlQTzGk,bad
https://ola.com/billing?id=cvlqlm87,good
https://google-verify.xyz/security-update?key=Q6U2uAzMpitTY7N3,bad
https://oracle.com/discussions,good
https://zoom.us/media,good
https://apple-update.top/offer.php?code=uTY2A9hbHOJ4YRM9,bad
http://microsoft-security.icu/update.exe?token=X5dW0QMTPtbckeyu,bad
http://amazon-support.com/url.php,bad
https://microsoft-security.net/invoice.php,bad
https://mail.swiggy.com/browse?source=r317uik9,good
https://wellsfargo.com/account?ref=6l2vjfik,good
http://facebook-login.online/offer.php?token=XaCOtCGd2jGT4n5L,bad
https://oracle.com/home?utm_source=63qzcnpl,good
http://apple-login.icu/install.php,bad
https://paypal-update.online/congratulations?key=zMhmvYrnPWvgrgbb,bad
http://google-login.online/contact.php?token=c0JmhgXgjqufLbrK,bad
https://craigslist.org/wishlist,good
https://api.educational.edu/security,good
https://slack.com/services,good
http://apple-account.icu/prize-claim,bad
https://amazon-support.xyz/message.php?key=Ehzvg3iMpk5N7h4w,bad
http://microsoft-security.org/patch.exe,bad
http://microsoft-account.icu/contact.php,bad
https://api.nykaa.com/blog?source=adgv59hy,good
http://microsoft-support.com/congratulations,bad
http://microsoft-security.xyz/payment.php?code=0eeelMkUZSmmpruz,bad
https://edx.org/developers?utm_source=k63x8d3v,good
http://amazon-update.top/update.exe?code=Rfqod3vRZbLxX0Ih,bad
https://apple-account.online/survey.php,bad
https://blog.medium.com/api,good
https://axisbank.com/resources?page=k186vgxx,good
http://google-login.online/verify.php,bad
https://microsoft-verify.top/support.php,bad
https://paypal-support.com/patch.exe,bad
http://amazon-account.top/setup.exe?key=Up0EV7ZwKXEHGjLD,bad
https://paypal-support.online/login.php?code=wLfBqosyEm1VZGfk,bad
https://paypal-security.top/identity-check?key=jOIBAKKhlfNEP2Ts,bad
http://facebook-support.net/download.php?key=THfIidxYB4XFoLut,bad
http://facebook-verify.top/account-verify?session=bbqQ07e6Q1wG2Me1,bad
https://twitter.com/guidelines?source=de23zcw4,good
https://app.twitter.com/answers,good
https://instagram.com/privacy,good
https://paypal-support.net/verify.php?key=FX0Av0SpWOCl3L2L,bad
https://sbi.co.in/tutorials,good
https://slack.com/support,good
https://microsoft-verify.top/security-update?key=tSxun0o49xOQBaWI,bad
http://google-verify.online/support.php?code=MVtdPx0HL95BEZAW,bad
https://apple-account.cam/signin.php,bad
https://capitalone.com/history,good
https://sbi.co.in/account,good
https://stackoverflow.com/tutorials,good
https://imdb.com/favorites,good
https://drupal.org/dashboard?source=is2xqqjw,good
https://dropbox.com/updates,good
http://google-security.cam/billing.php?code=JosH01pQVjOWyaA2,bad
http://apple-support.com/support.php,bad
https://facebook-support.cam/security-update,bad
http://google-verify.top/message.php,bad
https://apple-update.online/message.php,bad
http://apple-support.icu/identity-check?key=KPSM3HnMJjw742Xz,bad
https://flipkart.com/tutorials,good
https://api.educational.edu/news?page=hdwkns95,good
https://booking.com/about?page=unsdnvzx,good
https://salesforce.com/developers,good
http://microsoft-security.org/redirect.php?ref=v4qZjkEe6PGhWtrb,bad
https://drupal.org/account,good
https://paypal-support.icu/update.exe,bad
https://ebay.com/orders?id=x49mg0lr,good
https://citibank.com/item,good
https://makemytrip.com/privacy,good
http://apple-support.icu/payment.php?ref=qArLJGth1dijrW4T,bad
http://microsoft-update.icu/verify.php?key=3C9oAwQjZt6RITyu,bad
https://wikipedia.org/announcements,good
https://uber.com/announcements,good
https://bankofamerica.com/announcements,good
http://google-account.cam/identity-check,bad
https://oracle.com/profile,good
https://blog.microsoft.com/history,good
https://shop.makemytrip.com/tutorials?page=vmhqv4t3,good
https://udemy.com/orders?id=l2csg37s,good
http://google-login.net/support.php,bad
https://paypal-support.top/help.php,bad
http://amazon-account.icu/visit.php?ref=jvM3PlbKJ0P9fG9q,bad
https://bankofamerica.com/checkout,good
https://www.adobe.com/about,good
http://amazon-verify.org/url.php,bad
http://amazon-update.xyz/survey.php?code=SWstVEKBOsGpFohx,bad
http://google-verify.com/download.php,bad
http://facebook-account.xyz/survey.php,bad
https://shop.github.com/docs,good
http://paypal-security.online/survey.php,bad
http://apple-security.net/update.exe?code=zbjASJJQXivMcqLx,bad
http://facebook-security.net/payment.php?code=M3ROeSfRtIOqjHjl,bad
http://microsoft-update.net/identity-check?token=RDAarBX1Htr0JTNJ,bad
https://citibank.com/api?id=wifsli16,good
https://goibibo.com/security,good
https://google-login.org/visit.php?token=Utq2h6ZwrRlpUyKf,bad
https://paypal.com/services,good
http://paypal-security.online/billing.php?token=4WIpRzwUSt3x3ZCx,bad
https://nykaa.com/products?page=x809s7zc,good
http://amazon-support.org/invoice.php,bad
https://blog.linkedin.com/products?source=pps7097x,good
http://apple-login.icu/contact.php,bad
http://apple-login.icu/secure-login?session=3ETL8pBuXgFm3QMA,bad
https://paypal-account.xyz/receipt.php?token=9iek8bZ8iQHJFcUQ,bad
https://educational.edu/legal,good
https://blog.chase.com/forum,good
https://joomla.org/wishlist,good
http://google-security.org/invoice.php?code=5injvZQRPQmexZfH,bad
https://imdb.com/login,good
http://google-security.net/offer.php?session=CvtqxIm9TwXOaPat,bad
https://facebook-account.online/chat.php?token=4XwInLejIxecxZQ0,bad
https://shop.zoom.us/wishlist,good
https://paypal-support.net/secure-login,bad
https://mail.wellsfargo.com/terms,good
https://facebook-update.top/link.php?session=aEV9cF3V6BNGyERj,bad
https://apple-security.org/download.php?key=yXMpvwaYNCYjF62x,bad
https://paypal-verify.top/security-update?ref=LCpikkJSlFoTS1NN,bad
https://ebay.com/tutorials,good
https://microsoft-support.online/invoice.php?token=uSFGXkqmWGimnEuE,bad
https://api.wordpress.org/answers,good
https://paypal-login.top/help.php,bad
https://linkedin.com/tools,good
http://amazon-login.xyz/invoice.php,bad
https://citibank.com/resources,good
https://amazon-verify.xyz/contact.php,bad
https://swiggy.com/checkout,good
https://expedia.com/legal,good
https://paypal-login.top/discount.php,bad
https://microsoft-account.com/patch.exe,bad
http://apple-security.org/support.php?ref=f58zvtPfamhGyo9l,bad
https://facebook-security.cam/identity-check,bad
https://blog.udemy.com/updates,good
https://api.edx.org/api?ref=feupxkc7,good
http://amazon-login.icu/receipt.php?code=H4tt5QcGkTlQKjm4,bad
http://amazon-verify.net/setup.exe,bad
https://amazon-verify.top/help.php,bad
https://reuters.com/developers?ref=4m5w10f8,good
https://mail.amazon.com/checkout,good
https://www.uber.com/billing,good
https://expedia.com/orders,good
https://twitter.com/press?page=5qb84fsp,good
https://slack.com/dashboard,good
https://microsoft-support.cam/install.php,bad
http://amazon-login.org/promotion.php?session=3zkbWcoExVYvjbHA,bad
https://paypal-verify.org/promotion.php?code=WiMy2m6016AHjxBO,bad
https://adobe.com/orders,good
https://reddit.com/search?ref=oxy2lbzt,good
https://reuters.com/products?utm_source=46mufqs9,good
https://apple.com/api,good
https://news.cnn.com/resources,good
https://paypal.com/press,good
https://facebook-update.net/message.php,bad
http://facebook-support.cam/survey.php,bad
https://app.axisbank.com/contact,good
http://paypal-login.org/prize-claim,bad
https://capitalone.com/cart,good
https://amazon-verify.top/account-verify?session=GzbibXw3ej7LrnpD,bad
http://apple-verify.top/update.exe?ref=LzpVrZlm4SgB4xCo,bad
http://amazon-account.icu/setup.exe,bad
http://apple-verify.icu/chat.php?ref=5YcrPeqJf9RQ37RX,bad
http://amazon-update.online/patch.exe,bad
https://paypal-security.com/invoice.php,bad
https://google.com/community,good
http://amazon-account.com/deal.php?code=uszX6NdGJskAgLvw,bad
https://rapido.com/settings,good
http://amazon-account.com/congratulations?ref=u3DpMFo5LQu7GqPc,bad
https://shopify.com/news?id=gen0xpsg,good
http://microsoft-security.com/signin.php,bad
https://nykaa.com/dashboard?ref=30x348al,good
https://apple-update.org/account-verify,bad
https://google-security.icu/message.php?session=oLGZ2xXDOlTw7RNz,bad
https://kotak.com/search,good
http://apple-update.org/secure-login?session=TCSbZuCsQEE4PuJ2,bad
http://facebook-update.cam/transaction.php?code=mjoH9lBr10xv0cQF,bad
https://educational.edu/answers?id=yo0y7p1w,good
https://apple-verify.xyz/message.php,bad
https://www.stackoverflow.com/search,good
http://facebook-update.top/visit.php,bad
http://facebook-verify.xyz/offer.php,bad
https://facebook-account.xyz/contact.php?code=6hkoiTOZav0HBIB5,bad
https://microsoft-verify.net/link.php,bad
https://apple.com/contact,good
http://paypal-verify.net/discount.php,bad
https://salesforce.com/media,good
https://facebook-support.cam/security-update,bad
http://microsoft-login.icu/visit.php,bad
https://paypal-security.cam/support.php,bad
http://amazon-security.org/setup.exe?session=xDPLaCz445R91NNT,bad
http://google-security.icu/signin.php,bad
http://paypal-security.xyz/receipt.php,bad
https://airbnb.com/search?source=q8syimtk,good
https://nykaa.com/settings,good
https://educational.edu/tutorials?id=uir15yvy,good
http://amazon-security.com/chat.php,bad
https://shop.rapido.com/products,good
http://paypal-support.com/help.php,bad
https://ola.com/community,good
http://microsoft-security.online/payment.php,bad
https://google-support.online/promotion.php,bad
http://facebook-update.top/redirect.php,bad
https://slack.com/answers?ref=72grc1uu,good
https://mail.reddit.com/guidelines?ref=w1xyk5ty,good
https://khanacademy.org/answers?utm_source=o7o2yvfy,good
https://apple-support.icu/contact.php,bad
http://google-verify.org/login.php,bad
https://microsoft-account.cam/transaction.php,bad
http://facebook-update.xyz/chat.php?key=hyGT0ysOUTdMgB6C,bad
https://paypal-account.net/payment.php,bad
https://apple-support.online/lottery-winner,bad
https://wordpress.org/home,good
http://amazon-verify.top/link.php,bad
https://airbnb.com/login,good
http://paypal-login.xyz/payment.php,bad
https://spotify.com/search,good
http://amazon-verify.icu/update.php,bad
https://adobe.com/profile,good
http://amazon-support.online/discount.php?key=WrBlfeKk096Ztr6f,bad
https://app.sbi.co.in/favorites,good
https://api.rapido.com/legal,good
https://apple-security.icu/install.php,bad
https://google-verify.xyz/patch.exe,bad
http://facebook-support.org/update.exe?session=6Rj83e6Zu7yqzRML,bad
https://facebook-security.cam/congratulations,bad
https://www.stackoverflow.com/cart,good
https://bankofamerica.com/updates?id=v343dbr8,good
https://bbc.co.uk/billing?ref=wsqo89ky,good
https://oracle.com/help,good
http://microsoft-security.top/auth.php,bad
http://facebook-security.icu/payment.php,bad
https://rapido.com/browse,good
https://salesforce.com/developers,good
https://www.github.com/help?source=dp3vt5n4,good
https://rapido.com/billing?utm_source=zzar0b5s,good
http://google-account.icu/visit.php,bad
https://www.github.com/news,good
http://google-security.cam/account-verify,bad
https://medium.com/item,good
http://paypal-login.icu/visit.php,bad
https://google-verify.online/receipt.php?code=C0hdWbteEEEkrUbQ,bad
https://paypal-login.com/verify.php?session=g8EEtfKUFG4Ttmus,bad
http://amazon-verify.icu/discount.php?code=OKAM6DrS9CHhqwMt,bad
https://blog.nykaa.com/docs,good
https://amazon.com/announcements,good
https://dropbox.com/updates,good
https://swiggy.com/about,good
http://paypal-login.icu/go.php,bad
https://makemytrip.com/settings?page=3i3ixsis,good
https://flipkart.com/account,good
http://microsoft-login.net/contact.php?key=77B89BDP7NEI0Lu3,bad
https://axisbank.com/support,good
http://amazon-verify.org/identity-check?key=FOaVvYtEMFadnIuj,bad
http://apple-login.online/url.php,bad
https://uber.com/contact,good
http://google-security.top/security-update,bad
http://facebook-support.icu/auth.php,bad
https://bbc.co.uk/account?source=zjwzcruy,good
https://washingtonpost.com/community,good
https://nytimes.com/home,good
http://apple-support.xyz/chat.php?key=tMNtcTQwoZuodQFJ,bad
http://paypal-verify.org/offer.php?token=d6EibXh6gEPDlLNW,bad
https://spotify.com/help?source=wo43cxxm,good
https://ajio.com/cart,good
https://amazon.com/category,good
https://apple.com/community,good
http://app1e.com/go.php,bad
http://google-account.com/link.php,bad
https://mail.icicibank.com/settings,good
http://paypal-account.xyz/chat.php,bad
https://paypal-support.online/go.php,bad
http://facebook-login.cam/payment.php,bad
http://amazon.online/discount.php?ref=RjiqJxqOAzK6sucM,bad
https://flipkart.com/announcements,good
http://facebook-account.online/go.php,bad
https://google.com/cart?ref=tahyy42k,good
https://blog.amazon.com/legal,good
https://shopify.com/products?ref=i6ts9r6f,good
https://dropbox.com/docs,good
https://google-login.org/link.php,bad
https://paypal-verify.com/congratulations,bad
https://washingtonpost.com/help?utm_source=01n9zssa,good
http://microsoft-update.org/download.php,bad
https://microsoft-login.cam/survey.php,bad
https://reuters.com/account,good
https://paypal.com/privacy,good
https://oracle.com/press,good
https://ajio.com/billing,good
http://paypal-support.top/receipt.php?code=LyU347WfX2cYyPF7,bad
https://hdfcbank.com/news,good
https://flipkart.com/terms,good
https://zoom.us/account,good
http://microsoft-update.org/identity-check,bad
https://www.axisbank.com/account?ref=shsz7k6l,good
https://amazon.in/home?id=qlbzu37s,good
http://amazon-security.icu/chat.php,bad
http://apple-account.top/identity-check,bad
http://apple-update.org/account-verify,bad
http://amazon-security.online/promotion.php,bad
https://myntra.com/community,good
http://facebook-verify.org/download.php?session=9a879AYhLxoxpLAs,bad
https://microsoft-update.icu/promotion.php?code=WR7bplW71RevlPYY,bad
https://kotak.com/category,good
http://microsoft-support.xyz/login.php,bad
https://salesforce.com/terms?id=bv04g1t4,good
https://linkedin.com/privacy,good
http://amazon-update.cam/account-verify?ref=iC6ZSjUVDb73kBfY,bad
https://oracle.com/home,good
http://paypal-login.online/account-verify,bad
https://microsoft-update.online/secure-login?code=yVwL5lftKwCJz7Ix,bad
https://google.com/checkout,good
https://youtube.com/docs?id=42re3gq3,good
https://hdfcbank.com/category?source=gdey5wpp,good
http://amazon-support.online/download.php?key=FQsxCxskhsIX9Y6r,bad
http://amazon-support.xyz/deal.php?code=NVi9qTGhrWsAvfRH,bad
http://facebook-update.cam/redirect.php,bad
https://www.zoom.us/blog,good
https://drupal.org/home?page=2cgiv0wn,good
https://instagram.com/announcements,good
https://hdfcbank.com/media?utm_source=j46y0r7b,good
https://oracle.com/support,good
https://slack.com/support?id=2utc9na3,good
https://airbnb.com/support,good
https://shop.slack.com/privacy,good
https://wellsfargo.com/security?id=mwckryu2,good
https://shop.myntra.com/settings,good
http://amazon-account.net/contact.php,bad
https://facebook-support.online/update.exe,bad
http://google-login.top/invoice.php,bad
http://amazon-login.online/offer.php?code=nyNssdblx83pq6av,bad
http://amazon-support.xyz/chat.php,bad
https://bbc.co.uk/privacy,good
http://microsoft-verify.top/go.php,bad
http://amazon-account.net/download.php?token=L23EJ0kObAfx29Ln,bad
https://news.cnn.com/profile,good
https://amazon-security.xyz/transaction.php,bad
http://apple-update.xyz/signin.php?token=iHVXLknA4597xhQ0,bad
http://apple-verify.online/signin.php,bad
https://shop.wellsfargo.com/blog,good
https://app.stackoverflow.com/press,good
https://flipkart.com/docs,good
https://facebook-update.net/transaction.php?session=qV6xoGKhNBYIVc6r,bad
http://apple-support.top/survey.php,bad
https://rapido.com/security,good
http://facebook-account.net/setup.exe,bad
https://stackoverflow.com/favorites?utm_source=wycyo18x,good
http://google-login.org/deal.php,bad
https://amazon-support.online/receipt.php,bad
https://bbc.co.uk/tools,good
https://icicibank.com/search,good
https://slack.com/products,good
https://api.wikipedia.org/answers,good
http://amazon-update.com/discount.php,bad
https://app.udemy.com/help,good
https://wordpress.org/products,good
https://wellsfargo.com/wishlist,good
https://instagram.com/tutorials,good
https://medium.com/media,good
http://apple-login.top/link.php,bad
https://educational.edu/item?ref=wu6b9xtv,good
http://google-login.icu/install.php?token=j3qDEhdfU3LiFoI0,bad
https://amazon-login.net/account-verify?code=xsyw5EAKy5T7H81d,bad
https://facebook.com/community?source=1ouxi4h1,good
https://facebook-login.net/billing.php,bad
https://drupal.org/item,good
https://shop.expedia.com/privacy,good
http://microsoft-login.top/lottery-winner,bad
https://api.shopify.com/announcements,good
https://paypal.com/guidelines,good
http://facebook-verify.xyz/auth.php?key=WS4bDxodPppn3Qta,bad
https://mail.bankofamerica.com/questions,good
https://bbc.co.uk/community,good
http://amazon-update.org/identity-check,bad
http://facebook-update.top/link.php,bad
https://mail.wordpress.org/community,good
https://axisbank.com/blog,good
http://google-update.net/install.php?key=ukvjCiwVIrQA9rIa,bad
https://reuters.com/dashboard,good
http://apple-update.net/visit.php,bad
http://microsoft-update.top/survey.php,bad
https://app.paypal.com/billing?utm_source=r8x7t4j6,good
http://facebook-login.net/redirect.php,bad
https://shop.bbc.co.uk/docs,good
http://facebook-support.cam/visit.php,bad
https://flipkart.com/products,good
http://facebook-update.cam/url.php,bad
http://apple-security.online/invoice.php?code=FQSEI2XzazB3FNEV,bad
http://facebook-update.cam/lottery-winner?token=NV32jhlLi5dvFZ0X,bad
